experiment_row_id,experiment_id,user_id,treatment_group,assigned_price,discount_pct,experiment_date,viewed_pricing_page,clicked_subscribe,subscribed,time_on_pricing_page_sec,pricing_page_scroll_depth_pct,hesitate_event_count,paywall_modal_shown,experiment_assignment_delay_sec
1,1,1,variant_high,14.99,15.0,2025-08-30,1,0,0,143.56,58.0,3,1,54
2,1,2,variant_mid,12.99,10.0,2025-05-21,1,1,0,120.83,57.1,2,0,89
3,1,3,control,9.99,0.0,2024-09-05,0,0,0,485.98,0.0,3,1,30
4,1,4,variant_mid,12.99,10.0,2025-12-15,1,0,0,132.16,79.9,2,1,5
5,1,5,control,9.99,0.0,2025-12-24,0,0,0,148.8,47.8,2,1,78
6,1,6,control,9.99,0.0,2026-01-04,1,0,0,75.33,39.8,4,1,22
7,1,7,control,9.99,0.0,2025-02-23,1,1,1,355.37,47.7,1,1,53
8,1,8,variant_high,14.99,15.0,2025-06-02,0,0,0,323.56,0.0,2,1,78
9,1,9,control,9.99,0.0,2025-01-23,1,0,0,60.95,75.6,3,1,31
10,1,10,variant_mid,12.99,10.0,2024-11-15,1,1,0,36.0,92.7,3,1,33
11,1,11,variant_mid,12.99,10.0,2025-01-22,0,0,0,85.89,2.7,3,1,50
12,1,12,variant_high,14.99,15.0,2024-02-28,1,0,0,63.2,79.6,2,1,20
13,1,13,variant_high,14.99,15.0,2024-04-30,1,1,0,21.18,54.4,7,0,8
14,1,14,variant_high,14.99,15.0,2025-03-19,0,0,0,42.63,9.1,4,1,75
15,1,15,variant_mid,12.99,10.0,2024-11-20,0,0,0,51.01,0.0,0,1,60
16,1,16,variant_mid,12.99,10.0,2024-12-31,0,0,0,49.81,19.4,0,1,43
17,1,17,variant_high,14.99,15.0,2025-11-13,0,0,0,208.87,21.7,3,0,27
18,1,18,control,9.99,0.0,2025-05-11,0,0,0,82.16,0.0,3,1,24
19,1,19,control,9.99,0.0,2024-03-04,0,0,0,200.66,18.6,0,1,2
20,1,20,variant_high,14.99,15.0,2025-12-21,1,1,1,716.83,53.7,3,1,56
21,1,21,control,9.99,0.0,2025-10-03,0,0,0,166.12,21.0,3,1,57
22,1,22,variant_mid,12.99,10.0,2024-05-09,1,1,1,425.37,54.9,3,1,54
23,1,23,control,9.99,0.0,2025-09-21,0,0,0,268.75,43.1,1,1,55
24,1,24,control,9.99,0.0,2024-10-14,0,0,0,233.2,14.9,2,1,22
25,1,25,variant_high,14.99,15.0,2024-10-03,0,0,0,1470.83,9.7,4,0,39
26,1,26,control,9.99,0.0,2025-03-04,0,0,0,195.01,8.5,3,1,32
27,1,27,variant_mid,12.99,10.0,2025-10-26,0,0,0,160.26,0.0,2,1,42
28,1,28,control,9.99,0.0,2024-09-21,0,0,0,69.52,0.0,0,0,81
29,1,29,variant_mid,12.99,10.0,2025-03-14,0,0,0,146.63,10.9,2,1,59
30,1,30,variant_high,14.99,15.0,2024-05-27,0,0,0,27.07,27.2,3,0,74
31,1,31,variant_mid,12.99,10.0,2024-03-17,1,0,0,53.21,48.5,2,0,56
32,1,32,variant_mid,12.99,10.0,2025-03-30,1,0,0,242.58,74.6,4,0,34
33,1,33,variant_mid,12.99,10.0,2024-06-22,0,0,0,264.06,23.9,6,1,61
34,1,34,control,9.99,0.0,2024-02-17,0,0,0,125.19,0.1,5,0,23
35,1,35,variant_mid,12.99,10.0,2024-01-15,1,1,1,19.03,86.8,2,1,40
36,1,36,variant_high,14.99,15.0,2024-10-04,0,0,0,39.17,8.5,6,1,60
37,1,37,variant_high,14.99,15.0,2024-07-14,0,0,0,260.71,14.2,4,1,80
38,1,38,control,9.99,0.0,2025-12-23,0,0,0,81.66,5.6,1,0,67
39,1,39,variant_high,14.99,15.0,2024-12-16,1,1,1,353.98,78.5,2,1,11
40,1,40,variant_high,14.99,15.0,2024-12-17,1,0,0,46.45,70.8,7,1,20
41,1,41,variant_high,14.99,15.0,2024-05-02,1,1,1,31.27,36.6,3,1,70
42,1,42,variant_high,14.99,15.0,2024-03-25,1,0,0,22.53,46.7,3,1,52
43,1,43,variant_high,14.99,15.0,2024-08-14,1,1,0,314.52,77.2,4,0,14
44,1,44,control,9.99,0.0,2025-09-10,0,0,0,341.64,0.0,6,1,70
45,1,45,variant_mid,12.99,10.0,2025-04-02,0,0,0,22.98,21.4,7,1,17
46,1,46,variant_high,14.99,15.0,2024-05-12,0,0,0,70.57,0.0,3,1,39
47,1,47,variant_mid,12.99,10.0,2024-02-02,0,0,0,94.13,0.0,3,1,19
48,1,48,variant_high,14.99,15.0,2024-07-02,1,1,1,45.03,41.5,3,0,23
49,1,49,variant_mid,12.99,10.0,2024-07-29,1,0,0,287.28,53.4,2,1,49
50,1,50,control,9.99,0.0,2025-12-03,1,1,1,686.62,72.4,3,1,34
51,1,51,variant_high,14.99,15.0,2024-05-24,1,1,1,81.59,43.5,4,1,51
52,1,52,variant_mid,12.99,10.0,2025-07-30,1,1,1,394.97,58.4,4,1,48
53,1,53,variant_mid,12.99,10.0,2024-10-15,1,0,0,65.26,78.8,5,1,43
54,1,54,control,9.99,0.0,2024-08-23,0,0,0,175.47,0.0,3,1,16
55,1,55,variant_high,14.99,15.0,2024-06-08,0,0,0,330.01,0.0,2,1,4
56,1,56,control,9.99,0.0,2025-04-25,0,0,0,771.01,0.0,1,0,57
57,1,57,variant_high,14.99,15.0,2025-05-26,1,0,0,150.26,79.7,0,1,55
58,1,58,control,9.99,0.0,2025-01-03,0,0,0,148.24,0.0,1,0,28
59,1,59,variant_high,14.99,15.0,2025-12-04,1,1,1,267.12,67.6,4,1,21
60,1,60,variant_mid,12.99,10.0,2025-10-16,0,0,0,298.84,0.0,1,1,18
61,1,61,variant_high,14.99,15.0,2025-08-13,0,0,0,33.26,5.2,6,1,45
62,1,62,variant_mid,12.99,10.0,2025-02-20,0,0,0,271.78,0.0,3,1,65
63,1,63,control,9.99,0.0,2025-01-21,0,0,0,112.03,14.0,1,1,29
64,1,64,control,9.99,0.0,2025-05-05,0,0,0,189.83,17.8,0,1,85
65,1,65,variant_high,14.99,15.0,2025-03-11,0,0,0,15.12,0.0,1,1,14
66,1,66,variant_mid,12.99,10.0,2024-04-18,0,0,0,55.76,35.2,2,1,76
67,1,67,variant_mid,12.99,10.0,2025-05-08,1,1,1,285.6,60.2,6,0,31
68,1,68,control,9.99,0.0,2024-07-11,1,1,0,46.43,90.9,6,1,53
69,1,69,variant_high,14.99,15.0,2025-06-28,1,0,0,1083.06,43.7,3,1,62
70,1,70,variant_mid,12.99,10.0,2024-02-01,1,1,0,71.69,69.2,3,1,69
71,1,71,variant_high,14.99,15.0,2024-02-26,0,0,0,46.31,22.0,1,1,64
72,1,72,variant_mid,12.99,10.0,2025-03-20,0,0,0,110.92,0.0,2,1,76
73,1,73,variant_mid,12.99,10.0,2025-08-10,1,0,0,184.02,89.6,4,0,55
74,1,74,variant_mid,12.99,10.0,2025-02-15,0,0,0,270.31,0.0,1,0,44
75,1,75,control,9.99,0.0,2024-05-21,0,0,0,97.72,0.0,2,1,22
76,1,76,variant_high,14.99,15.0,2024-08-31,1,1,0,52.2,28.8,3,1,81
77,1,77,variant_mid,12.99,10.0,2024-12-02,0,0,0,731.15,33.6,5,0,9
78,1,78,variant_mid,12.99,10.0,2024-07-08,1,1,1,41.95,77.5,4,1,38
79,1,79,variant_mid,12.99,10.0,2025-12-18,1,0,0,350.11,71.9,3,1,14
80,1,80,variant_mid,12.99,10.0,2024-11-28,1,1,1,41.16,77.4,3,1,45
81,1,81,variant_high,14.99,15.0,2025-10-31,1,0,0,77.13,59.1,2,1,15
82,1,82,variant_high,14.99,15.0,2024-04-04,0,0,0,36.77,2.5,0,1,69
83,1,83,variant_high,14.99,15.0,2024-12-24,1,1,0,24.12,69.3,5,1,39
84,1,84,control,9.99,0.0,2025-09-17,0,0,0,112.48,18.0,2,1,19
85,1,85,variant_high,14.99,15.0,2024-08-07,1,1,1,92.57,89.4,5,1,46
86,1,86,variant_high,14.99,15.0,2025-09-15,1,0,0,404.65,63.0,0,0,5
87,1,87,variant_high,14.99,15.0,2025-07-18,0,0,0,110.05,17.8,3,0,7
88,1,88,control,9.99,0.0,2025-03-14,1,0,0,500.0,61.8,2,1,18
89,1,89,variant_mid,12.99,10.0,2024-02-09,0,0,0,235.71,0.0,2,1,45
90,1,90,variant_high,14.99,15.0,2025-11-06,0,0,0,298.19,8.7,4,1,23
91,1,91,variant_high,14.99,15.0,2024-12-25,0,0,0,556.0,0.0,5,1,33
92,1,92,control,9.99,0.0,2025-04-05,1,1,1,44.95,71.4,2,1,77
93,1,93,variant_high,14.99,15.0,2025-05-30,1,1,1,18.2,72.7,1,1,9
94,1,94,variant_high,14.99,15.0,2024-12-27,0,0,0,99.73,14.0,2,1,4
95,1,95,variant_high,14.99,15.0,2024-04-27,0,0,0,15.74,0.0,4,1,14
96,1,96,variant_mid,12.99,10.0,2025-03-22,0,0,0,94.23,0.0,1,0,81
97,1,97,variant_mid,12.99,10.0,2025-03-26,1,1,1,23.97,50.7,1,0,88
98,1,98,variant_high,14.99,15.0,2024-03-04,1,1,0,213.33,64.5,2,1,64
99,1,99,variant_mid,12.99,10.0,2024-05-29,1,0,0,337.47,53.3,2,1,72
100,1,100,variant_high,14.99,15.0,2024-06-11,0,0,0,536.74,4.0,2,1,1
101,1,101,control,9.99,0.0,2024-09-29,1,0,0,133.28,81.5,0,1,56
102,1,102,control,9.99,0.0,2025-02-25,1,1,0,1184.35,74.8,1,1,51
103,1,103,variant_high,14.99,15.0,2025-04-12,1,1,1,55.47,17.7,1,1,56
104,1,104,control,9.99,0.0,2024-03-23,1,0,0,117.64,81.7,2,1,68
105,1,105,control,9.99,0.0,2025-09-25,1,0,0,103.59,43.6,2,0,14
106,1,106,variant_high,14.99,15.0,2025-09-02,1,0,0,489.45,58.1,7,0,54
107,1,107,variant_high,14.99,15.0,2024-03-22,0,0,0,42.51,10.6,6,1,31
108,1,108,variant_high,14.99,15.0,2024-05-08,1,1,1,21.72,59.6,4,1,43
109,1,109,variant_mid,12.99,10.0,2025-09-05,0,0,0,45.43,15.7,6,0,58
110,1,110,variant_mid,12.99,10.0,2024-11-19,1,1,0,34.73,75.8,2,0,4
111,1,111,control,9.99,0.0,2024-12-08,0,0,0,189.66,0.0,2,1,1
112,1,112,control,9.99,0.0,2025-01-07,0,0,0,56.91,30.8,3,1,87
113,1,113,control,9.99,0.0,2026-01-07,0,0,0,107.09,1.5,3,1,60
114,1,114,variant_mid,12.99,10.0,2024-05-09,1,0,0,43.48,51.9,2,0,17
115,1,115,variant_mid,12.99,10.0,2025-12-04,1,0,0,20.02,71.3,3,0,73
116,1,116,control,9.99,0.0,2024-07-02,0,0,0,53.5,0.0,4,0,9
117,1,117,variant_high,14.99,15.0,2025-10-20,1,0,0,1158.76,56.1,1,1,51
118,1,118,variant_high,14.99,15.0,2024-12-28,0,0,0,22.12,32.8,0,1,65
119,1,119,control,9.99,0.0,2025-07-17,1,1,1,121.05,57.1,2,1,36
120,1,120,variant_high,14.99,15.0,2024-03-22,1,1,0,148.51,71.4,3,1,36
121,1,121,variant_mid,12.99,10.0,2024-09-24,0,0,0,72.74,19.7,3,1,6
122,1,122,variant_mid,12.99,10.0,2024-05-21,0,0,0,74.19,21.3,4,1,77
123,1,123,variant_mid,12.99,10.0,2025-03-01,1,1,1,142.76,100.0,5,1,49
124,1,124,variant_high,14.99,15.0,2024-01-28,1,1,1,91.18,47.8,4,1,19
125,1,125,control,9.99,0.0,2024-10-07,1,1,1,44.3,69.3,0,1,29
126,1,126,variant_mid,12.99,10.0,2025-01-11,0,0,0,151.87,1.8,4,1,34
127,1,127,control,9.99,0.0,2024-12-31,1,1,1,98.01,83.9,1,1,42
128,1,128,control,9.99,0.0,2025-09-12,1,1,1,52.48,54.3,3,1,86
129,1,129,variant_mid,12.99,10.0,2025-04-01,1,0,0,148.65,84.6,2,0,58
130,1,130,control,9.99,0.0,2025-09-03,1,0,0,218.29,72.4,2,1,8
131,1,131,variant_high,14.99,15.0,2025-01-17,1,1,0,51.15,91.7,5,1,46
132,1,132,variant_mid,12.99,10.0,2024-09-27,0,0,0,11.37,14.7,1,0,29
133,1,133,control,9.99,0.0,2024-08-20,0,0,0,112.16,27.9,2,1,43
134,1,134,variant_high,14.99,15.0,2025-05-23,1,1,0,60.85,84.5,2,1,22
135,1,135,variant_mid,12.99,10.0,2025-11-07,0,0,0,222.67,9.0,5,0,27
136,1,136,variant_high,14.99,15.0,2026-01-03,0,0,0,32.74,0.0,3,1,43
137,1,137,control,9.99,0.0,2024-06-24,1,1,1,133.92,84.5,2,1,19
138,1,138,control,9.99,0.0,2024-11-08,1,1,1,149.85,61.2,2,1,58
139,1,139,variant_high,14.99,15.0,2025-04-08,0,0,0,73.05,5.3,5,1,16
140,1,140,variant_high,14.99,15.0,2025-11-11,1,0,0,262.63,37.2,4,1,87
141,1,141,variant_mid,12.99,10.0,2024-08-26,0,0,0,198.61,0.0,1,1,80
142,1,142,control,9.99,0.0,2025-08-04,0,0,0,1291.17,14.1,1,1,64
143,1,143,variant_high,14.99,15.0,2025-09-23,0,0,0,96.73,28.8,2,1,84
144,1,144,control,9.99,0.0,2024-05-11,0,0,0,72.61,0.0,0,0,55
145,1,145,variant_high,14.99,15.0,2024-08-24,0,0,0,75.38,2.4,3,1,20
146,1,146,control,9.99,0.0,2024-12-02,1,1,1,499.8,100.0,1,1,89
147,1,147,control,9.99,0.0,2025-09-15,0,0,0,69.53,15.8,4,0,68
148,1,148,control,9.99,0.0,2025-11-15,1,0,0,52.06,49.1,0,0,37
149,1,149,control,9.99,0.0,2024-05-09,0,0,0,18.98,22.6,2,0,66
150,1,150,variant_high,14.99,15.0,2024-05-07,0,0,0,515.73,0.0,1,1,81
151,1,151,variant_mid,12.99,10.0,2024-10-18,1,1,0,56.65,63.8,3,0,69
152,1,152,control,9.99,0.0,2024-03-01,0,0,0,259.81,8.7,4,1,10
153,1,153,control,9.99,0.0,2025-01-27,1,1,1,215.84,79.7,0,1,12
154,1,154,control,9.99,0.0,2024-08-02,1,0,0,25.02,73.4,3,1,32
155,1,155,variant_mid,12.99,10.0,2024-10-27,1,0,0,144.91,69.7,4,1,45
156,1,156,variant_mid,12.99,10.0,2024-01-15,0,0,0,147.41,6.2,0,1,76
157,1,157,control,9.99,0.0,2024-06-21,1,0,0,24.48,30.9,0,1,73
158,1,158,variant_high,14.99,15.0,2024-04-21,0,0,0,30.56,0.0,2,1,68
159,1,159,variant_mid,12.99,10.0,2024-06-13,1,1,0,29.62,76.1,4,1,83
160,1,160,variant_high,14.99,15.0,2024-11-08,1,0,0,34.33,46.7,8,1,43
161,1,161,variant_mid,12.99,10.0,2024-07-03,1,1,1,7.71,82.0,3,1,22
162,1,162,control,9.99,0.0,2025-07-22,0,0,0,133.53,0.0,2,1,55
163,1,163,control,9.99,0.0,2024-11-30,1,1,1,168.76,54.5,1,1,45
164,1,164,variant_high,14.99,15.0,2024-06-11,0,0,0,155.44,0.0,2,1,77
165,1,165,control,9.99,0.0,2025-04-07,0,0,0,273.61,0.0,0,1,52
166,1,166,variant_mid,12.99,10.0,2025-09-24,1,1,1,138.94,46.7,3,1,17
167,1,167,variant_mid,12.99,10.0,2025-01-09,0,0,0,73.78,8.4,1,0,28
168,1,168,variant_mid,12.99,10.0,2025-12-29,1,1,0,5.95,50.9,2,1,65
169,1,169,variant_mid,12.99,10.0,2024-10-07,0,0,0,1138.27,0.0,3,0,2
170,1,170,variant_high,14.99,15.0,2024-12-12,0,0,0,62.49,0.0,2,1,51
171,1,171,control,9.99,0.0,2024-11-20,1,1,1,17.23,79.3,1,1,58
172,1,172,variant_high,14.99,15.0,2025-12-26,0,0,0,135.89,20.3,3,0,25
173,1,173,variant_high,14.99,15.0,2025-06-11,1,0,0,56.61,63.5,4,1,12
174,1,174,control,9.99,0.0,2025-02-27,1,0,0,199.25,99.6,2,1,58
175,1,175,control,9.99,0.0,2024-10-12,0,0,0,146.41,0.0,0,0,38
176,1,176,variant_high,14.99,15.0,2024-02-23,0,0,0,359.28,13.3,5,1,9
177,1,177,control,9.99,0.0,2025-11-03,0,0,0,62.06,5.8,5,1,0
178,1,178,variant_mid,12.99,10.0,2024-04-06,0,0,0,84.35,0.0,3,0,27
179,1,179,control,9.99,0.0,2025-06-18,0,0,0,51.83,16.3,3,0,68
180,1,180,variant_mid,12.99,10.0,2025-01-24,1,0,0,94.43,43.8,1,1,66
181,1,181,variant_high,14.99,15.0,2025-06-09,1,1,0,1154.07,65.2,2,0,74
182,1,182,variant_high,14.99,15.0,2025-11-08,1,1,1,140.82,66.6,4,1,89
183,1,183,variant_mid,12.99,10.0,2024-05-31,1,0,0,58.09,73.6,3,1,68
184,1,184,control,9.99,0.0,2024-03-30,0,0,0,23.92,0.0,0,1,51
185,1,185,variant_mid,12.99,10.0,2024-10-08,0,0,0,35.29,9.7,2,1,3
186,1,186,variant_mid,12.99,10.0,2025-03-03,0,0,0,74.73,56.6,2,1,70
187,1,187,variant_mid,12.99,10.0,2024-03-07,0,0,0,40.49,10.6,1,1,34
188,1,188,variant_mid,12.99,10.0,2025-09-02,1,1,0,47.87,93.7,1,0,66
189,1,189,variant_high,14.99,15.0,2025-04-07,1,0,0,88.76,84.5,4,0,89
190,1,190,control,9.99,0.0,2025-12-20,0,0,0,34.79,11.4,0,0,66
191,1,191,control,9.99,0.0,2024-08-07,0,0,0,53.98,0.6,2,1,36
192,1,192,variant_high,14.99,15.0,2025-10-28,1,1,0,419.05,59.6,2,1,1
193,1,193,variant_mid,12.99,10.0,2024-10-12,1,0,0,153.91,37.2,5,0,1
194,1,194,control,9.99,0.0,2024-03-28,0,0,0,143.09,45.3,2,1,6
195,1,195,variant_high,14.99,15.0,2025-09-21,0,0,0,19.98,0.0,4,1,3
196,1,196,variant_mid,12.99,10.0,2024-02-28,1,0,0,144.86,66.8,3,1,85
197,1,197,variant_mid,12.99,10.0,2025-06-22,1,1,0,88.12,93.1,2,1,83
198,1,198,variant_high,14.99,15.0,2024-06-10,0,0,0,146.06,0.9,3,0,22
199,1,199,variant_mid,12.99,10.0,2025-05-12,1,1,0,50.83,51.3,6,1,62
200,1,200,variant_mid,12.99,10.0,2024-08-12,1,0,0,205.52,69.2,3,1,9
201,1,201,control,9.99,0.0,2024-02-28,0,0,0,556.45,21.6,4,1,24
202,1,202,variant_mid,12.99,10.0,2025-10-02,0,0,0,41.79,44.4,4,1,87
203,1,203,variant_mid,12.99,10.0,2024-09-14,0,0,0,181.93,18.3,1,1,23
204,1,204,variant_high,14.99,15.0,2025-04-26,0,0,0,41.29,15.2,7,1,14
205,1,205,variant_mid,12.99,10.0,2024-02-03,1,0,0,101.51,75.7,4,0,29
206,1,206,control,9.99,0.0,2025-11-27,0,0,0,17.47,20.0,1,1,62
207,1,207,variant_high,14.99,15.0,2025-04-07,1,1,1,53.73,76.6,1,1,84
208,1,208,control,9.99,0.0,2024-11-19,1,1,0,189.25,67.5,1,1,38
209,1,209,variant_high,14.99,15.0,2025-11-03,1,1,1,282.82,98.5,6,1,76
210,1,210,variant_high,14.99,15.0,2024-10-29,1,0,0,555.97,90.3,3,1,80
211,1,211,variant_mid,12.99,10.0,2024-09-15,0,0,0,66.96,16.0,3,1,11
212,1,212,variant_mid,12.99,10.0,2024-08-01,1,1,1,138.3,97.8,2,1,66
213,1,213,control,9.99,0.0,2025-05-06,1,0,0,26.8,65.8,2,1,79
214,1,214,variant_mid,12.99,10.0,2024-12-03,0,0,0,155.98,23.3,3,1,48
215,1,215,control,9.99,0.0,2025-02-26,1,0,0,99.21,37.1,2,1,1
216,1,216,variant_mid,12.99,10.0,2025-08-11,1,0,0,176.0,59.3,1,1,68
217,1,217,control,9.99,0.0,2025-04-29,1,0,0,14.53,63.2,2,1,58
218,1,218,variant_mid,12.99,10.0,2025-06-09,1,1,1,34.08,54.7,2,1,24
219,1,219,control,9.99,0.0,2025-03-24,0,0,0,58.02,0.0,2,1,2
220,1,220,control,9.99,0.0,2025-08-13,1,0,0,107.47,92.9,0,1,22
221,1,221,variant_mid,12.99,10.0,2025-06-26,0,0,0,120.69,0.0,0,1,2
222,1,222,variant_high,14.99,15.0,2025-09-14,0,0,0,8.82,29.2,4,1,16
223,1,223,control,9.99,0.0,2025-04-13,1,0,0,528.91,42.9,3,1,0
224,1,224,variant_mid,12.99,10.0,2024-01-11,1,1,0,22.04,45.4,2,1,3
225,1,225,variant_high,14.99,15.0,2025-11-10,1,1,0,70.48,32.8,2,1,89
226,1,226,variant_mid,12.99,10.0,2024-07-08,1,0,0,159.69,69.3,1,1,68
227,1,227,variant_mid,12.99,10.0,2025-06-26,1,1,1,98.58,66.5,4,0,77
228,1,228,control,9.99,0.0,2025-05-07,0,0,0,230.59,29.2,5,1,62
229,1,229,control,9.99,0.0,2025-04-29,1,0,0,725.28,83.7,3,0,51
230,1,230,control,9.99,0.0,2024-11-22,0,0,0,54.27,0.0,2,1,82
231,1,231,variant_high,14.99,15.0,2024-12-12,1,0,0,40.14,51.7,1,1,22
232,1,232,control,9.99,0.0,2024-03-30,1,0,0,267.32,39.8,3,1,35
233,1,233,control,9.99,0.0,2024-07-10,1,0,0,67.52,52.9,3,1,21
234,1,234,control,9.99,0.0,2024-03-03,1,0,0,98.67,68.9,2,1,31
235,1,235,variant_high,14.99,15.0,2025-10-26,0,0,0,125.58,18.8,3,0,35
236,1,236,variant_mid,12.99,10.0,2025-12-05,1,0,0,57.53,51.8,4,1,73
237,1,237,variant_high,14.99,15.0,2024-04-05,1,0,0,39.73,57.7,2,1,4
238,1,238,variant_mid,12.99,10.0,2025-09-21,0,0,0,83.63,0.0,1,0,38
239,1,239,variant_high,14.99,15.0,2025-05-19,0,0,0,61.54,9.1,4,1,38
240,1,240,variant_high,14.99,15.0,2024-08-27,1,1,1,69.49,81.9,4,1,9
241,1,241,variant_mid,12.99,10.0,2024-05-07,1,0,0,297.21,69.8,4,0,52
242,1,242,variant_high,14.99,15.0,2025-04-24,1,0,0,62.19,52.5,4,1,60
243,1,243,variant_high,14.99,15.0,2024-01-24,0,0,0,22.57,20.7,3,1,31
244,1,244,control,9.99,0.0,2024-04-29,0,0,0,79.33,0.0,0,0,79
245,1,245,variant_mid,12.99,10.0,2024-03-21,0,0,0,44.18,16.3,1,1,72
246,1,246,variant_mid,12.99,10.0,2024-04-24,0,0,0,266.14,7.3,6,1,26
247,1,247,variant_high,14.99,15.0,2024-01-07,0,0,0,447.84,8.1,2,1,89
248,1,248,variant_high,14.99,15.0,2024-09-18,1,1,1,79.95,45.1,0,1,48
249,1,249,variant_high,14.99,15.0,2025-08-12,1,1,1,76.09,71.1,5,1,24
250,1,250,control,9.99,0.0,2024-08-06,1,0,0,124.75,29.2,3,1,69
251,1,251,variant_high,14.99,15.0,2024-07-14,1,0,0,121.53,37.7,4,1,18
252,1,252,control,9.99,0.0,2025-12-29,1,1,1,69.09,55.3,1,0,71
253,1,253,variant_mid,12.99,10.0,2025-01-05,0,0,0,102.69,20.0,2,1,15
254,1,254,control,9.99,0.0,2024-02-06,1,1,0,67.28,72.4,1,1,70
255,1,255,variant_high,14.99,15.0,2025-03-11,1,1,1,45.87,89.0,4,1,17
256,1,256,variant_high,14.99,15.0,2025-02-04,1,0,0,175.92,37.7,4,1,44
257,1,257,control,9.99,0.0,2024-11-07,0,0,0,91.15,42.2,1,1,79
258,1,258,variant_high,14.99,15.0,2025-09-16,1,1,1,113.67,55.7,5,0,8
259,1,259,variant_high,14.99,15.0,2025-05-31,1,0,0,43.99,64.1,1,0,74
260,1,260,control,9.99,0.0,2024-02-05,0,0,0,16.22,5.2,2,1,43
261,1,261,variant_mid,12.99,10.0,2024-10-03,1,1,1,54.66,86.2,1,0,54
262,1,262,control,9.99,0.0,2025-02-17,1,1,1,21.79,47.2,0,0,45
263,1,263,control,9.99,0.0,2025-05-12,0,0,0,43.65,18.2,2,1,32
264,1,264,variant_high,14.99,15.0,2024-10-14,1,0,0,193.4,59.6,3,1,51
265,1,265,control,9.99,0.0,2024-12-02,1,1,1,158.29,70.8,1,1,83
266,1,266,variant_mid,12.99,10.0,2024-06-07,0,0,0,307.52,37.0,4,1,78
267,1,267,control,9.99,0.0,2025-03-17,0,0,0,48.52,2.8,4,1,88
268,1,268,control,9.99,0.0,2024-06-26,1,0,0,133.35,72.4,2,1,67
269,1,269,variant_mid,12.99,10.0,2025-01-11,1,0,0,594.47,36.0,3,1,6
270,1,270,variant_mid,12.99,10.0,2025-08-22,1,0,0,118.42,65.7,2,1,14
271,1,271,variant_high,14.99,15.0,2025-11-15,1,0,0,159.66,67.1,4,0,6
272,1,272,control,9.99,0.0,2024-12-20,1,0,0,114.76,59.6,3,1,75
273,1,273,variant_mid,12.99,10.0,2024-06-13,0,0,0,37.64,0.0,2,1,48
274,1,274,variant_high,14.99,15.0,2024-02-12,1,0,0,142.65,57.0,4,1,13
275,1,275,variant_mid,12.99,10.0,2025-09-20,1,0,0,8.97,80.0,2,1,60
276,1,276,variant_high,14.99,15.0,2024-11-09,0,0,0,80.94,20.9,2,1,14
277,1,277,control,9.99,0.0,2024-05-30,0,0,0,166.14,0.0,2,0,35
278,1,278,variant_high,14.99,15.0,2025-09-08,0,0,0,80.76,23.0,2,1,14
279,1,279,variant_mid,12.99,10.0,2024-12-31,1,0,0,129.98,65.1,4,1,26
280,1,280,variant_high,14.99,15.0,2025-05-21,0,0,0,79.15,1.4,2,1,29
281,1,281,control,9.99,0.0,2024-02-16,0,0,0,258.55,4.1,0,1,59
282,1,282,control,9.99,0.0,2025-12-18,0,0,0,72.65,3.0,3,0,87
283,1,283,variant_mid,12.99,10.0,2024-08-20,0,0,0,5.03,14.5,3,1,85
284,1,284,variant_mid,12.99,10.0,2025-07-23,1,1,1,41.98,70.4,2,1,68
285,1,285,control,9.99,0.0,2024-08-11,0,0,0,92.56,0.0,2,1,74
286,1,286,control,9.99,0.0,2024-05-23,0,0,0,189.64,0.0,1,1,37
287,1,287,control,9.99,0.0,2024-10-28,1,0,0,14.87,62.0,0,1,88
288,1,288,control,9.99,0.0,2024-02-23,0,0,0,85.77,7.4,4,1,33
289,1,289,control,9.99,0.0,2025-01-15,0,0,0,50.27,4.3,0,1,84
290,1,290,variant_high,14.99,15.0,2024-12-20,1,1,1,68.34,55.0,2,1,81
291,1,291,variant_high,14.99,15.0,2024-02-28,1,1,0,59.6,82.9,4,1,9
292,1,292,variant_mid,12.99,10.0,2024-12-08,1,1,1,55.28,45.0,2,1,64
293,1,293,control,9.99,0.0,2025-03-07,0,0,0,160.37,0.0,2,1,29
294,1,294,control,9.99,0.0,2025-02-11,0,0,0,223.68,4.3,2,0,77
295,1,295,variant_high,14.99,15.0,2024-03-04,1,0,0,41.86,93.6,4,0,22
296,1,296,variant_high,14.99,15.0,2025-05-05,1,1,1,312.1,55.2,8,0,53
297,1,297,control,9.99,0.0,2024-09-12,1,0,0,35.89,69.5,3,1,55
298,1,298,control,9.99,0.0,2024-07-11,0,0,0,48.45,0.0,3,1,89
299,1,299,control,9.99,0.0,2025-10-02,0,0,0,17.05,9.4,2,1,61
300,1,300,variant_mid,12.99,10.0,2026-01-03,1,1,1,129.32,55.1,2,1,11
301,1,301,control,9.99,0.0,2024-04-04,1,0,0,50.8,44.1,2,0,15
302,1,302,variant_high,14.99,15.0,2024-12-30,0,0,0,222.48,6.5,5,1,31
303,1,303,control,9.99,0.0,2024-07-25,1,1,1,31.54,72.0,2,1,66
304,1,304,control,9.99,0.0,2025-06-09,0,0,0,215.63,0.0,3,1,6
305,1,305,variant_high,14.99,15.0,2025-03-31,1,1,0,12.07,60.2,3,1,42
306,1,306,variant_high,14.99,15.0,2024-11-02,0,0,0,90.18,0.0,4,1,68
307,1,307,control,9.99,0.0,2025-07-07,0,0,0,504.04,24.3,1,1,46
308,1,308,variant_high,14.99,15.0,2025-05-17,0,0,0,427.92,30.4,3,1,33
309,1,309,control,9.99,0.0,2025-11-26,0,0,0,376.78,0.0,1,0,78
310,1,310,control,9.99,0.0,2025-12-30,1,1,1,79.38,59.8,2,1,26
311,1,311,control,9.99,0.0,2024-11-12,0,0,0,52.41,15.4,0,0,22
312,1,312,control,9.99,0.0,2024-05-09,0,0,0,47.55,2.1,0,0,28
313,1,313,control,9.99,0.0,2025-11-15,1,0,0,124.7,67.6,4,1,4
314,1,314,variant_high,14.99,15.0,2024-11-27,1,0,0,1057.83,79.3,3,1,17
315,1,315,variant_high,14.99,15.0,2025-10-25,1,1,0,374.95,83.0,3,1,87
316,1,316,control,9.99,0.0,2025-05-29,0,0,0,84.84,25.7,2,1,10
317,1,317,control,9.99,0.0,2025-01-18,0,0,0,85.29,8.6,3,1,48
318,1,318,variant_mid,12.99,10.0,2025-09-28,1,1,1,26.88,33.0,4,1,46
319,1,319,variant_mid,12.99,10.0,2025-07-10,1,0,0,25.22,56.5,6,1,18
320,1,320,variant_high,14.99,15.0,2025-04-21,1,1,1,205.48,76.7,3,1,26
321,1,321,control,9.99,0.0,2025-01-26,0,0,0,74.77,42.1,2,1,24
322,1,322,variant_mid,12.99,10.0,2024-07-07,1,0,0,193.22,75.7,4,1,38
323,1,323,variant_mid,12.99,10.0,2024-06-17,0,0,0,113.8,29.4,3,1,8
324,1,324,variant_high,14.99,15.0,2025-05-01,0,0,0,74.02,23.9,5,1,66
325,1,325,control,9.99,0.0,2024-10-24,0,0,0,95.99,19.1,1,1,11
326,1,326,control,9.99,0.0,2025-04-07,1,1,1,370.01,71.5,1,1,42
327,1,327,control,9.99,0.0,2025-06-14,1,1,0,237.95,92.0,1,1,1
328,1,328,variant_mid,12.99,10.0,2024-02-18,1,1,1,151.98,58.1,1,1,11
329,1,329,variant_mid,12.99,10.0,2024-03-09,1,0,0,202.88,62.2,3,1,75
330,1,330,variant_mid,12.99,10.0,2025-03-25,0,0,0,393.39,25.4,3,1,39
331,1,331,control,9.99,0.0,2025-12-29,0,0,0,255.8,34.1,2,1,42
332,1,332,control,9.99,0.0,2025-02-02,1,0,0,1105.68,35.1,1,1,37
333,1,333,variant_mid,12.99,10.0,2025-05-22,0,0,0,9.82,26.5,2,1,33
334,1,334,control,9.99,0.0,2024-08-12,0,0,0,111.57,13.9,3,1,65
335,1,335,variant_high,14.99,15.0,2024-06-11,1,1,1,116.09,31.9,4,0,41
336,1,336,variant_high,14.99,15.0,2024-06-25,0,0,0,69.4,31.8,8,1,21
337,1,337,control,9.99,0.0,2025-11-17,0,0,0,46.15,29.0,1,1,1
338,1,338,variant_mid,12.99,10.0,2025-07-23,0,0,0,56.5,0.0,3,0,5
339,1,339,control,9.99,0.0,2024-09-27,1,0,0,128.28,51.9,1,1,0
340,1,340,variant_high,14.99,15.0,2024-02-26,0,0,0,323.21,10.9,3,1,43
341,1,341,variant_mid,12.99,10.0,2025-10-05,1,1,1,311.16,76.6,4,1,76
342,1,342,control,9.99,0.0,2024-07-29,1,0,0,63.7,85.5,4,1,6
343,1,343,variant_high,14.99,15.0,2024-07-04,0,0,0,84.37,34.5,4,0,20
344,1,344,control,9.99,0.0,2025-06-08,1,0,0,444.88,50.5,4,1,71
345,1,345,control,9.99,0.0,2024-04-08,0,0,0,50.0,4.4,1,1,32
346,1,346,control,9.99,0.0,2024-06-05,0,0,0,6.08,18.5,1,1,53
347,1,347,variant_mid,12.99,10.0,2025-01-09,1,1,1,7.4,42.3,3,1,37
348,1,348,control,9.99,0.0,2024-04-10,1,0,0,137.94,35.7,1,1,62
349,1,349,variant_high,14.99,15.0,2025-11-03,1,0,0,83.63,50.0,8,1,83
350,1,350,variant_mid,12.99,10.0,2026-01-07,1,0,0,505.25,56.8,3,1,41
351,1,351,variant_high,14.99,15.0,2025-09-05,0,0,0,19.31,0.0,6,1,61
352,1,352,control,9.99,0.0,2025-03-03,1,0,0,72.77,73.0,1,1,72
353,1,353,variant_high,14.99,15.0,2025-02-05,0,0,0,253.27,18.5,4,0,14
354,1,354,variant_mid,12.99,10.0,2024-07-16,1,1,1,307.71,42.6,6,1,75
355,1,355,variant_high,14.99,15.0,2024-04-29,0,0,0,229.63,27.7,1,1,81
356,1,356,variant_high,14.99,15.0,2024-05-01,1,0,0,189.05,77.0,1,1,38
357,1,357,variant_mid,12.99,10.0,2024-04-27,1,1,0,286.49,66.8,4,1,48
358,1,358,variant_mid,12.99,10.0,2024-01-21,1,0,0,73.05,74.5,3,1,59
359,1,359,variant_high,14.99,15.0,2025-07-16,1,0,0,325.94,37.3,3,1,49
360,1,360,control,9.99,0.0,2025-07-20,0,0,0,131.6,16.4,2,1,84
361,1,361,control,9.99,0.0,2025-06-28,0,0,0,59.98,15.4,0,1,73
362,1,362,variant_high,14.99,15.0,2024-09-24,0,0,0,116.64,0.0,2,1,77
363,1,363,variant_high,14.99,15.0,2024-04-02,0,0,0,121.34,16.6,2,1,72
364,1,364,variant_mid,12.99,10.0,2024-06-03,1,1,1,43.79,67.2,5,0,59
365,1,365,variant_high,14.99,15.0,2025-09-02,0,0,0,20.09,4.9,3,0,38
366,1,366,variant_high,14.99,15.0,2025-11-06,0,0,0,73.32,11.4,2,1,38
367,1,367,variant_mid,12.99,10.0,2024-02-24,0,0,0,12.12,46.0,2,1,4
368,1,368,control,9.99,0.0,2025-06-08,1,0,0,83.4,56.4,1,1,3
369,1,369,variant_mid,12.99,10.0,2025-10-21,0,0,0,136.86,24.1,3,1,24
370,1,370,variant_mid,12.99,10.0,2025-08-26,0,0,0,127.79,0.0,0,1,36
371,1,371,control,9.99,0.0,2024-07-13,0,0,0,410.83,0.0,1,1,62
372,1,372,variant_high,14.99,15.0,2025-05-12,0,0,0,49.05,26.8,5,1,55
373,1,373,variant_high,14.99,15.0,2025-08-27,0,0,0,35.54,14.4,6,1,19
374,1,374,variant_high,14.99,15.0,2025-11-20,1,0,0,356.88,64.7,5,1,47
375,1,375,variant_mid,12.99,10.0,2025-05-15,0,0,0,374.74,0.0,2,1,13
376,1,376,control,9.99,0.0,2024-09-23,0,0,0,141.39,0.0,1,1,71
377,1,377,variant_mid,12.99,10.0,2025-05-08,0,0,0,514.75,17.4,2,1,79
378,1,378,variant_high,14.99,15.0,2024-04-29,0,0,0,5.54,22.8,4,1,82
379,1,379,variant_mid,12.99,10.0,2024-03-18,1,0,0,41.15,65.0,3,1,88
380,1,380,control,9.99,0.0,2024-01-12,1,1,1,484.66,72.0,0,1,50
381,1,381,variant_high,14.99,15.0,2025-02-15,1,0,0,239.99,43.4,0,1,70
382,1,382,control,9.99,0.0,2024-02-02,0,0,0,425.62,0.0,0,0,0
383,1,383,variant_mid,12.99,10.0,2024-04-22,1,1,1,124.71,78.2,1,1,89
384,1,384,variant_mid,12.99,10.0,2025-09-25,0,0,0,95.45,0.0,4,0,8
385,1,385,variant_high,14.99,15.0,2024-11-13,0,0,0,213.96,0.0,4,1,24
386,1,386,control,9.99,0.0,2025-03-27,0,0,0,90.13,10.8,1,0,59
387,1,387,control,9.99,0.0,2024-11-21,0,0,0,34.71,5.2,3,1,49
388,1,388,variant_high,14.99,15.0,2024-02-16,1,0,0,50.6,35.0,4,0,50
389,1,389,variant_high,14.99,15.0,2025-03-17,1,1,0,59.7,51.4,3,1,56
390,1,390,control,9.99,0.0,2024-03-29,0,0,0,39.7,6.4,1,1,37
391,1,391,variant_high,14.99,15.0,2025-05-05,0,0,0,76.63,0.0,2,1,13
392,1,392,variant_high,14.99,15.0,2025-05-28,1,0,0,102.12,65.8,1,1,65
393,1,393,control,9.99,0.0,2025-06-11,1,0,0,82.89,64.4,2,1,21
394,1,394,variant_high,14.99,15.0,2024-10-23,0,0,0,314.21,0.0,2,0,38
395,1,395,control,9.99,0.0,2024-12-22,0,0,0,55.18,14.6,1,1,4
396,1,396,variant_high,14.99,15.0,2025-08-05,0,0,0,198.34,33.2,5,0,59
397,1,397,control,9.99,0.0,2024-11-27,0,0,0,276.45,18.9,0,0,14
398,1,398,variant_high,14.99,15.0,2025-11-19,1,0,0,39.48,51.9,6,1,21
399,1,399,variant_high,14.99,15.0,2025-05-01,0,0,0,152.31,0.0,5,1,88
400,1,400,control,9.99,0.0,2025-07-07,1,0,0,37.58,62.5,1,1,40
401,1,401,variant_high,14.99,15.0,2025-05-06,0,0,0,64.73,26.4,5,0,85
402,1,402,control,9.99,0.0,2024-05-30,1,0,0,395.2,69.2,0,1,5
403,1,403,control,9.99,0.0,2024-12-08,0,0,0,157.63,26.0,1,1,33
404,1,404,variant_high,14.99,15.0,2025-05-09,1,0,0,125.14,69.3,2,0,59
405,1,405,variant_high,14.99,15.0,2025-01-29,0,0,0,36.35,6.7,2,1,12
406,1,406,variant_high,14.99,15.0,2025-03-26,1,1,0,101.88,49.9,3,1,7
407,1,407,variant_high,14.99,15.0,2025-11-07,0,0,0,246.94,48.2,2,0,15
408,1,408,control,9.99,0.0,2025-09-25,0,0,0,127.39,1.9,2,1,45
409,1,409,variant_mid,12.99,10.0,2024-06-16,1,1,0,72.01,48.8,2,1,70
410,1,410,variant_high,14.99,15.0,2024-06-10,1,0,0,146.09,89.8,4,1,65
411,1,411,variant_high,14.99,15.0,2024-04-23,1,0,0,21.26,71.1,2,1,21
412,1,412,variant_mid,12.99,10.0,2025-06-15,1,1,1,155.12,45.5,4,1,17
413,1,413,control,9.99,0.0,2025-01-07,0,0,0,48.8,13.9,3,1,21
414,1,414,variant_high,14.99,15.0,2025-03-31,0,0,0,134.48,19.9,5,1,33
415,1,415,control,9.99,0.0,2025-09-29,0,0,0,132.72,41.1,3,0,74
416,1,416,variant_high,14.99,15.0,2024-12-22,0,0,0,41.75,15.7,1,1,78
417,1,417,control,9.99,0.0,2025-04-17,0,0,0,643.89,0.0,2,1,18
418,1,418,variant_mid,12.99,10.0,2024-08-17,0,0,0,204.17,0.0,1,1,13
419,1,419,control,9.99,0.0,2025-08-29,1,0,0,48.17,53.9,2,1,76
420,1,420,variant_high,14.99,15.0,2024-01-20,1,1,0,58.3,75.8,4,0,2
421,1,421,variant_high,14.99,15.0,2025-02-25,1,1,0,40.16,75.4,6,1,87
422,1,422,variant_mid,12.99,10.0,2025-08-23,1,1,1,194.71,47.7,2,0,75
423,1,423,variant_high,14.99,15.0,2025-06-09,1,1,0,137.34,55.2,4,1,52
424,1,424,variant_mid,12.99,10.0,2024-04-03,1,1,1,146.2,49.7,0,1,31
425,1,425,control,9.99,0.0,2025-09-19,0,0,0,532.37,0.0,3,1,4
426,1,426,variant_high,14.99,15.0,2024-10-16,1,0,0,35.66,52.2,0,1,26
427,1,427,control,9.99,0.0,2025-01-18,0,0,0,95.71,10.0,2,1,49
428,1,428,control,9.99,0.0,2025-01-01,0,0,0,246.1,10.1,4,1,3
429,1,429,variant_high,14.99,15.0,2024-09-26,0,0,0,21.79,7.8,1,0,57
430,1,430,control,9.99,0.0,2024-09-12,0,0,0,181.3,12.5,3,1,42
431,1,431,variant_high,14.99,15.0,2025-11-05,0,0,0,99.98,8.6,2,1,2
432,1,432,variant_mid,12.99,10.0,2025-05-11,0,0,0,98.94,5.5,0,1,49
433,1,433,control,9.99,0.0,2025-12-31,0,0,0,108.21,13.4,4,0,36
434,1,434,variant_mid,12.99,10.0,2024-09-04,0,0,0,25.21,0.0,0,1,22
435,1,435,control,9.99,0.0,2024-08-15,1,1,1,190.55,54.1,3,0,1
436,1,436,variant_high,14.99,15.0,2025-01-17,1,1,1,12.84,64.4,5,0,87
437,1,437,control,9.99,0.0,2025-03-31,0,0,0,77.69,0.0,3,0,7
438,1,438,variant_high,14.99,15.0,2024-03-26,0,0,0,43.71,19.5,1,1,14
439,1,439,control,9.99,0.0,2024-10-03,0,0,0,119.06,0.0,1,0,48
440,1,440,control,9.99,0.0,2024-11-30,1,0,0,232.95,42.4,0,1,75
441,1,441,variant_mid,12.99,10.0,2024-03-18,0,0,0,20.54,0.0,3,1,9
442,1,442,variant_mid,12.99,10.0,2025-03-03,1,0,0,164.71,66.7,1,1,2
443,1,443,variant_mid,12.99,10.0,2024-04-03,1,1,1,185.45,60.1,4,0,54
444,1,444,variant_mid,12.99,10.0,2025-10-07,1,1,1,28.23,40.4,4,1,39
445,1,445,control,9.99,0.0,2025-01-16,1,1,1,64.63,68.3,3,1,19
446,1,446,variant_mid,12.99,10.0,2024-05-24,0,0,0,50.8,14.0,1,1,9
447,1,447,variant_high,14.99,15.0,2025-01-30,0,0,0,243.91,0.0,3,1,41
448,1,448,control,9.99,0.0,2024-09-07,0,0,0,126.99,0.0,2,1,20
449,1,449,variant_mid,12.99,10.0,2024-11-26,0,0,0,40.19,0.0,1,1,12
450,1,450,control,9.99,0.0,2024-07-24,0,0,0,174.77,0.0,3,1,51
451,1,451,variant_high,14.99,15.0,2024-11-25,0,0,0,89.43,29.6,6,1,62
452,1,452,control,9.99,0.0,2024-04-21,0,0,0,338.59,0.0,1,1,58
453,1,453,control,9.99,0.0,2024-08-11,0,0,0,489.12,0.0,1,1,44
454,1,454,variant_mid,12.99,10.0,2024-10-23,1,1,1,43.08,63.7,2,1,67
455,1,455,variant_high,14.99,15.0,2025-08-08,1,0,0,132.73,64.6,4,1,5
456,1,456,control,9.99,0.0,2025-11-07,1,0,0,306.29,53.1,3,1,78
457,1,457,variant_high,14.99,15.0,2025-10-09,1,0,0,78.89,62.5,2,0,39
458,1,458,control,9.99,0.0,2024-09-30,1,0,0,263.88,58.2,5,0,46
459,1,459,variant_high,14.99,15.0,2024-09-27,0,0,0,12.26,25.6,0,1,11
460,1,460,variant_high,14.99,15.0,2024-07-25,0,0,0,98.0,0.0,2,1,30
461,1,461,variant_high,14.99,15.0,2025-01-22,0,0,0,93.21,8.0,5,1,12
462,1,462,variant_high,14.99,15.0,2025-12-08,1,0,0,416.84,74.0,4,0,61
463,1,463,variant_mid,12.99,10.0,2024-07-01,0,0,0,15.83,0.0,1,0,82
464,1,464,variant_high,14.99,15.0,2025-06-19,0,0,0,218.62,0.0,3,0,49
465,1,465,control,9.99,0.0,2024-07-14,0,0,0,275.34,35.2,3,1,66
466,1,466,variant_high,14.99,15.0,2024-10-07,0,0,0,893.34,42.7,3,1,88
467,1,467,variant_mid,12.99,10.0,2025-01-31,1,0,0,223.32,42.5,2,1,26
468,1,468,variant_high,14.99,15.0,2025-07-02,0,0,0,63.17,18.3,3,1,86
469,1,469,variant_mid,12.99,10.0,2025-09-05,0,0,0,154.08,37.1,5,1,39
470,1,470,variant_mid,12.99,10.0,2025-04-30,0,0,0,82.55,10.8,1,1,37
471,1,471,variant_mid,12.99,10.0,2025-03-21,0,0,0,387.22,0.0,1,1,2
472,1,472,variant_mid,12.99,10.0,2025-09-19,1,1,1,26.79,70.5,2,0,53
473,1,473,variant_mid,12.99,10.0,2025-04-15,0,0,0,76.36,9.1,2,1,80
474,1,474,variant_high,14.99,15.0,2024-04-03,1,1,0,55.61,78.0,6,1,4
475,1,475,control,9.99,0.0,2024-02-28,0,0,0,69.34,22.0,0,1,10
476,1,476,variant_high,14.99,15.0,2025-02-15,1,1,1,81.35,63.0,5,1,58
477,1,477,variant_high,14.99,15.0,2024-01-25,0,0,0,197.96,7.1,2,1,26
478,1,478,variant_high,14.99,15.0,2025-05-27,0,0,0,454.87,19.6,1,0,86
479,1,479,variant_high,14.99,15.0,2025-08-06,1,0,0,59.22,67.6,3,1,83
480,1,480,variant_mid,12.99,10.0,2026-01-14,0,0,0,31.02,28.9,3,0,71
481,1,481,variant_high,14.99,15.0,2024-02-04,0,0,0,46.78,0.0,7,1,44
482,1,482,variant_mid,12.99,10.0,2025-03-29,1,0,0,361.97,38.9,4,1,89
483,1,483,control,9.99,0.0,2025-11-30,1,1,0,105.32,88.6,1,1,63
484,1,484,control,9.99,0.0,2024-04-16,1,1,1,62.29,84.1,1,1,43
485,1,485,control,9.99,0.0,2025-07-22,1,0,0,42.86,88.7,2,1,62
486,1,486,control,9.99,0.0,2025-12-19,1,0,0,133.91,78.5,0,1,8
487,1,487,variant_mid,12.99,10.0,2024-02-27,0,0,0,80.57,0.0,2,1,54
488,1,488,variant_high,14.99,15.0,2024-12-13,1,1,1,12.37,62.8,2,1,45
489,1,489,control,9.99,0.0,2024-03-09,1,0,0,151.89,29.7,2,1,70
490,1,490,variant_high,14.99,15.0,2024-12-27,1,1,0,142.08,77.9,2,1,53
491,1,491,variant_high,14.99,15.0,2025-09-23,0,0,0,41.89,6.1,3,1,49
492,1,492,variant_high,14.99,15.0,2024-07-22,0,0,0,22.97,12.5,3,1,65
493,1,493,variant_high,14.99,15.0,2025-08-12,0,0,0,166.8,0.0,2,1,29
494,1,494,variant_high,14.99,15.0,2025-08-16,1,1,0,65.63,80.5,1,1,59
495,1,495,control,9.99,0.0,2024-01-30,1,1,1,48.69,78.5,1,1,63
496,1,496,variant_mid,12.99,10.0,2025-01-24,0,0,0,81.24,2.3,4,1,32
497,1,497,variant_mid,12.99,10.0,2024-07-11,0,0,0,23.74,25.7,6,1,56
498,1,498,control,9.99,0.0,2025-12-18,1,1,1,370.52,70.6,3,0,69
499,1,499,variant_mid,12.99,10.0,2025-06-07,1,0,0,79.27,78.4,1,1,54
500,1,500,variant_mid,12.99,10.0,2025-01-31,1,1,0,47.17,75.1,2,1,55
501,1,501,variant_high,14.99,15.0,2025-04-23,0,0,0,86.75,11.4,5,1,54
502,1,502,control,9.99,0.0,2024-05-12,1,1,1,46.0,83.9,1,1,79
503,1,503,variant_high,14.99,15.0,2025-01-03,0,0,0,39.08,0.0,5,0,71
504,1,504,control,9.99,0.0,2025-07-19,1,1,1,604.9,96.9,3,1,61
505,1,505,variant_mid,12.99,10.0,2025-11-29,1,0,0,59.91,58.9,3,1,58
506,1,506,control,9.99,0.0,2024-04-25,0,0,0,45.78,0.0,4,1,27
507,1,507,variant_high,14.99,15.0,2025-11-01,0,0,0,152.22,33.1,3,1,19
508,1,508,variant_mid,12.99,10.0,2024-08-06,0,0,0,53.86,0.0,4,1,59
509,1,509,control,9.99,0.0,2025-10-05,0,0,0,123.18,0.0,3,0,39
510,1,510,variant_high,14.99,15.0,2025-11-29,1,0,0,13.94,75.6,4,1,77
511,1,511,control,9.99,0.0,2025-08-07,0,0,0,83.42,0.0,5,1,62
512,1,512,variant_high,14.99,15.0,2025-12-27,1,0,0,199.92,32.1,2,1,15
513,1,513,control,9.99,0.0,2025-02-17,0,0,0,7.95,0.0,1,0,32
514,1,514,control,9.99,0.0,2025-07-30,0,0,0,65.89,0.5,3,0,9
515,1,515,control,9.99,0.0,2025-11-13,1,0,0,215.18,52.3,0,1,2
516,1,516,variant_high,14.99,15.0,2024-05-31,1,0,0,201.23,50.5,3,1,44
517,1,517,variant_high,14.99,15.0,2025-06-24,1,1,1,211.56,54.1,2,0,61
518,1,518,variant_mid,12.99,10.0,2025-07-08,1,0,0,61.17,89.0,3,1,82
519,1,519,control,9.99,0.0,2025-01-10,1,1,1,41.63,34.2,0,0,35
520,1,520,variant_mid,12.99,10.0,2025-03-26,0,0,0,92.96,0.0,2,1,37
521,1,521,variant_mid,12.99,10.0,2025-05-08,0,0,0,130.96,12.7,5,1,71
522,1,522,variant_mid,12.99,10.0,2024-12-03,1,0,0,28.39,74.7,5,1,7
523,1,523,variant_mid,12.99,10.0,2025-03-27,1,0,0,53.69,28.2,8,1,44
524,1,524,variant_mid,12.99,10.0,2024-12-10,0,0,0,65.44,0.0,3,0,9
525,1,525,variant_mid,12.99,10.0,2024-12-15,1,0,0,294.36,46.7,3,1,85
526,1,526,variant_mid,12.99,10.0,2024-12-07,1,0,0,409.1,37.9,2,1,76
527,1,527,control,9.99,0.0,2024-12-19,0,0,0,68.89,0.0,3,0,46
528,1,528,variant_high,14.99,15.0,2024-08-24,0,0,0,119.76,25.3,3,0,70
529,1,529,variant_high,14.99,15.0,2024-04-04,1,0,0,63.5,21.2,2,0,45
530,1,530,variant_high,14.99,15.0,2025-02-03,0,0,0,43.72,0.0,3,1,22
531,1,531,variant_high,14.99,15.0,2024-11-08,1,1,0,124.69,54.2,5,1,69
532,1,532,variant_mid,12.99,10.0,2024-02-08,0,0,0,387.17,9.0,2,1,78
533,1,533,variant_high,14.99,15.0,2025-02-10,0,0,0,28.18,0.0,3,1,47
534,1,534,variant_mid,12.99,10.0,2025-09-25,0,0,0,120.7,15.3,0,1,66
535,1,535,variant_mid,12.99,10.0,2024-07-18,1,1,1,241.68,68.6,2,1,45
536,1,536,variant_high,14.99,15.0,2025-11-03,0,0,0,517.66,11.3,1,1,83
537,1,537,variant_high,14.99,15.0,2025-01-31,0,0,0,676.12,0.0,2,0,88
538,1,538,variant_mid,12.99,10.0,2024-10-19,1,1,1,24.72,84.8,5,1,0
539,1,539,variant_high,14.99,15.0,2025-10-03,0,0,0,312.16,7.9,1,0,34
540,1,540,variant_mid,12.99,10.0,2025-12-05,1,0,0,191.56,47.1,2,1,80
541,1,541,variant_mid,12.99,10.0,2025-11-23,0,0,0,17.77,31.7,2,1,17
542,1,542,variant_high,14.99,15.0,2025-08-04,0,0,0,57.47,36.9,4,1,19
543,1,543,variant_mid,12.99,10.0,2025-04-09,1,1,0,517.69,62.9,3,0,47
544,1,544,variant_high,14.99,15.0,2025-09-21,1,0,0,33.49,75.5,0,1,65
545,1,545,variant_high,14.99,15.0,2025-09-22,0,0,0,45.26,7.1,6,1,19
546,1,546,control,9.99,0.0,2025-10-25,0,0,0,253.14,24.5,3,1,56
547,1,547,variant_high,14.99,15.0,2025-09-14,1,1,1,27.4,67.6,3,0,88
548,1,548,control,9.99,0.0,2024-09-12,0,0,0,145.22,1.0,2,1,77
549,1,549,variant_high,14.99,15.0,2025-12-12,1,1,1,231.47,17.8,4,1,87
550,1,550,variant_high,14.99,15.0,2025-09-04,0,0,0,450.35,29.2,3,0,10
551,1,551,variant_high,14.99,15.0,2025-10-05,0,0,0,174.99,0.0,4,1,82
552,1,552,variant_high,14.99,15.0,2024-04-25,0,0,0,461.52,33.0,1,1,7
553,1,553,variant_mid,12.99,10.0,2024-01-25,0,0,0,84.83,13.2,6,1,12
554,1,554,control,9.99,0.0,2025-12-22,0,0,0,26.36,26.6,1,1,2
555,1,555,variant_mid,12.99,10.0,2025-03-30,0,0,0,413.11,12.4,3,1,53
556,1,556,variant_high,14.99,15.0,2025-03-10,0,0,0,148.87,36.9,7,1,88
557,1,557,variant_mid,12.99,10.0,2025-06-10,1,0,0,154.55,93.0,4,1,85
558,1,558,control,9.99,0.0,2025-05-26,0,0,0,198.59,15.2,2,1,26
559,1,559,variant_mid,12.99,10.0,2024-02-08,0,0,0,145.46,0.0,1,1,42
560,1,560,variant_high,14.99,15.0,2024-08-22,0,0,0,157.53,0.0,1,1,27
561,1,561,variant_mid,12.99,10.0,2025-02-16,0,0,0,58.21,0.0,5,1,13
562,1,562,variant_high,14.99,15.0,2024-01-31,0,0,0,11.63,0.0,2,0,63
563,1,563,variant_mid,12.99,10.0,2025-10-16,1,1,1,38.3,52.7,3,1,57
564,1,564,variant_high,14.99,15.0,2024-05-04,0,0,0,36.3,0.0,1,1,4
565,1,565,variant_high,14.99,15.0,2024-11-26,0,0,0,180.51,11.8,6,1,18
566,1,566,variant_mid,12.99,10.0,2024-04-28,1,0,0,72.47,65.9,2,1,18
567,1,567,variant_mid,12.99,10.0,2024-03-05,0,0,0,54.61,5.6,2,1,5
568,1,568,variant_high,14.99,15.0,2024-12-01,1,1,1,38.7,55.1,2,0,7
569,1,569,variant_high,14.99,15.0,2025-07-27,0,0,0,212.92,0.0,5,1,29
570,1,570,variant_mid,12.99,10.0,2024-08-17,0,0,0,147.01,9.1,6,1,6
571,1,571,variant_high,14.99,15.0,2024-12-05,0,0,0,148.29,16.1,3,1,13
572,1,572,variant_high,14.99,15.0,2025-11-25,1,0,0,92.1,55.2,1,1,9
573,1,573,control,9.99,0.0,2024-10-15,0,0,0,31.13,31.1,1,1,18
574,1,574,variant_mid,12.99,10.0,2025-09-19,0,0,0,233.88,21.9,1,1,4
575,1,575,variant_high,14.99,15.0,2026-01-02,1,0,0,108.42,63.9,3,1,43
576,1,576,control,9.99,0.0,2025-02-12,0,0,0,75.99,10.4,1,1,81
577,1,577,variant_high,14.99,15.0,2025-04-11,0,0,0,83.9,16.7,6,1,51
578,1,578,control,9.99,0.0,2025-09-16,1,1,0,55.71,54.3,2,1,69
579,1,579,variant_mid,12.99,10.0,2025-05-27,1,0,0,125.14,44.6,2,1,80
580,1,580,variant_mid,12.99,10.0,2025-03-15,1,1,1,55.11,44.6,5,1,44
581,1,581,variant_high,14.99,15.0,2025-10-16,1,1,1,86.85,61.3,3,1,67
582,1,582,control,9.99,0.0,2025-11-19,1,1,1,260.83,59.5,2,1,63
583,1,583,variant_mid,12.99,10.0,2024-08-27,0,0,0,64.81,30.3,3,0,78
584,1,584,control,9.99,0.0,2025-07-12,0,0,0,241.85,0.9,3,1,52
585,1,585,control,9.99,0.0,2024-07-21,0,0,0,56.26,0.0,3,1,38
586,1,586,variant_high,14.99,15.0,2025-07-09,0,0,0,41.84,22.3,2,1,51
587,1,587,control,9.99,0.0,2024-03-17,0,0,0,148.05,18.5,2,1,84
588,1,588,control,9.99,0.0,2024-07-31,1,0,0,66.32,57.3,0,1,78
589,1,589,control,9.99,0.0,2025-08-21,0,0,0,231.69,4.5,2,1,19
590,1,590,variant_mid,12.99,10.0,2025-08-02,0,0,0,59.19,0.0,1,1,59
591,1,591,control,9.99,0.0,2024-12-10,0,0,0,75.25,4.3,2,0,42
592,1,592,variant_mid,12.99,10.0,2025-07-22,0,0,0,521.61,7.2,4,1,70
593,1,593,variant_high,14.99,15.0,2025-01-07,1,1,1,273.68,64.9,2,0,41
594,1,594,control,9.99,0.0,2024-03-07,1,1,1,59.64,42.5,3,0,59
595,1,595,control,9.99,0.0,2025-09-01,1,1,0,180.21,67.9,1,1,77
596,1,596,variant_mid,12.99,10.0,2024-03-02,1,0,0,158.99,74.1,5,1,30
597,1,597,variant_high,14.99,15.0,2025-08-15,0,0,0,115.23,16.0,8,1,36
598,1,598,control,9.99,0.0,2025-10-22,0,0,0,20.64,4.5,2,1,21
599,1,599,variant_high,14.99,15.0,2024-01-18,1,0,0,150.97,86.2,4,1,55
600,1,600,variant_high,14.99,15.0,2025-12-27,0,0,0,189.25,24.2,2,1,1
601,1,601,control,9.99,0.0,2025-04-04,0,0,0,78.18,0.0,0,0,8
602,1,602,control,9.99,0.0,2025-03-30,1,0,0,92.13,93.4,3,1,50
603,1,603,variant_high,14.99,15.0,2024-09-05,0,0,0,564.53,0.0,1,1,60
604,1,604,variant_high,14.99,15.0,2024-05-19,1,0,0,553.13,88.0,3,1,59
605,1,605,control,9.99,0.0,2024-01-25,1,1,1,175.52,63.8,2,0,9
606,1,606,variant_mid,12.99,10.0,2024-11-15,1,0,0,61.01,42.8,0,1,2
607,1,607,variant_high,14.99,15.0,2025-08-09,1,1,1,211.25,56.3,4,1,24
608,1,608,variant_mid,12.99,10.0,2024-01-23,0,0,0,9.72,36.0,0,1,70
609,1,609,variant_mid,12.99,10.0,2024-06-17,0,0,0,54.3,0.0,3,1,32
610,1,610,variant_mid,12.99,10.0,2025-09-07,1,1,1,9.71,55.4,3,1,25
611,1,611,variant_high,14.99,15.0,2024-12-03,0,0,0,81.23,0.8,7,1,26
612,1,612,variant_mid,12.99,10.0,2024-04-01,1,1,0,73.48,59.9,1,0,74
613,1,613,variant_mid,12.99,10.0,2026-01-02,0,0,0,160.49,29.3,4,0,25
614,1,614,variant_mid,12.99,10.0,2024-09-13,1,0,0,72.95,62.9,3,1,40
615,1,615,control,9.99,0.0,2024-05-20,0,0,0,62.78,0.7,1,1,69
616,1,616,variant_mid,12.99,10.0,2025-02-19,1,1,0,36.88,67.8,2,0,2
617,1,617,control,9.99,0.0,2024-03-10,1,1,1,114.4,50.2,2,1,83
618,1,618,variant_mid,12.99,10.0,2025-06-07,0,0,0,169.1,0.0,3,0,59
619,1,619,variant_mid,12.99,10.0,2025-04-20,0,0,0,135.32,25.4,4,1,49
620,1,620,variant_high,14.99,15.0,2025-10-27,1,1,1,77.1,79.7,3,1,85
621,1,621,variant_high,14.99,15.0,2024-08-18,0,0,0,337.95,0.0,4,1,76
622,1,622,variant_mid,12.99,10.0,2024-11-14,1,0,0,98.25,52.7,2,1,3
623,1,623,variant_mid,12.99,10.0,2025-05-17,0,0,0,271.15,0.0,2,1,13
624,1,624,control,9.99,0.0,2024-06-06,1,0,0,176.71,82.6,4,1,72
625,1,625,variant_mid,12.99,10.0,2024-09-26,0,0,0,10.4,40.2,0,1,26
626,1,626,control,9.99,0.0,2024-03-26,1,1,1,20.72,34.8,4,1,58
627,1,627,control,9.99,0.0,2025-06-03,0,0,0,82.65,0.0,3,1,18
628,1,628,variant_high,14.99,15.0,2025-04-30,1,1,0,106.7,87.6,4,1,80
629,1,629,variant_high,14.99,15.0,2024-03-12,1,1,1,111.45,69.6,3,1,24
630,1,630,variant_mid,12.99,10.0,2024-04-15,0,0,0,271.86,25.8,3,1,83
631,1,631,control,9.99,0.0,2024-11-06,1,1,1,30.92,62.3,1,1,32
632,1,632,control,9.99,0.0,2025-05-14,0,0,0,76.77,0.0,1,1,80
633,1,633,control,9.99,0.0,2025-07-31,0,0,0,61.38,3.0,1,1,69
634,1,634,variant_high,14.99,15.0,2024-12-02,0,0,0,61.82,0.0,3,1,44
635,1,635,variant_mid,12.99,10.0,2025-08-18,1,0,0,62.12,72.7,7,1,77
636,1,636,variant_high,14.99,15.0,2024-11-08,1,0,0,350.23,68.2,4,1,2
637,1,637,variant_mid,12.99,10.0,2025-03-22,0,0,0,27.52,15.6,6,1,72
638,1,638,variant_mid,12.99,10.0,2024-07-24,1,1,1,283.06,90.2,3,1,89
639,1,639,variant_high,14.99,15.0,2025-04-30,0,0,0,74.09,0.0,4,1,19
640,1,640,control,9.99,0.0,2025-10-27,1,1,1,193.31,63.6,0,0,17
641,1,641,variant_high,14.99,15.0,2024-08-08,0,0,0,29.64,0.0,5,1,53
642,1,642,variant_high,14.99,15.0,2025-06-21,1,1,0,280.56,47.4,3,0,44
643,1,643,control,9.99,0.0,2024-12-17,1,0,0,97.97,64.1,3,1,37
644,1,644,control,9.99,0.0,2025-01-18,0,0,0,188.8,23.8,2,1,36
645,1,645,variant_mid,12.99,10.0,2025-03-04,1,0,0,349.83,44.2,4,1,21
646,1,646,variant_high,14.99,15.0,2024-11-11,1,0,0,49.86,15.9,0,1,26
647,1,647,variant_high,14.99,15.0,2025-05-03,1,0,0,231.92,23.6,6,0,21
648,1,648,control,9.99,0.0,2024-10-06,1,1,1,27.02,81.8,0,1,35
649,1,649,variant_high,14.99,15.0,2024-05-14,1,0,0,97.84,57.9,3,1,59
650,1,650,variant_high,14.99,15.0,2024-11-07,1,0,0,139.91,65.4,3,1,31
651,1,651,variant_high,14.99,15.0,2024-12-05,0,0,0,82.95,0.0,5,1,43
652,1,652,control,9.99,0.0,2025-09-26,0,0,0,70.82,21.4,2,0,41
653,1,653,variant_high,14.99,15.0,2025-04-26,0,0,0,251.26,34.9,4,1,82
654,1,654,variant_high,14.99,15.0,2024-11-22,1,0,0,615.74,64.5,2,1,31
655,1,655,variant_mid,12.99,10.0,2025-09-15,1,0,0,5.0,73.5,8,1,43
656,1,656,control,9.99,0.0,2024-01-10,1,0,0,265.89,47.6,2,1,51
657,1,657,control,9.99,0.0,2025-05-23,0,0,0,43.33,14.6,4,1,37
658,1,658,variant_mid,12.99,10.0,2025-11-06,1,1,0,56.21,71.7,2,1,68
659,1,659,variant_high,14.99,15.0,2025-05-26,0,0,0,674.54,11.8,2,0,86
660,1,660,variant_high,14.99,15.0,2025-03-08,1,1,1,76.01,100.0,2,1,40
661,1,661,variant_high,14.99,15.0,2025-02-02,0,0,0,435.86,0.0,2,1,29
662,1,662,variant_mid,12.99,10.0,2024-05-09,1,0,0,48.73,14.9,2,1,57
663,1,663,variant_high,14.99,15.0,2024-04-25,1,0,0,20.6,76.7,4,1,39
664,1,664,variant_high,14.99,15.0,2024-04-14,0,0,0,221.07,23.3,1,1,29
665,1,665,control,9.99,0.0,2025-11-21,1,0,0,190.53,60.0,4,1,52
666,1,666,control,9.99,0.0,2024-10-02,0,0,0,160.81,3.6,0,1,59
667,1,667,variant_high,14.99,15.0,2025-12-23,1,1,1,56.32,98.4,2,1,22
668,1,668,variant_mid,12.99,10.0,2025-03-28,0,0,0,76.76,22.7,1,0,57
669,1,669,control,9.99,0.0,2025-07-07,0,0,0,62.16,0.0,1,1,26
670,1,670,variant_high,14.99,15.0,2025-11-21,0,0,0,137.74,5.4,8,1,51
671,1,671,control,9.99,0.0,2025-01-24,1,1,0,481.41,95.2,1,0,31
672,1,672,variant_mid,12.99,10.0,2024-02-10,1,0,0,60.62,42.4,8,1,70
673,1,673,variant_high,14.99,15.0,2025-08-31,0,0,0,366.75,0.0,4,1,31
674,1,674,control,9.99,0.0,2024-09-22,1,1,1,116.17,78.2,2,1,72
675,1,675,control,9.99,0.0,2024-05-10,1,1,1,307.57,55.1,2,1,30
676,1,676,variant_mid,12.99,10.0,2024-07-14,0,0,0,37.24,41.1,2,1,1
677,1,677,variant_high,14.99,15.0,2025-12-25,1,0,0,54.02,65.1,3,0,16
678,1,678,control,9.99,0.0,2024-11-06,0,0,0,57.57,9.2,2,1,78
679,1,679,variant_mid,12.99,10.0,2025-03-06,1,0,0,274.94,66.0,3,1,51
680,1,680,variant_mid,12.99,10.0,2025-08-08,1,1,0,50.24,42.3,1,0,54
681,1,681,variant_high,14.99,15.0,2025-03-12,1,0,0,35.68,70.8,2,1,37
682,1,682,variant_high,14.99,15.0,2024-05-11,0,0,0,45.36,6.2,1,1,3
683,1,683,control,9.99,0.0,2024-03-03,0,0,0,236.85,0.0,6,0,80
684,1,684,control,9.99,0.0,2025-11-17,0,0,0,179.83,0.6,2,1,53
685,1,685,control,9.99,0.0,2024-05-27,1,0,0,162.9,67.0,0,1,16
686,1,686,control,9.99,0.0,2024-07-19,0,0,0,17.07,2.3,1,1,9
687,1,687,control,9.99,0.0,2024-02-19,0,0,0,216.84,25.7,3,1,48
688,1,688,variant_high,14.99,15.0,2025-07-07,1,0,0,216.75,67.3,5,1,36
689,1,689,variant_high,14.99,15.0,2025-01-09,1,1,1,57.8,73.7,3,1,79
690,1,690,control,9.99,0.0,2025-04-30,1,0,0,31.4,67.3,2,1,55
691,1,691,variant_high,14.99,15.0,2024-05-22,1,1,0,66.67,61.1,7,1,63
692,1,692,variant_mid,12.99,10.0,2025-02-21,0,0,0,113.13,2.3,2,1,33
693,1,693,variant_high,14.99,15.0,2025-02-11,1,0,0,158.83,40.7,4,0,35
694,1,694,variant_high,14.99,15.0,2025-09-12,0,0,0,123.34,12.8,3,1,35
695,1,695,control,9.99,0.0,2025-06-24,0,0,0,101.25,2.1,3,1,16
696,1,696,variant_mid,12.99,10.0,2025-03-21,0,0,0,337.47,18.5,3,1,6
697,1,697,control,9.99,0.0,2025-05-04,0,0,0,132.81,1.4,1,1,84
698,1,698,variant_high,14.99,15.0,2025-07-25,1,0,0,22.42,73.7,2,1,17
699,1,699,control,9.99,0.0,2024-06-16,1,0,0,233.68,60.4,4,1,75
700,1,700,variant_mid,12.99,10.0,2025-03-26,0,0,0,502.76,7.6,1,1,70
701,1,701,control,9.99,0.0,2025-11-29,0,0,0,149.36,0.0,2,0,13
702,1,702,variant_mid,12.99,10.0,2025-06-25,0,0,0,79.96,0.0,2,0,2
703,1,703,variant_mid,12.99,10.0,2025-09-05,0,0,0,29.21,0.0,0,1,66
704,1,704,variant_high,14.99,15.0,2024-02-19,1,0,0,56.41,33.4,6,0,83
705,1,705,control,9.99,0.0,2025-09-08,1,1,1,302.7,57.4,2,1,84
706,1,706,control,9.99,0.0,2025-04-20,1,0,0,36.39,64.0,1,0,19
707,1,707,control,9.99,0.0,2024-05-17,1,0,0,380.85,87.5,2,1,21
708,1,708,control,9.99,0.0,2025-10-21,0,0,0,84.33,0.0,4,1,51
709,1,709,control,9.99,0.0,2025-10-09,0,0,0,28.74,0.0,2,1,62
710,1,710,variant_mid,12.99,10.0,2025-04-20,1,1,1,68.97,57.2,2,1,10
711,1,711,variant_mid,12.99,10.0,2025-12-11,1,1,1,52.37,60.9,1,1,0
712,1,712,variant_high,14.99,15.0,2025-08-23,0,0,0,187.67,0.0,1,1,39
713,1,713,variant_mid,12.99,10.0,2024-11-06,1,0,0,39.04,82.5,5,1,10
714,1,714,control,9.99,0.0,2026-01-08,1,0,0,204.05,66.8,3,1,73
715,1,715,variant_high,14.99,15.0,2024-12-23,0,0,0,1064.69,0.0,3,0,27
716,1,716,control,9.99,0.0,2024-04-24,1,0,0,167.56,68.5,2,0,64
717,1,717,variant_high,14.99,15.0,2024-04-11,0,0,0,412.15,0.0,2,1,54
718,1,718,variant_mid,12.99,10.0,2025-05-18,0,0,0,106.07,37.9,1,1,35
719,1,719,control,9.99,0.0,2024-04-30,0,0,0,54.79,36.9,2,1,25
720,1,720,variant_high,14.99,15.0,2025-11-02,0,0,0,117.23,6.4,6,1,50
721,1,721,variant_mid,12.99,10.0,2025-11-14,0,0,0,21.16,5.3,1,0,79
722,1,722,variant_high,14.99,15.0,2024-02-04,0,0,0,49.53,12.8,5,1,31
723,1,723,variant_mid,12.99,10.0,2024-05-04,0,0,0,95.12,32.0,2,1,24
724,1,724,variant_mid,12.99,10.0,2024-05-09,0,0,0,175.06,6.8,1,1,21
725,1,725,variant_mid,12.99,10.0,2025-06-15,0,0,0,69.61,8.0,3,1,46
726,1,726,variant_mid,12.99,10.0,2024-07-21,1,1,1,87.98,92.1,3,1,26
727,1,727,variant_high,14.99,15.0,2025-05-07,1,0,0,346.82,45.6,3,0,54
728,1,728,control,9.99,0.0,2025-10-21,1,1,1,192.74,68.2,2,1,34
729,1,729,variant_mid,12.99,10.0,2025-05-11,1,1,0,47.92,71.2,0,1,19
730,1,730,control,9.99,0.0,2025-12-18,0,0,0,159.26,32.9,5,1,45
731,1,731,variant_mid,12.99,10.0,2024-12-29,0,0,0,50.57,41.0,4,1,65
732,1,732,control,9.99,0.0,2025-11-07,1,0,0,65.45,56.5,0,1,65
733,1,733,variant_mid,12.99,10.0,2025-08-09,0,0,0,52.26,0.0,2,1,73
734,1,734,variant_mid,12.99,10.0,2024-12-14,1,1,0,64.97,86.8,1,1,44
735,1,735,variant_high,14.99,15.0,2024-08-05,1,1,1,19.75,59.9,5,1,16
736,1,736,variant_high,14.99,15.0,2025-05-02,0,0,0,151.74,0.0,6,1,25
737,1,737,control,9.99,0.0,2025-08-08,1,1,1,205.41,63.0,0,1,64
738,1,738,variant_mid,12.99,10.0,2024-03-19,0,0,0,67.4,0.7,3,0,77
739,1,739,variant_mid,12.99,10.0,2024-09-07,0,0,0,54.29,0.0,3,1,67
740,1,740,variant_mid,12.99,10.0,2025-12-25,0,0,0,67.8,21.5,6,0,55
741,1,741,variant_mid,12.99,10.0,2024-04-10,0,0,0,31.46,31.5,1,1,15
742,1,742,control,9.99,0.0,2025-11-28,0,0,0,24.09,10.4,0,1,8
743,1,743,variant_mid,12.99,10.0,2024-04-08,0,0,0,38.75,1.0,1,0,48
744,1,744,control,9.99,0.0,2025-03-21,1,1,1,33.28,65.0,2,1,87
745,1,745,control,9.99,0.0,2024-09-04,0,0,0,90.19,31.4,1,1,8
746,1,746,variant_high,14.99,15.0,2024-04-29,1,0,0,171.73,65.2,4,1,74
747,1,747,variant_high,14.99,15.0,2024-06-15,1,1,1,87.99,66.7,2,1,35
748,1,748,variant_mid,12.99,10.0,2025-12-08,1,0,0,33.46,68.0,0,1,72
749,1,749,control,9.99,0.0,2024-08-05,1,1,1,77.72,98.0,1,1,20
750,1,750,variant_mid,12.99,10.0,2025-10-25,1,1,1,114.59,62.7,1,0,39
751,1,751,variant_mid,12.99,10.0,2025-04-20,1,0,0,73.37,26.9,6,1,43
752,1,752,variant_high,14.99,15.0,2026-01-11,0,0,0,99.52,0.0,1,0,74
753,1,753,variant_high,14.99,15.0,2024-12-11,1,0,0,60.64,78.1,1,1,67
754,1,754,variant_mid,12.99,10.0,2025-01-19,1,0,0,130.27,74.8,2,1,9
755,1,755,variant_mid,12.99,10.0,2024-03-17,1,0,0,274.09,68.8,2,1,27
756,1,756,control,9.99,0.0,2024-09-30,0,0,0,362.51,0.0,1,0,33
757,1,757,variant_high,14.99,15.0,2025-03-27,1,1,1,79.46,42.5,3,1,52
758,1,758,variant_mid,12.99,10.0,2024-10-06,1,1,1,26.83,66.9,0,1,82
759,1,759,variant_high,14.99,15.0,2024-05-05,0,0,0,495.26,0.0,0,1,46
760,1,760,variant_high,14.99,15.0,2025-01-16,0,0,0,148.02,17.1,3,0,89
761,1,761,control,9.99,0.0,2025-12-16,1,0,0,45.77,36.0,1,1,72
762,1,762,variant_high,14.99,15.0,2025-11-16,1,1,0,46.73,83.8,2,1,75
763,1,763,variant_high,14.99,15.0,2024-10-07,1,1,1,110.88,70.9,4,1,24
764,1,764,variant_mid,12.99,10.0,2024-04-17,1,1,1,45.12,87.9,8,1,62
765,1,765,control,9.99,0.0,2024-01-29,1,1,0,119.23,44.7,4,0,16
766,1,766,control,9.99,0.0,2025-05-06,1,1,0,73.0,90.6,2,1,26
767,1,767,control,9.99,0.0,2025-06-02,0,0,0,81.66,32.7,2,1,26
768,1,768,variant_mid,12.99,10.0,2025-11-10,1,0,0,58.91,62.1,2,1,88
769,1,769,control,9.99,0.0,2025-03-03,1,0,0,249.37,46.1,3,1,77
770,1,770,variant_high,14.99,15.0,2024-07-22,0,0,0,53.11,24.7,2,1,87
771,1,771,variant_mid,12.99,10.0,2024-01-20,1,1,1,68.07,64.1,0,1,36
772,1,772,variant_mid,12.99,10.0,2025-02-05,0,0,0,32.68,16.6,3,1,69
773,1,773,variant_high,14.99,15.0,2024-07-31,0,0,0,95.4,36.7,4,1,45
774,1,774,variant_mid,12.99,10.0,2025-08-03,0,0,0,13.21,40.8,5,1,17
775,1,775,variant_mid,12.99,10.0,2025-04-15,0,0,0,105.29,0.0,2,1,73
776,1,776,variant_high,14.99,15.0,2025-01-27,1,0,0,1005.1,67.6,2,0,28
777,1,777,variant_mid,12.99,10.0,2025-07-14,0,0,0,198.48,25.7,3,1,69
778,1,778,variant_mid,12.99,10.0,2025-01-25,1,1,0,45.6,99.7,3,1,45
779,1,779,variant_mid,12.99,10.0,2025-04-21,0,0,0,40.82,19.4,2,1,46
780,1,780,variant_mid,12.99,10.0,2025-07-28,1,1,0,160.93,68.1,1,1,2
781,1,781,variant_high,14.99,15.0,2024-03-05,1,1,0,24.11,34.5,6,1,29
782,1,782,variant_mid,12.99,10.0,2024-05-01,1,0,0,970.15,55.9,5,0,78
783,1,783,control,9.99,0.0,2024-12-30,1,0,0,204.61,62.6,0,0,11
784,1,784,variant_high,14.99,15.0,2025-06-18,1,0,0,31.02,74.8,0,1,65
785,1,785,variant_mid,12.99,10.0,2024-11-03,0,0,0,24.72,25.2,1,1,46
786,1,786,variant_high,14.99,15.0,2025-11-01,1,1,1,278.79,28.3,8,1,39
787,1,787,control,9.99,0.0,2025-12-18,1,1,1,493.17,55.7,2,1,69
788,1,788,variant_mid,12.99,10.0,2024-03-24,0,0,0,68.07,14.6,2,0,35
789,1,789,variant_high,14.99,15.0,2025-05-09,0,0,0,116.87,22.2,4,0,42
790,1,790,variant_high,14.99,15.0,2024-03-01,0,0,0,261.79,21.2,1,1,24
791,1,791,control,9.99,0.0,2025-07-29,0,0,0,12.74,8.0,2,1,26
792,1,792,variant_high,14.99,15.0,2024-03-06,1,1,0,32.97,62.1,4,1,13
793,1,793,control,9.99,0.0,2024-03-15,0,0,0,64.46,11.3,1,0,52
794,1,794,variant_mid,12.99,10.0,2025-06-23,1,1,0,107.63,36.7,6,1,10
795,1,795,control,9.99,0.0,2024-10-16,1,1,0,77.49,33.1,0,1,26
796,1,796,control,9.99,0.0,2024-10-25,1,0,0,580.29,63.9,5,1,48
797,1,797,control,9.99,0.0,2024-11-18,0,0,0,42.8,18.5,0,1,60
798,1,798,variant_mid,12.99,10.0,2024-12-11,1,1,0,28.7,52.1,1,0,76
799,1,799,variant_high,14.99,15.0,2025-05-05,1,1,0,229.93,67.7,2,1,34
800,1,800,control,9.99,0.0,2025-06-27,1,1,1,139.87,71.3,3,0,74
801,1,801,variant_mid,12.99,10.0,2025-12-13,1,1,1,238.99,51.9,6,0,62
802,1,802,variant_mid,12.99,10.0,2025-02-04,1,1,0,44.79,76.4,3,1,16
803,1,803,variant_high,14.99,15.0,2025-09-25,0,0,0,126.33,0.0,0,0,49
804,1,804,variant_high,14.99,15.0,2025-03-17,0,0,0,182.44,41.3,1,0,66
805,1,805,variant_high,14.99,15.0,2024-02-28,1,0,0,361.22,35.5,1,1,16
806,1,806,variant_high,14.99,15.0,2025-09-17,0,0,0,84.14,2.1,2,1,67
807,1,807,variant_mid,12.99,10.0,2024-11-19,0,0,0,18.21,0.0,1,1,5
808,1,808,control,9.99,0.0,2024-12-13,1,1,0,90.47,97.1,0,1,75
809,1,809,variant_high,14.99,15.0,2025-09-18,1,1,1,137.47,66.1,4,0,21
810,1,810,variant_high,14.99,15.0,2025-10-11,0,0,0,234.06,18.3,6,0,7
811,1,811,control,9.99,0.0,2025-12-30,0,0,0,41.31,0.0,3,0,32
812,1,812,control,9.99,0.0,2025-01-22,0,0,0,39.68,0.0,1,1,62
813,1,813,variant_mid,12.99,10.0,2024-11-19,1,0,0,218.93,59.9,3,1,35
814,1,814,control,9.99,0.0,2024-10-23,1,1,1,123.69,42.3,2,1,19
815,1,815,variant_high,14.99,15.0,2024-09-05,1,0,0,187.78,69.0,0,1,56
816,1,816,control,9.99,0.0,2024-07-14,1,1,1,112.37,45.4,3,0,59
817,1,817,control,9.99,0.0,2024-08-31,0,0,0,20.63,36.9,1,1,32
818,1,818,control,9.99,0.0,2025-07-05,1,1,0,279.47,60.3,1,1,35
819,1,819,variant_mid,12.99,10.0,2024-08-05,0,0,0,34.28,0.0,3,1,23
820,1,820,variant_high,14.99,15.0,2025-04-07,1,0,0,64.76,23.1,0,1,6
821,1,821,variant_mid,12.99,10.0,2024-07-02,0,0,0,23.02,17.6,2,0,64
822,1,822,control,9.99,0.0,2025-08-24,1,0,0,58.42,71.7,4,1,72
823,1,823,variant_high,14.99,15.0,2024-11-12,0,0,0,73.44,7.0,0,1,2
824,1,824,variant_mid,12.99,10.0,2025-02-11,0,0,0,169.17,9.1,1,1,80
825,1,825,control,9.99,0.0,2025-12-13,0,0,0,5.0,5.2,0,1,44
826,1,826,control,9.99,0.0,2025-10-13,1,0,0,56.33,75.9,2,1,23
827,1,827,variant_mid,12.99,10.0,2024-09-07,0,0,0,88.81,9.5,4,1,4
828,1,828,variant_mid,12.99,10.0,2024-07-29,0,0,0,147.83,21.1,4,0,46
829,1,829,variant_mid,12.99,10.0,2025-02-08,0,0,0,56.68,36.6,6,1,72
830,1,830,control,9.99,0.0,2025-07-05,0,0,0,113.83,24.3,1,1,22
831,1,831,variant_high,14.99,15.0,2025-12-07,1,1,0,21.79,59.5,1,1,17
832,1,832,control,9.99,0.0,2024-10-22,1,0,0,159.14,48.7,2,0,84
833,1,833,control,9.99,0.0,2025-03-13,1,0,0,274.74,83.8,0,1,86
834,1,834,variant_high,14.99,15.0,2024-03-25,0,0,0,114.8,3.9,1,1,54
835,1,835,variant_mid,12.99,10.0,2025-06-19,0,0,0,351.73,4.0,3,0,22
836,1,836,variant_high,14.99,15.0,2025-01-31,1,1,0,595.93,58.9,4,1,66
837,1,837,variant_mid,12.99,10.0,2025-04-30,1,1,1,753.11,52.1,3,0,44
838,1,838,control,9.99,0.0,2024-06-23,1,0,0,152.45,79.1,2,1,87
839,1,839,variant_high,14.99,15.0,2024-11-28,1,0,0,117.17,54.8,5,1,30
840,1,840,variant_mid,12.99,10.0,2024-03-04,1,1,0,454.82,29.5,1,1,74
841,1,841,variant_mid,12.99,10.0,2024-09-16,0,0,0,191.58,2.6,2,1,57
842,1,842,control,9.99,0.0,2024-09-25,1,1,0,683.5,61.5,1,1,14
843,1,843,control,9.99,0.0,2024-12-11,1,0,0,40.65,70.1,2,1,18
844,1,844,variant_high,14.99,15.0,2025-12-16,1,0,0,274.03,76.2,1,0,49
845,1,845,variant_high,14.99,15.0,2025-04-11,0,0,0,365.94,13.7,3,1,51
846,1,846,variant_high,14.99,15.0,2025-10-25,1,1,1,108.77,66.0,3,1,26
847,1,847,variant_high,14.99,15.0,2024-06-13,1,1,1,80.18,44.7,1,1,79
848,1,848,variant_mid,12.99,10.0,2025-12-18,1,1,0,72.37,57.0,0,0,68
849,1,849,variant_mid,12.99,10.0,2025-03-30,1,1,0,174.51,89.6,1,1,20
850,1,850,control,9.99,0.0,2024-02-02,0,0,0,122.67,31.8,1,1,27
851,1,851,variant_high,14.99,15.0,2025-10-06,1,1,0,35.97,29.1,2,1,60
852,1,852,variant_high,14.99,15.0,2024-05-03,0,0,0,17.62,0.0,4,1,20
853,1,853,variant_high,14.99,15.0,2025-08-11,0,0,0,72.1,0.0,1,1,56
854,1,854,variant_mid,12.99,10.0,2024-06-27,0,0,0,70.56,18.6,5,1,84
855,1,855,control,9.99,0.0,2025-05-15,1,0,0,187.03,52.2,4,1,57
856,1,856,variant_high,14.99,15.0,2025-07-05,1,0,0,63.21,51.7,1,0,49
857,1,857,variant_high,14.99,15.0,2024-04-01,0,0,0,344.34,30.7,3,0,13
858,1,858,variant_mid,12.99,10.0,2025-12-20,0,0,0,37.38,26.6,6,1,46
859,1,859,control,9.99,0.0,2025-10-19,1,1,0,103.18,94.4,3,1,3
860,1,860,variant_high,14.99,15.0,2024-10-31,1,1,1,369.06,62.5,2,0,12
861,1,861,variant_high,14.99,15.0,2024-07-12,0,0,0,27.31,28.8,3,1,47
862,1,862,variant_high,14.99,15.0,2025-03-15,0,0,0,425.65,0.0,3,1,67
863,1,863,variant_high,14.99,15.0,2025-08-07,0,0,0,202.51,0.4,3,1,43
864,1,864,variant_high,14.99,15.0,2024-03-25,1,1,1,509.15,58.7,2,1,83
865,1,865,variant_mid,12.99,10.0,2024-04-26,1,1,0,215.66,100.0,1,1,56
866,1,866,variant_high,14.99,15.0,2025-04-19,0,0,0,226.54,6.4,1,1,28
867,1,867,variant_mid,12.99,10.0,2024-08-16,0,0,0,135.95,0.0,2,0,80
868,1,868,control,9.99,0.0,2025-10-24,1,0,0,21.59,36.2,3,1,50
869,1,869,control,9.99,0.0,2025-02-06,0,0,0,17.93,3.8,1,1,3
870,1,870,variant_high,14.99,15.0,2025-04-30,1,1,1,35.64,77.5,2,0,71
871,1,871,control,9.99,0.0,2024-09-27,1,0,0,42.19,77.4,3,1,71
872,1,872,variant_high,14.99,15.0,2025-05-10,1,0,0,74.59,25.7,1,1,17
873,1,873,variant_mid,12.99,10.0,2024-07-18,0,0,0,41.9,0.0,4,1,32
874,1,874,variant_mid,12.99,10.0,2025-01-05,0,0,0,334.86,8.9,0,1,28
875,1,875,control,9.99,0.0,2024-02-03,0,0,0,56.27,0.0,1,1,38
876,1,876,variant_mid,12.99,10.0,2024-12-14,1,1,1,55.51,71.1,4,1,71
877,1,877,variant_mid,12.99,10.0,2025-07-26,0,0,0,176.22,5.5,3,1,47
878,1,878,variant_high,14.99,15.0,2024-10-08,1,0,0,93.67,81.6,3,0,64
879,1,879,control,9.99,0.0,2024-02-13,1,1,1,227.61,73.1,1,1,66
880,1,880,variant_mid,12.99,10.0,2025-08-25,0,0,0,241.85,0.0,3,1,8
881,1,881,variant_high,14.99,15.0,2024-08-02,1,0,0,56.02,81.9,1,1,56
882,1,882,variant_mid,12.99,10.0,2025-04-17,1,0,0,662.93,42.9,7,1,81
883,1,883,variant_high,14.99,15.0,2025-06-27,0,0,0,109.95,20.0,3,1,4
884,1,884,variant_high,14.99,15.0,2024-08-09,0,0,0,142.45,20.9,1,1,37
885,1,885,variant_mid,12.99,10.0,2024-08-15,1,0,0,69.96,44.8,5,0,73
886,1,886,variant_mid,12.99,10.0,2025-01-20,1,0,0,145.1,61.3,2,1,26
887,1,887,variant_mid,12.99,10.0,2024-12-18,0,0,0,22.76,15.7,3,0,25
888,1,888,control,9.99,0.0,2024-03-29,0,0,0,305.52,0.0,1,1,78
889,1,889,control,9.99,0.0,2024-03-04,0,0,0,39.68,30.3,1,1,33
890,1,890,variant_mid,12.99,10.0,2024-02-21,0,0,0,98.87,16.1,2,1,32
891,1,891,variant_high,14.99,15.0,2024-08-18,0,0,0,44.37,0.0,4,1,68
892,1,892,variant_mid,12.99,10.0,2024-04-21,1,1,0,392.05,46.2,3,1,47
893,1,893,variant_mid,12.99,10.0,2025-07-10,0,0,0,56.21,0.0,3,1,77
894,1,894,variant_high,14.99,15.0,2025-10-06,0,0,0,103.49,22.9,5,1,24
895,1,895,variant_mid,12.99,10.0,2025-08-15,0,0,0,91.31,0.0,3,1,54
896,1,896,control,9.99,0.0,2024-07-25,1,1,1,207.57,80.5,0,0,60
897,1,897,control,9.99,0.0,2024-08-31,1,1,1,54.78,48.0,4,1,49
898,1,898,variant_high,14.99,15.0,2025-12-12,0,0,0,173.65,3.3,1,0,11
899,1,899,variant_mid,12.99,10.0,2024-04-16,1,1,0,74.91,66.7,2,0,48
900,1,900,variant_mid,12.99,10.0,2024-09-10,1,0,0,182.62,75.3,3,1,60
901,1,901,variant_high,14.99,15.0,2024-11-21,1,1,0,58.69,49.1,5,1,75
902,1,902,variant_mid,12.99,10.0,2024-10-30,0,0,0,98.93,41.8,4,1,87
903,1,903,variant_mid,12.99,10.0,2025-11-17,0,0,0,88.54,0.0,3,1,37
904,1,904,variant_mid,12.99,10.0,2025-08-20,0,0,0,149.52,36.1,5,1,3
905,1,905,control,9.99,0.0,2025-12-21,0,0,0,38.9,38.3,1,1,21
906,1,906,control,9.99,0.0,2024-07-02,0,0,0,172.85,5.2,1,1,67
907,1,907,variant_mid,12.99,10.0,2024-02-24,1,1,1,14.48,73.6,8,0,22
908,1,908,control,9.99,0.0,2025-11-08,0,0,0,33.73,0.0,2,0,16
909,1,909,variant_high,14.99,15.0,2024-04-25,0,0,0,71.54,8.5,3,1,42
910,1,910,control,9.99,0.0,2025-05-01,1,1,1,46.67,36.0,2,1,8
911,1,911,variant_mid,12.99,10.0,2025-10-23,1,1,1,152.28,57.1,1,1,70
912,1,912,variant_mid,12.99,10.0,2024-02-29,0,0,0,909.39,13.7,1,1,64
913,1,913,variant_high,14.99,15.0,2025-04-18,0,0,0,160.36,30.2,2,1,7
914,1,914,control,9.99,0.0,2025-11-30,0,0,0,162.67,26.0,3,1,42
915,1,915,variant_high,14.99,15.0,2025-12-05,0,0,0,43.39,59.7,5,0,66
916,1,916,variant_mid,12.99,10.0,2024-08-15,1,0,0,262.09,70.7,1,1,24
917,1,917,control,9.99,0.0,2024-07-22,0,0,0,27.69,2.2,0,1,50
918,1,918,control,9.99,0.0,2024-06-21,1,1,1,86.01,52.4,5,0,34
919,1,919,variant_high,14.99,15.0,2025-03-16,0,0,0,54.62,41.4,2,1,79
920,1,920,variant_mid,12.99,10.0,2025-10-20,0,0,0,18.87,34.1,1,1,27
921,1,921,variant_mid,12.99,10.0,2025-11-14,1,0,0,451.43,97.3,0,1,82
922,1,922,control,9.99,0.0,2024-08-27,0,0,0,80.74,21.9,3,1,19
923,1,923,variant_mid,12.99,10.0,2025-01-30,0,0,0,67.7,18.8,3,1,1
924,1,924,control,9.99,0.0,2025-06-25,1,1,1,19.69,52.3,1,0,62
925,1,925,control,9.99,0.0,2025-05-12,1,1,0,40.66,66.2,0,1,72
926,1,926,variant_high,14.99,15.0,2024-02-07,1,1,0,253.45,62.7,5,1,50
927,1,927,variant_high,14.99,15.0,2025-10-21,1,1,0,79.27,82.1,3,0,37
928,1,928,variant_mid,12.99,10.0,2025-11-08,0,0,0,513.53,15.1,0,1,50
929,1,929,control,9.99,0.0,2025-04-24,0,0,0,36.81,2.5,1,0,30
930,1,930,variant_mid,12.99,10.0,2024-11-04,0,0,0,3801.48,0.0,5,1,18
931,1,931,variant_high,14.99,15.0,2025-07-31,1,1,1,49.39,42.1,0,1,79
932,1,932,variant_mid,12.99,10.0,2024-05-22,1,0,0,167.75,56.0,0,0,16
933,1,933,control,9.99,0.0,2024-06-27,0,0,0,12.88,17.7,3,0,13
934,1,934,variant_mid,12.99,10.0,2025-12-23,0,0,0,63.93,0.0,2,1,52
935,1,935,variant_mid,12.99,10.0,2024-09-23,0,0,0,157.17,18.1,3,0,43
936,1,936,control,9.99,0.0,2025-06-28,0,0,0,361.48,0.0,2,1,86
937,1,937,variant_high,14.99,15.0,2024-10-27,1,0,0,43.69,31.1,3,1,8
938,1,938,control,9.99,0.0,2025-08-09,1,1,1,326.31,80.2,2,1,65
939,1,939,variant_mid,12.99,10.0,2025-08-16,0,0,0,223.69,11.3,4,1,57
940,1,940,variant_mid,12.99,10.0,2025-01-05,0,0,0,115.9,3.8,3,1,51
941,1,941,variant_mid,12.99,10.0,2024-10-04,0,0,0,39.03,0.0,4,1,45
942,1,942,control,9.99,0.0,2025-05-23,0,0,0,25.72,21.9,1,1,31
943,1,943,variant_mid,12.99,10.0,2024-06-06,0,0,0,622.46,6.7,4,0,10
944,1,944,variant_high,14.99,15.0,2024-08-18,0,0,0,134.32,0.0,4,0,85
945,1,945,variant_high,14.99,15.0,2024-02-24,0,0,0,89.49,34.7,4,1,20
946,1,946,control,9.99,0.0,2025-01-26,0,0,0,291.34,0.0,6,0,33
947,1,947,control,9.99,0.0,2025-04-25,0,0,0,256.54,5.7,1,1,22
948,1,948,variant_high,14.99,15.0,2024-10-10,0,0,0,49.76,16.9,2,1,69
949,1,949,variant_high,14.99,15.0,2025-07-17,1,0,0,28.87,75.3,0,1,20
950,1,950,variant_mid,12.99,10.0,2024-11-15,0,0,0,154.36,16.8,4,1,23
951,1,951,variant_high,14.99,15.0,2024-06-14,1,0,0,44.78,52.5,4,1,58
952,1,952,control,9.99,0.0,2024-01-24,1,1,0,840.9,66.2,1,1,23
953,1,953,variant_high,14.99,15.0,2025-09-18,1,0,0,24.94,70.4,2,0,50
954,1,954,variant_mid,12.99,10.0,2025-08-16,0,0,0,283.36,1.3,1,1,42
955,1,955,variant_high,14.99,15.0,2024-11-27,0,0,0,698.37,6.2,7,1,5
956,1,956,variant_mid,12.99,10.0,2024-06-23,0,0,0,178.93,19.8,1,1,8
957,1,957,variant_high,14.99,15.0,2025-03-26,1,1,0,19.17,39.2,0,1,68
958,1,958,control,9.99,0.0,2024-12-25,1,1,0,8.88,66.3,0,1,80
959,1,959,control,9.99,0.0,2024-09-15,1,0,0,68.81,62.3,2,1,36
960,1,960,variant_mid,12.99,10.0,2025-05-14,0,0,0,358.72,21.0,3,1,88
961,1,961,variant_high,14.99,15.0,2024-06-23,1,1,0,292.16,56.0,4,1,30
962,1,962,variant_high,14.99,15.0,2024-02-03,0,0,0,164.43,13.0,1,1,25
963,1,963,variant_mid,12.99,10.0,2024-05-02,1,1,0,314.25,68.3,3,0,67
964,1,964,control,9.99,0.0,2024-09-24,1,1,1,74.41,100.0,0,1,70
965,1,965,variant_mid,12.99,10.0,2025-09-15,1,1,1,23.21,62.9,2,1,41
966,1,966,variant_mid,12.99,10.0,2024-07-23,1,0,0,378.51,63.2,4,1,49
967,1,967,variant_mid,12.99,10.0,2025-12-15,1,1,1,138.03,89.4,1,1,21
968,1,968,variant_high,14.99,15.0,2024-04-24,0,0,0,57.17,0.0,2,0,14
969,1,969,control,9.99,0.0,2026-01-16,0,0,0,304.23,2.0,3,1,16
970,1,970,variant_mid,12.99,10.0,2025-08-31,0,0,0,261.93,8.2,1,1,15
971,1,971,control,9.99,0.0,2024-03-06,1,0,0,148.02,55.0,2,1,6
972,1,972,control,9.99,0.0,2025-02-13,0,0,0,284.7,0.0,1,1,63
973,1,973,control,9.99,0.0,2025-05-12,0,0,0,495.38,25.7,1,1,74
974,1,974,variant_high,14.99,15.0,2024-12-01,1,1,1,614.44,75.3,7,1,51
975,1,975,control,9.99,0.0,2025-12-17,0,0,0,391.24,0.0,1,1,35
976,1,976,control,9.99,0.0,2024-04-11,0,0,0,367.82,28.4,4,0,68
977,1,977,variant_mid,12.99,10.0,2025-02-01,1,0,0,35.78,78.7,4,0,56
978,1,978,variant_mid,12.99,10.0,2025-01-14,1,1,1,63.22,49.3,1,0,2
979,1,979,variant_high,14.99,15.0,2025-04-10,0,0,0,172.87,10.6,3,1,6
980,1,980,variant_high,14.99,15.0,2024-08-03,1,0,0,136.34,73.5,1,0,52
981,1,981,variant_high,14.99,15.0,2025-01-10,0,0,0,407.4,3.2,3,1,41
982,1,982,control,9.99,0.0,2024-04-18,1,1,0,111.01,82.4,5,1,43
983,1,983,control,9.99,0.0,2024-04-19,1,1,1,92.58,84.1,1,1,44
984,1,984,control,9.99,0.0,2025-01-26,1,1,1,54.7,45.8,0,1,43
985,1,985,variant_mid,12.99,10.0,2025-07-03,1,0,0,142.46,87.6,4,0,78
986,1,986,control,9.99,0.0,2025-05-12,0,0,0,104.16,0.0,2,1,20
987,1,987,variant_high,14.99,15.0,2025-12-08,0,0,0,190.16,0.0,1,1,24
988,1,988,variant_high,14.99,15.0,2024-02-22,1,0,0,264.58,79.5,2,1,22
989,1,989,variant_high,14.99,15.0,2024-11-18,0,0,0,165.45,2.8,5,1,10
990,1,990,variant_mid,12.99,10.0,2024-02-20,1,1,1,44.61,72.7,1,1,7
991,1,991,variant_high,14.99,15.0,2024-10-02,0,0,0,135.21,10.6,4,1,76
992,1,992,control,9.99,0.0,2025-07-07,0,0,0,57.16,0.0,0,0,86
993,1,993,variant_high,14.99,15.0,2025-03-22,1,1,0,240.83,88.8,2,1,77
994,1,994,variant_mid,12.99,10.0,2024-06-13,0,0,0,199.62,0.0,3,0,60
995,1,995,variant_high,14.99,15.0,2024-03-06,1,0,0,130.68,57.7,2,0,26
996,1,996,control,9.99,0.0,2024-05-10,1,0,0,6.92,73.2,4,1,35
997,1,997,variant_mid,12.99,10.0,2024-11-11,0,0,0,236.89,15.8,6,1,34
998,1,998,control,9.99,0.0,2025-12-22,1,1,0,179.59,16.6,3,1,78
999,1,999,control,9.99,0.0,2024-10-27,0,0,0,325.46,7.5,4,1,55
1000,1,1000,variant_mid,12.99,10.0,2024-05-22,1,0,0,192.78,74.2,2,1,52
1001,1,1001,control,9.99,0.0,2024-07-30,1,1,1,71.33,53.3,1,1,74
1002,1,1002,control,9.99,0.0,2025-05-24,0,0,0,46.58,20.3,2,1,73
1003,1,1003,variant_high,14.99,15.0,2024-07-27,0,0,0,393.87,8.1,3,1,64
1004,1,1004,control,9.99,0.0,2025-08-17,0,0,0,282.63,4.7,2,1,36
1005,1,1005,variant_mid,12.99,10.0,2024-01-30,0,0,0,217.82,12.2,1,1,26
1006,1,1006,control,9.99,0.0,2024-09-17,0,0,0,157.2,37.9,2,1,40
1007,1,1007,variant_high,14.99,15.0,2024-07-09,1,0,0,17.78,55.8,1,1,59
1008,1,1008,variant_high,14.99,15.0,2024-12-22,1,0,0,37.2,88.9,5,1,31
1009,1,1009,variant_mid,12.99,10.0,2024-11-01,0,0,0,139.52,0.0,3,1,53
1010,1,1010,variant_high,14.99,15.0,2025-02-10,0,0,0,14.77,27.8,1,0,52
1011,1,1011,variant_mid,12.99,10.0,2024-09-13,0,0,0,82.61,0.0,4,1,21
1012,1,1012,variant_mid,12.99,10.0,2024-05-31,1,0,0,13.96,45.0,1,1,81
1013,1,1013,control,9.99,0.0,2025-04-15,1,0,0,11.19,68.7,0,0,81
1014,1,1014,variant_high,14.99,15.0,2024-08-19,0,0,0,258.06,17.4,7,1,75
1015,1,1015,variant_high,14.99,15.0,2025-10-13,0,0,0,91.99,39.0,4,0,83
1016,1,1016,control,9.99,0.0,2025-12-18,1,0,0,154.48,39.2,3,1,71
1017,1,1017,control,9.99,0.0,2024-06-23,0,0,0,130.01,23.3,1,1,18
1018,1,1018,variant_mid,12.99,10.0,2024-08-05,0,0,0,225.71,0.0,4,1,28
1019,1,1019,control,9.99,0.0,2025-12-14,1,1,0,215.83,40.4,4,1,88
1020,1,1020,control,9.99,0.0,2025-08-17,1,1,1,85.3,75.3,1,1,1
1021,1,1021,variant_high,14.99,15.0,2024-12-05,1,0,0,457.81,72.8,1,0,75
1022,1,1022,variant_high,14.99,15.0,2025-01-25,0,0,0,163.84,0.0,3,0,4
1023,1,1023,variant_mid,12.99,10.0,2024-07-01,1,0,0,58.48,49.8,7,1,27
1024,1,1024,control,9.99,0.0,2025-04-22,1,0,0,176.52,75.0,2,0,15
1025,1,1025,variant_mid,12.99,10.0,2025-11-16,0,0,0,534.3,0.0,5,1,52
1026,1,1026,variant_high,14.99,15.0,2024-11-30,1,1,0,477.33,41.7,5,1,89
1027,1,1027,variant_high,14.99,15.0,2024-11-16,1,1,0,18.48,87.6,3,1,70
1028,1,1028,variant_high,14.99,15.0,2025-03-12,0,0,0,220.27,21.6,5,0,76
1029,1,1029,variant_high,14.99,15.0,2025-08-28,1,1,1,228.93,43.8,1,1,86
1030,1,1030,variant_mid,12.99,10.0,2025-01-29,0,0,0,1075.85,45.4,3,1,50
1031,1,1031,control,9.99,0.0,2024-11-26,0,0,0,85.79,12.0,4,1,51
1032,1,1032,variant_high,14.99,15.0,2024-12-22,0,0,0,105.75,9.4,1,1,71
1033,1,1033,variant_mid,12.99,10.0,2024-01-22,0,0,0,53.36,0.0,0,1,52
1034,1,1034,variant_high,14.99,15.0,2025-08-19,0,0,0,357.56,11.3,1,0,37
1035,1,1035,variant_high,14.99,15.0,2024-10-06,0,0,0,152.7,18.5,2,1,10
1036,1,1036,control,9.99,0.0,2025-10-09,1,1,1,83.11,26.6,1,1,89
1037,1,1037,control,9.99,0.0,2024-10-11,0,0,0,62.8,17.2,0,1,43
1038,1,1038,variant_high,14.99,15.0,2024-07-18,1,0,0,15.54,81.0,0,1,44
1039,1,1039,variant_mid,12.99,10.0,2025-10-23,0,0,0,147.21,5.0,1,1,60
1040,1,1040,control,9.99,0.0,2024-04-10,1,1,1,53.97,40.4,1,1,80
1041,1,1041,variant_mid,12.99,10.0,2025-07-31,0,0,0,104.76,0.0,0,1,15
1042,1,1042,control,9.99,0.0,2025-08-18,0,0,0,53.11,23.7,1,1,75
1043,1,1043,variant_mid,12.99,10.0,2024-06-14,0,0,0,637.77,22.3,3,1,7
1044,1,1044,variant_mid,12.99,10.0,2024-06-05,0,0,0,8.95,41.2,1,0,47
1045,1,1045,variant_mid,12.99,10.0,2024-09-16,0,0,0,413.1,3.7,4,1,47
1046,1,1046,variant_high,14.99,15.0,2025-09-30,1,0,0,86.28,58.5,5,1,12
1047,1,1047,control,9.99,0.0,2024-09-22,0,0,0,107.4,0.0,5,1,34
1048,1,1048,variant_high,14.99,15.0,2024-03-31,1,0,0,25.16,58.6,5,1,78
1049,1,1049,variant_high,14.99,15.0,2024-10-31,1,0,0,30.04,59.8,4,0,43
1050,1,1050,variant_high,14.99,15.0,2024-03-19,0,0,0,37.31,0.0,5,1,25
1051,1,1051,variant_high,14.99,15.0,2025-02-12,1,1,0,315.54,39.7,5,1,61
1052,1,1052,control,9.99,0.0,2024-05-28,0,0,0,105.88,16.2,1,1,67
1053,1,1053,variant_mid,12.99,10.0,2024-07-24,1,1,0,241.59,31.9,3,0,2
1054,1,1054,control,9.99,0.0,2024-01-27,1,0,0,59.93,78.7,4,1,40
1055,1,1055,variant_high,14.99,15.0,2024-01-28,0,0,0,28.32,45.9,3,1,67
1056,1,1056,control,9.99,0.0,2025-07-02,1,0,0,469.94,65.1,2,1,36
1057,1,1057,control,9.99,0.0,2025-11-21,1,0,0,274.66,46.2,1,0,22
1058,1,1058,variant_high,14.99,15.0,2024-11-04,0,0,0,116.18,0.0,5,0,46
1059,1,1059,variant_high,14.99,15.0,2024-01-16,0,0,0,136.42,0.0,1,1,87
1060,1,1060,variant_mid,12.99,10.0,2025-11-21,0,0,0,295.89,10.1,4,1,62
1061,1,1061,variant_mid,12.99,10.0,2024-11-11,1,0,0,16.26,12.0,0,1,74
1062,1,1062,variant_high,14.99,15.0,2024-09-23,1,0,0,71.91,74.0,4,0,42
1063,1,1063,variant_high,14.99,15.0,2025-08-12,1,1,1,137.24,62.8,4,1,57
1064,1,1064,control,9.99,0.0,2025-06-04,0,0,0,200.56,0.0,1,0,46
1065,1,1065,control,9.99,0.0,2025-06-27,1,1,1,54.89,64.2,2,1,74
1066,1,1066,variant_high,14.99,15.0,2025-05-22,0,0,0,48.72,31.3,2,1,10
1067,1,1067,control,9.99,0.0,2024-01-22,0,0,0,20.04,0.0,1,1,71
1068,1,1068,variant_high,14.99,15.0,2024-09-08,1,0,0,54.78,80.0,2,1,75
1069,1,1069,variant_mid,12.99,10.0,2025-05-12,0,0,0,158.58,11.7,3,0,24
1070,1,1070,variant_mid,12.99,10.0,2025-10-24,1,0,0,38.27,94.0,4,1,67
1071,1,1071,control,9.99,0.0,2025-04-13,1,0,0,87.94,67.8,2,1,88
1072,1,1072,variant_high,14.99,15.0,2024-10-25,0,0,0,261.98,19.2,0,1,21
1073,1,1073,variant_mid,12.99,10.0,2025-10-31,1,0,0,299.75,67.1,2,1,52
1074,1,1074,variant_high,14.99,15.0,2025-02-10,1,1,1,190.81,53.5,3,1,67
1075,1,1075,variant_mid,12.99,10.0,2024-04-08,1,1,1,39.4,77.3,1,1,28
1076,1,1076,variant_high,14.99,15.0,2024-10-29,0,0,0,162.1,20.9,3,1,81
1077,1,1077,control,9.99,0.0,2025-09-11,1,0,0,288.05,49.3,2,1,71
1078,1,1078,control,9.99,0.0,2024-11-22,0,0,0,147.67,30.5,3,1,19
1079,1,1079,variant_high,14.99,15.0,2025-02-15,0,0,0,34.49,28.5,1,0,20
1080,1,1080,control,9.99,0.0,2024-02-22,1,0,0,218.51,38.9,0,0,88
1081,1,1081,control,9.99,0.0,2025-05-10,0,0,0,419.53,8.5,2,1,8
1082,1,1082,control,9.99,0.0,2024-08-23,1,1,1,413.51,44.3,0,0,85
1083,1,1083,variant_high,14.99,15.0,2024-03-17,0,0,0,228.88,10.2,2,1,33
1084,1,1084,variant_high,14.99,15.0,2025-12-03,0,0,0,20.87,1.5,2,0,26
1085,1,1085,variant_high,14.99,15.0,2024-10-26,0,0,0,33.17,6.5,4,1,39
1086,1,1086,control,9.99,0.0,2025-09-02,0,0,0,176.82,0.0,4,1,71
1087,1,1087,control,9.99,0.0,2025-06-05,1,0,0,52.04,52.6,1,1,34
1088,1,1088,control,9.99,0.0,2025-10-24,0,0,0,170.14,0.0,0,1,52
1089,1,1089,variant_high,14.99,15.0,2024-11-24,0,0,0,30.13,29.4,2,0,37
1090,1,1090,variant_mid,12.99,10.0,2025-06-10,1,1,0,29.49,79.5,1,1,7
1091,1,1091,control,9.99,0.0,2025-11-18,1,0,0,21.96,27.3,2,0,9
1092,1,1092,control,9.99,0.0,2025-04-23,0,0,0,10.94,13.6,1,1,8
1093,1,1093,control,9.99,0.0,2025-05-14,0,0,0,100.0,36.4,4,1,24
1094,1,1094,variant_high,14.99,15.0,2025-11-05,1,1,1,132.71,34.9,4,0,34
1095,1,1095,variant_mid,12.99,10.0,2024-09-18,0,0,0,38.33,0.0,1,1,73
1096,1,1096,variant_mid,12.99,10.0,2025-01-31,0,0,0,151.71,34.9,2,1,15
1097,1,1097,variant_mid,12.99,10.0,2025-07-03,1,0,0,415.23,40.4,3,1,45
1098,1,1098,control,9.99,0.0,2025-11-04,1,1,1,165.78,56.8,0,0,85
1099,1,1099,variant_high,14.99,15.0,2025-08-22,0,0,0,49.51,40.4,5,1,48
1100,1,1100,variant_high,14.99,15.0,2024-11-01,0,0,0,39.2,0.0,2,1,67
1101,1,1101,control,9.99,0.0,2025-08-12,1,0,0,235.34,86.3,1,1,54
1102,1,1102,variant_mid,12.99,10.0,2025-03-31,0,0,0,43.81,23.6,1,0,56
1103,1,1103,variant_high,14.99,15.0,2024-12-03,1,0,0,87.01,48.0,1,0,65
1104,1,1104,variant_mid,12.99,10.0,2024-12-12,1,1,0,24.26,64.9,5,1,2
1105,1,1105,variant_mid,12.99,10.0,2025-07-10,1,1,0,184.96,69.4,1,1,67
1106,1,1106,variant_high,14.99,15.0,2024-01-23,0,0,0,138.81,12.8,2,1,13
1107,1,1107,control,9.99,0.0,2025-12-06,1,0,0,129.08,68.0,2,1,13
1108,1,1108,control,9.99,0.0,2024-05-27,0,0,0,10.72,0.0,0,0,87
1109,1,1109,variant_mid,12.99,10.0,2025-05-31,1,0,0,1294.79,68.0,3,1,86
1110,1,1110,control,9.99,0.0,2025-11-12,1,1,1,240.58,72.9,1,1,89
1111,1,1111,variant_high,14.99,15.0,2024-06-13,0,0,0,87.52,18.7,2,1,70
1112,1,1112,variant_high,14.99,15.0,2025-03-27,0,0,0,158.81,13.7,4,1,46
1113,1,1113,control,9.99,0.0,2025-02-04,1,0,0,63.69,52.9,0,1,24
1114,1,1114,variant_high,14.99,15.0,2024-02-12,1,1,1,62.62,59.3,1,1,70
1115,1,1115,variant_high,14.99,15.0,2025-04-18,1,1,0,131.3,52.7,1,0,39
1116,1,1116,control,9.99,0.0,2025-12-13,0,0,0,125.16,7.5,1,1,43
1117,1,1117,variant_mid,12.99,10.0,2025-10-23,0,0,0,83.33,0.0,3,1,1
1118,1,1118,control,9.99,0.0,2025-11-18,0,0,0,138.12,10.4,0,0,46
1119,1,1119,variant_high,14.99,15.0,2024-12-26,0,0,0,88.02,54.7,7,1,50
1120,1,1120,variant_mid,12.99,10.0,2025-06-05,1,0,0,28.97,39.4,5,1,79
1121,1,1121,variant_high,14.99,15.0,2024-06-26,1,1,0,20.97,64.5,2,0,13
1122,1,1122,variant_high,14.99,15.0,2024-07-31,1,1,1,157.5,44.1,2,0,73
1123,1,1123,variant_high,14.99,15.0,2025-11-15,0,0,0,40.03,23.3,5,1,32
1124,1,1124,variant_high,14.99,15.0,2024-08-20,1,1,0,63.21,76.8,3,1,86
1125,1,1125,control,9.99,0.0,2025-06-26,1,0,0,38.47,77.2,1,1,32
1126,1,1126,control,9.99,0.0,2025-09-24,0,0,0,86.65,0.2,1,1,76
1127,1,1127,variant_mid,12.99,10.0,2025-04-04,1,0,0,299.01,41.8,3,1,57
1128,1,1128,variant_high,14.99,15.0,2024-02-14,0,0,0,41.54,24.1,7,1,57
1129,1,1129,control,9.99,0.0,2025-11-24,0,0,0,75.32,12.4,1,1,35
1130,1,1130,variant_mid,12.99,10.0,2024-07-05,0,0,0,244.92,4.9,1,1,49
1131,1,1131,variant_high,14.99,15.0,2026-01-12,1,0,0,189.52,49.7,2,1,53
1132,1,1132,control,9.99,0.0,2024-05-10,0,0,0,905.3,0.0,1,0,67
1133,1,1133,variant_mid,12.99,10.0,2024-09-24,1,0,0,252.19,49.6,2,1,63
1134,1,1134,control,9.99,0.0,2025-06-18,0,0,0,59.66,28.8,4,1,4
1135,1,1135,control,9.99,0.0,2024-02-19,0,0,0,37.0,46.1,1,1,78
1136,1,1136,control,9.99,0.0,2024-10-22,0,0,0,79.34,0.0,2,1,2
1137,1,1137,variant_high,14.99,15.0,2025-10-27,0,0,0,270.99,0.0,6,1,47
1138,1,1138,control,9.99,0.0,2025-11-05,1,0,0,111.39,92.3,1,0,74
1139,1,1139,variant_mid,12.99,10.0,2025-01-31,1,1,1,199.1,62.3,2,1,89
1140,1,1140,variant_high,14.99,15.0,2025-08-24,0,0,0,38.24,0.0,2,1,22
1141,1,1141,variant_mid,12.99,10.0,2025-08-22,0,0,0,419.67,13.9,5,1,51
1142,1,1142,variant_mid,12.99,10.0,2025-12-31,0,0,0,155.12,0.0,5,1,43
1143,1,1143,variant_mid,12.99,10.0,2024-11-13,1,1,0,73.11,60.6,6,1,34
1144,1,1144,variant_high,14.99,15.0,2024-08-14,0,0,0,289.99,0.0,2,1,85
1145,1,1145,variant_high,14.99,15.0,2025-10-20,1,1,0,83.29,90.5,2,1,47
1146,1,1146,control,9.99,0.0,2024-12-18,0,0,0,162.05,30.7,1,1,63
1147,1,1147,variant_high,14.99,15.0,2025-03-30,0,0,0,280.41,30.5,1,1,24
1148,1,1148,variant_mid,12.99,10.0,2025-05-13,1,1,1,91.04,52.6,1,1,43
1149,1,1149,variant_mid,12.99,10.0,2025-08-27,0,0,0,469.2,37.3,0,1,63
1150,1,1150,variant_mid,12.99,10.0,2025-12-26,1,0,0,20.2,59.6,1,1,73
1151,1,1151,variant_high,14.99,15.0,2024-10-10,0,0,0,35.64,65.4,4,1,15
1152,1,1152,variant_high,14.99,15.0,2024-09-09,1,0,0,117.9,49.2,6,0,89
1153,1,1153,variant_mid,12.99,10.0,2025-10-09,1,0,0,35.27,56.3,2,1,83
1154,1,1154,control,9.99,0.0,2024-09-04,0,0,0,178.6,23.3,2,1,18
1155,1,1155,variant_mid,12.99,10.0,2025-04-25,1,1,1,92.36,81.3,2,1,62
1156,1,1156,variant_mid,12.99,10.0,2025-04-15,1,1,1,27.13,84.9,2,0,29
1157,1,1157,variant_mid,12.99,10.0,2024-12-01,1,0,0,128.04,48.5,1,1,68
1158,1,1158,variant_high,14.99,15.0,2025-05-18,0,0,0,202.13,0.0,4,1,78
1159,1,1159,variant_high,14.99,15.0,2025-06-27,0,0,0,668.02,0.9,4,0,83
1160,1,1160,variant_high,14.99,15.0,2024-06-04,1,0,0,11.94,91.8,4,1,43
1161,1,1161,variant_high,14.99,15.0,2024-05-30,0,0,0,317.04,20.1,2,0,31
1162,1,1162,variant_mid,12.99,10.0,2024-11-27,0,0,0,53.82,13.3,1,1,68
1163,1,1163,control,9.99,0.0,2025-09-28,1,0,0,543.97,81.4,0,0,81
1164,1,1164,variant_high,14.99,15.0,2024-10-09,0,0,0,239.81,0.0,4,1,2
1165,1,1165,variant_mid,12.99,10.0,2024-12-21,1,1,1,973.54,45.4,3,1,76
1166,1,1166,control,9.99,0.0,2024-11-20,1,1,1,84.15,54.7,2,1,9
1167,1,1167,control,9.99,0.0,2025-08-12,0,0,0,375.89,34.9,1,1,85
1168,1,1168,variant_high,14.99,15.0,2024-04-28,1,0,0,97.36,56.6,3,1,72
1169,1,1169,control,9.99,0.0,2025-03-21,0,0,0,209.52,27.0,1,1,81
1170,1,1170,variant_high,14.99,15.0,2025-04-23,1,1,0,82.88,70.5,2,0,26
1171,1,1171,variant_mid,12.99,10.0,2024-06-04,0,0,0,77.62,0.0,1,1,43
1172,1,1172,control,9.99,0.0,2024-05-26,1,0,0,90.27,85.7,4,1,38
1173,1,1173,variant_high,14.99,15.0,2025-05-31,0,0,0,201.45,27.0,4,1,11
1174,1,1174,variant_high,14.99,15.0,2024-01-28,1,0,0,272.1,73.4,4,1,52
1175,1,1175,control,9.99,0.0,2024-06-12,0,0,0,271.06,0.0,1,1,60
1176,1,1176,control,9.99,0.0,2025-01-14,0,0,0,322.02,14.3,0,0,89
1177,1,1177,variant_mid,12.99,10.0,2024-01-09,0,0,0,133.97,25.4,5,1,70
1178,1,1178,control,9.99,0.0,2024-02-13,0,0,0,128.15,0.0,1,1,78
1179,1,1179,control,9.99,0.0,2025-04-13,0,0,0,46.79,0.0,4,1,35
1180,1,1180,variant_high,14.99,15.0,2025-05-02,0,0,0,113.01,1.1,3,1,49
1181,1,1181,control,9.99,0.0,2025-12-04,0,0,0,54.85,4.7,1,0,9
1182,1,1182,variant_mid,12.99,10.0,2025-03-13,0,0,0,274.78,19.3,3,1,22
1183,1,1183,control,9.99,0.0,2024-04-11,1,1,1,24.81,79.8,2,1,26
1184,1,1184,variant_mid,12.99,10.0,2025-03-03,0,0,0,57.0,9.0,2,0,82
1185,1,1185,variant_mid,12.99,10.0,2024-01-20,1,1,1,72.74,57.0,0,0,41
1186,1,1186,control,9.99,0.0,2024-03-30,0,0,0,56.39,0.0,1,1,85
1187,1,1187,variant_high,14.99,15.0,2024-06-16,0,0,0,390.01,0.0,1,0,21
1188,1,1188,variant_high,14.99,15.0,2024-04-17,0,0,0,370.21,30.1,3,1,10
1189,1,1189,variant_mid,12.99,10.0,2025-12-17,1,1,0,110.3,80.2,1,1,59
1190,1,1190,variant_high,14.99,15.0,2025-05-19,0,0,0,68.38,0.0,2,1,53
1191,1,1191,control,9.99,0.0,2025-03-12,0,0,0,259.48,29.4,2,1,59
1192,1,1192,variant_mid,12.99,10.0,2024-01-26,0,0,0,93.69,18.7,3,1,85
1193,1,1193,variant_high,14.99,15.0,2024-04-19,1,1,1,115.42,93.0,1,1,29
1194,1,1194,variant_mid,12.99,10.0,2024-04-05,1,0,0,296.35,75.4,4,1,63
1195,1,1195,variant_high,14.99,15.0,2025-03-31,1,1,0,108.89,56.3,5,1,22
1196,1,1196,variant_mid,12.99,10.0,2025-07-27,1,1,1,286.65,33.6,0,0,54
1197,1,1197,variant_high,14.99,15.0,2025-04-06,0,0,0,74.8,39.3,2,1,7
1198,1,1198,control,9.99,0.0,2024-05-06,0,0,0,38.54,28.5,1,0,3
1199,1,1199,control,9.99,0.0,2024-07-30,1,1,1,53.93,55.2,1,1,2
1200,1,1200,variant_mid,12.99,10.0,2025-01-01,0,0,0,248.13,35.3,0,0,18
1201,1,1201,variant_high,14.99,15.0,2024-12-04,0,0,0,1117.96,33.7,4,1,22
1202,1,1202,control,9.99,0.0,2024-03-14,1,0,0,12.71,91.2,1,1,21
1203,1,1203,control,9.99,0.0,2024-11-12,1,0,0,56.16,56.1,2,1,79
1204,1,1204,variant_high,14.99,15.0,2024-07-01,0,0,0,94.87,12.5,3,1,33
1205,1,1205,variant_mid,12.99,10.0,2024-06-04,0,0,0,135.31,2.8,3,1,81
1206,1,1206,variant_mid,12.99,10.0,2025-10-18,0,0,0,87.19,4.1,0,1,57
1207,1,1207,control,9.99,0.0,2024-04-07,0,0,0,909.44,1.3,2,1,5
1208,1,1208,variant_high,14.99,15.0,2025-07-21,0,0,0,35.33,2.8,5,1,89
1209,1,1209,variant_high,14.99,15.0,2024-02-25,0,0,0,91.31,15.1,3,1,63
1210,1,1210,variant_high,14.99,15.0,2024-05-18,0,0,0,50.22,0.0,2,1,65
1211,1,1211,control,9.99,0.0,2025-10-21,0,0,0,113.5,10.5,3,1,56
1212,1,1212,variant_mid,12.99,10.0,2024-06-09,0,0,0,6.28,26.1,0,1,78
1213,1,1213,variant_mid,12.99,10.0,2024-03-04,0,0,0,457.61,0.0,1,1,80
1214,1,1214,variant_high,14.99,15.0,2024-12-30,1,1,0,130.12,82.0,5,1,34
1215,1,1215,variant_high,14.99,15.0,2024-07-14,1,1,1,81.36,57.8,4,1,49
1216,1,1216,variant_high,14.99,15.0,2025-04-15,1,1,1,156.09,66.9,5,1,46
1217,1,1217,variant_mid,12.99,10.0,2025-02-20,0,0,0,231.04,43.5,4,1,47
1218,1,1218,control,9.99,0.0,2025-03-15,0,0,0,313.61,0.0,2,1,61
1219,1,1219,variant_high,14.99,15.0,2024-02-19,1,0,0,80.19,59.9,3,1,57
1220,1,1220,variant_mid,12.99,10.0,2024-08-12,0,0,0,86.7,0.0,2,1,87
1221,1,1221,control,9.99,0.0,2024-02-16,0,0,0,15.4,36.2,0,1,86
1222,1,1222,variant_high,14.99,15.0,2025-12-07,1,0,0,11.9,94.4,0,1,20
1223,1,1223,control,9.99,0.0,2024-03-12,1,1,1,448.75,55.6,3,1,52
1224,1,1224,variant_high,14.99,15.0,2025-09-10,1,1,0,89.57,48.8,1,1,8
1225,1,1225,variant_high,14.99,15.0,2025-10-12,0,0,0,34.35,6.9,5,0,5
1226,1,1226,control,9.99,0.0,2025-04-29,1,0,0,154.65,71.7,1,1,64
1227,1,1227,variant_high,14.99,15.0,2025-08-27,1,0,0,82.47,86.1,6,0,22
1228,1,1228,variant_mid,12.99,10.0,2025-10-26,0,0,0,198.55,14.2,1,1,4
1229,1,1229,variant_mid,12.99,10.0,2025-11-06,1,1,0,77.1,47.7,5,0,24
1230,1,1230,variant_high,14.99,15.0,2024-08-06,1,1,1,237.77,65.9,3,0,14
1231,1,1231,variant_high,14.99,15.0,2025-07-26,0,0,0,49.51,39.7,5,0,84
1232,1,1232,variant_mid,12.99,10.0,2024-08-24,1,1,1,80.95,56.9,4,1,35
1233,1,1233,variant_high,14.99,15.0,2024-04-18,1,1,0,151.34,78.2,4,1,81
1234,1,1234,variant_mid,12.99,10.0,2024-09-01,0,0,0,122.27,0.0,3,1,25
1235,1,1235,variant_high,14.99,15.0,2025-11-25,1,0,0,168.28,43.8,6,1,3
1236,1,1236,control,9.99,0.0,2024-05-16,0,0,0,54.89,13.2,1,0,53
1237,1,1237,variant_mid,12.99,10.0,2025-03-01,0,0,0,47.32,17.7,6,0,74
1238,1,1238,control,9.99,0.0,2024-04-13,1,0,0,145.1,86.2,3,1,83
1239,1,1239,variant_high,14.99,15.0,2024-12-30,1,0,0,102.5,69.4,3,0,83
1240,1,1240,variant_high,14.99,15.0,2025-11-14,0,0,0,69.77,0.0,3,1,9
1241,1,1241,control,9.99,0.0,2025-12-04,0,0,0,137.99,0.0,0,1,74
1242,1,1242,variant_mid,12.99,10.0,2025-09-19,1,1,0,59.63,41.9,0,1,0
1243,1,1243,variant_mid,12.99,10.0,2025-09-15,1,0,0,30.28,81.2,3,1,27
1244,1,1244,control,9.99,0.0,2025-02-05,0,0,0,15.38,8.1,2,1,1
1245,1,1245,control,9.99,0.0,2024-01-26,1,1,1,128.08,57.5,0,1,41
1246,1,1246,variant_high,14.99,15.0,2025-05-05,1,0,0,123.26,61.3,4,1,2
1247,1,1247,control,9.99,0.0,2024-11-28,1,0,0,87.38,61.0,4,1,4
1248,1,1248,variant_mid,12.99,10.0,2024-07-04,0,0,0,43.86,5.1,0,0,65
1249,1,1249,variant_high,14.99,15.0,2025-05-28,1,1,0,530.13,50.2,1,1,64
1250,1,1250,control,9.99,0.0,2024-02-04,1,0,0,154.93,67.9,1,1,51
1251,1,1251,variant_mid,12.99,10.0,2024-04-26,1,1,0,172.51,35.6,1,1,68
1252,1,1252,variant_high,14.99,15.0,2024-12-01,0,0,0,26.13,2.1,2,0,25
1253,1,1253,variant_high,14.99,15.0,2024-05-29,0,0,0,65.9,51.4,2,1,37
1254,1,1254,control,9.99,0.0,2025-05-19,1,1,1,288.08,93.4,3,1,88
1255,1,1255,control,9.99,0.0,2025-08-08,0,0,0,84.31,0.0,2,0,10
1256,1,1256,variant_high,14.99,15.0,2025-05-18,1,1,1,50.42,71.2,2,1,28
1257,1,1257,control,9.99,0.0,2024-04-21,0,0,0,21.66,0.0,2,1,19
1258,1,1258,variant_mid,12.99,10.0,2025-04-05,0,0,0,211.93,16.4,6,0,59
1259,1,1259,control,9.99,0.0,2025-11-18,1,1,0,101.8,91.6,4,0,65
1260,1,1260,variant_high,14.99,15.0,2025-11-25,0,0,0,172.06,7.6,2,1,50
1261,1,1261,variant_mid,12.99,10.0,2024-05-05,0,0,0,149.02,0.0,2,1,78
1262,1,1262,variant_mid,12.99,10.0,2024-06-02,1,1,1,114.26,57.1,2,1,65
1263,1,1263,variant_high,14.99,15.0,2024-05-26,0,0,0,709.39,17.8,3,1,73
1264,1,1264,control,9.99,0.0,2024-07-18,1,0,0,30.31,52.6,1,1,54
1265,1,1265,variant_mid,12.99,10.0,2025-10-26,0,0,0,115.79,19.1,1,0,73
1266,1,1266,variant_high,14.99,15.0,2024-03-17,1,1,0,184.23,43.0,3,1,61
1267,1,1267,variant_mid,12.99,10.0,2025-02-11,0,0,0,74.47,0.0,4,0,33
1268,1,1268,control,9.99,0.0,2025-11-25,1,1,1,458.44,63.1,2,1,43
1269,1,1269,variant_high,14.99,15.0,2025-09-05,0,0,0,59.1,12.7,2,0,81
1270,1,1270,control,9.99,0.0,2024-12-16,1,1,1,83.3,54.1,0,0,13
1271,1,1271,variant_mid,12.99,10.0,2025-02-12,0,0,0,31.18,24.3,1,1,80
1272,1,1272,control,9.99,0.0,2024-11-08,0,0,0,21.36,0.0,3,1,19
1273,1,1273,variant_high,14.99,15.0,2025-05-18,1,0,0,94.41,75.2,5,0,45
1274,1,1274,control,9.99,0.0,2025-12-23,1,1,1,88.37,61.9,1,1,80
1275,1,1275,control,9.99,0.0,2025-03-01,0,0,0,97.81,2.8,1,1,56
1276,1,1276,variant_mid,12.99,10.0,2024-11-22,1,1,1,58.68,48.2,2,1,42
1277,1,1277,control,9.99,0.0,2025-11-01,0,0,0,206.42,0.0,1,1,88
1278,1,1278,variant_high,14.99,15.0,2024-09-18,0,0,0,187.05,16.3,3,1,81
1279,1,1279,variant_mid,12.99,10.0,2024-03-05,0,0,0,300.4,13.4,4,1,65
1280,1,1280,variant_mid,12.99,10.0,2024-06-08,0,0,0,261.07,0.0,4,1,11
1281,1,1281,control,9.99,0.0,2025-05-10,0,0,0,122.13,25.7,0,1,32
1282,1,1282,variant_high,14.99,15.0,2024-12-01,0,0,0,47.1,0.0,1,0,57
1283,1,1283,variant_mid,12.99,10.0,2025-10-19,1,0,0,50.74,28.6,0,1,53
1284,1,1284,variant_mid,12.99,10.0,2025-05-26,0,0,0,132.36,0.0,4,1,78
1285,1,1285,control,9.99,0.0,2025-03-14,1,1,0,65.07,85.9,2,0,86
1286,1,1286,variant_high,14.99,15.0,2025-10-29,0,0,0,30.66,24.2,4,1,45
1287,1,1287,variant_mid,12.99,10.0,2025-07-02,1,1,1,80.58,47.5,2,1,37
1288,1,1288,control,9.99,0.0,2024-06-08,0,0,0,266.71,0.0,2,1,73
1289,1,1289,control,9.99,0.0,2025-06-20,0,0,0,45.19,32.5,1,1,21
1290,1,1290,variant_mid,12.99,10.0,2025-05-27,1,0,0,116.41,89.4,4,1,34
1291,1,1291,control,9.99,0.0,2025-12-03,1,1,0,177.76,62.4,1,1,54
1292,1,1292,variant_mid,12.99,10.0,2024-01-25,0,0,0,78.27,12.0,1,1,12
1293,1,1293,control,9.99,0.0,2024-05-15,1,1,1,53.86,63.8,1,1,71
1294,1,1294,variant_mid,12.99,10.0,2025-08-23,0,0,0,327.36,1.5,6,1,57
1295,1,1295,variant_high,14.99,15.0,2025-12-13,0,0,0,71.71,0.0,3,1,10
1296,1,1296,variant_mid,12.99,10.0,2024-07-26,1,0,0,101.82,70.4,2,1,82
1297,1,1297,control,9.99,0.0,2025-12-11,1,1,1,81.74,64.2,1,1,38
1298,1,1298,variant_mid,12.99,10.0,2024-02-01,0,0,0,272.33,26.1,4,1,84
1299,1,1299,variant_high,14.99,15.0,2025-06-16,1,1,0,125.31,71.3,7,0,69
1300,1,1300,variant_high,14.99,15.0,2024-11-03,0,0,0,380.84,40.5,3,1,24
1301,1,1301,variant_high,14.99,15.0,2025-04-19,0,0,0,63.53,0.0,1,0,59
1302,1,1302,variant_high,14.99,15.0,2025-10-28,1,0,0,52.05,34.0,4,0,46
1303,1,1303,control,9.99,0.0,2025-02-28,0,0,0,539.4,37.6,0,1,16
1304,1,1304,control,9.99,0.0,2024-07-02,0,0,0,57.83,0.0,4,1,89
1305,1,1305,control,9.99,0.0,2025-11-27,1,0,0,58.98,44.6,3,1,89
1306,1,1306,control,9.99,0.0,2024-08-08,1,0,0,106.91,92.8,2,0,60
1307,1,1307,variant_high,14.99,15.0,2025-01-07,0,0,0,141.93,0.0,1,1,30
1308,1,1308,control,9.99,0.0,2024-05-14,0,0,0,42.96,46.4,0,1,44
1309,1,1309,variant_mid,12.99,10.0,2025-10-01,1,0,0,510.88,78.3,5,1,56
1310,1,1310,control,9.99,0.0,2025-12-28,1,1,0,84.56,75.0,1,1,1
1311,1,1311,variant_high,14.99,15.0,2024-10-07,1,1,0,156.49,63.4,2,1,75
1312,1,1312,variant_high,14.99,15.0,2024-11-28,1,0,0,78.73,29.8,4,1,53
1313,1,1313,variant_high,14.99,15.0,2024-12-25,1,0,0,118.82,53.4,4,1,42
1314,1,1314,variant_mid,12.99,10.0,2025-11-25,0,0,0,503.41,17.8,3,1,60
1315,1,1315,variant_high,14.99,15.0,2025-04-09,0,0,0,25.8,35.7,1,0,15
1316,1,1316,variant_high,14.99,15.0,2024-03-19,0,0,0,84.82,6.6,5,1,51
1317,1,1317,variant_mid,12.99,10.0,2025-07-20,0,0,0,5.97,7.7,4,1,3
1318,1,1318,variant_mid,12.99,10.0,2024-12-11,1,1,0,79.66,75.9,2,1,38
1319,1,1319,control,9.99,0.0,2024-02-27,0,0,0,37.02,12.8,0,1,30
1320,1,1320,variant_high,14.99,15.0,2024-12-24,0,0,0,47.77,21.8,3,0,37
1321,1,1321,variant_high,14.99,15.0,2024-03-01,0,0,0,113.46,15.3,2,1,9
1322,1,1322,control,9.99,0.0,2024-07-07,0,0,0,24.02,50.4,2,1,23
1323,1,1323,control,9.99,0.0,2025-07-08,0,0,0,116.72,0.0,3,1,26
1324,1,1324,control,9.99,0.0,2025-01-08,1,1,1,144.04,64.4,0,1,49
1325,1,1325,variant_high,14.99,15.0,2024-11-26,0,0,0,72.33,0.0,1,1,24
1326,1,1326,variant_mid,12.99,10.0,2024-09-25,1,1,0,37.46,55.3,2,1,46
1327,1,1327,variant_high,14.99,15.0,2025-10-19,1,1,1,153.22,77.8,3,1,84
1328,1,1328,variant_mid,12.99,10.0,2024-06-28,0,0,0,283.34,23.2,4,1,78
1329,1,1329,control,9.99,0.0,2025-11-25,0,0,0,93.35,0.0,2,1,26
1330,1,1330,variant_mid,12.99,10.0,2024-10-13,1,1,0,81.89,64.8,0,1,21
1331,1,1331,control,9.99,0.0,2024-11-01,0,0,0,123.51,2.6,2,1,61
1332,1,1332,variant_mid,12.99,10.0,2025-04-17,1,1,1,122.82,78.5,1,1,18
1333,1,1333,variant_mid,12.99,10.0,2025-07-25,1,0,0,187.16,100.0,3,0,57
1334,1,1334,variant_mid,12.99,10.0,2024-12-07,0,0,0,19.27,26.0,3,1,36
1335,1,1335,variant_mid,12.99,10.0,2025-04-29,1,1,0,88.34,44.8,1,1,3
1336,1,1336,variant_mid,12.99,10.0,2024-11-05,1,1,0,115.46,63.7,0,1,75
1337,1,1337,variant_high,14.99,15.0,2025-07-29,0,0,0,19.17,0.0,4,1,67
1338,1,1338,control,9.99,0.0,2025-09-23,0,0,0,19.99,0.0,3,1,22
1339,1,1339,variant_high,14.99,15.0,2025-09-27,1,0,0,22.48,80.7,2,1,63
1340,1,1340,variant_mid,12.99,10.0,2025-05-04,1,0,0,1206.31,47.4,4,1,83
1341,1,1341,variant_mid,12.99,10.0,2024-07-28,1,1,1,86.29,53.1,6,1,11
1342,1,1342,control,9.99,0.0,2025-04-23,1,1,1,46.09,68.6,4,1,64
1343,1,1343,control,9.99,0.0,2025-03-31,1,0,0,87.06,87.2,1,0,13
1344,1,1344,variant_high,14.99,15.0,2024-06-13,1,0,0,132.32,82.0,2,0,15
1345,1,1345,variant_high,14.99,15.0,2025-09-25,1,1,0,293.66,80.9,6,1,25
1346,1,1346,variant_mid,12.99,10.0,2025-07-01,1,0,0,390.56,38.0,2,1,65
1347,1,1347,control,9.99,0.0,2024-11-27,0,0,0,97.85,8.7,4,1,87
1348,1,1348,variant_high,14.99,15.0,2024-02-07,1,1,1,125.95,100.0,3,1,88
1349,1,1349,variant_high,14.99,15.0,2025-06-17,0,0,0,138.06,6.8,5,1,77
1350,1,1350,variant_high,14.99,15.0,2024-06-24,0,0,0,27.31,2.8,7,1,82
1351,1,1351,control,9.99,0.0,2025-07-19,0,0,0,186.15,0.0,1,1,63
1352,1,1352,variant_mid,12.99,10.0,2024-11-16,1,0,0,78.02,83.2,4,1,87
1353,1,1353,variant_high,14.99,15.0,2025-06-11,1,1,1,20.52,74.4,4,1,18
1354,1,1354,control,9.99,0.0,2025-10-15,1,1,1,899.38,26.3,3,1,25
1355,1,1355,control,9.99,0.0,2024-03-19,1,1,0,188.02,83.1,2,1,81
1356,1,1356,variant_high,14.99,15.0,2024-01-21,1,1,0,263.13,66.3,5,1,13
1357,1,1357,variant_mid,12.99,10.0,2025-05-23,1,1,0,57.93,71.6,2,1,59
1358,1,1358,control,9.99,0.0,2024-12-08,0,0,0,20.79,0.0,0,1,60
1359,1,1359,variant_mid,12.99,10.0,2025-06-03,1,1,1,82.71,72.4,3,1,52
1360,1,1360,variant_high,14.99,15.0,2024-03-31,0,0,0,32.15,0.0,7,1,89
1361,1,1361,variant_high,14.99,15.0,2025-10-09,0,0,0,24.79,0.0,1,1,2
1362,1,1362,control,9.99,0.0,2024-06-28,1,0,0,24.01,27.7,4,0,27
1363,1,1363,variant_high,14.99,15.0,2024-04-12,0,0,0,106.9,34.1,4,1,44
1364,1,1364,variant_mid,12.99,10.0,2024-11-08,0,0,0,262.11,2.3,5,0,39
1365,1,1365,control,9.99,0.0,2025-08-25,0,0,0,153.95,0.0,1,1,48
1366,1,1366,control,9.99,0.0,2024-03-24,1,1,0,74.38,46.2,1,1,59
1367,1,1367,variant_high,14.99,15.0,2025-01-05,1,0,0,238.8,33.9,4,1,1
1368,1,1368,control,9.99,0.0,2025-09-08,1,1,1,32.71,57.9,3,1,7
1369,1,1369,control,9.99,0.0,2025-01-26,1,0,0,185.31,86.7,6,1,38
1370,1,1370,variant_high,14.99,15.0,2024-03-01,1,0,0,133.58,51.6,4,1,84
1371,1,1371,variant_high,14.99,15.0,2024-06-15,1,0,0,220.6,63.1,4,1,57
1372,1,1372,control,9.99,0.0,2025-03-04,1,0,0,77.04,76.4,0,1,71
1373,1,1373,variant_high,14.99,15.0,2025-04-27,0,0,0,102.46,19.3,6,1,44
1374,1,1374,variant_high,14.99,15.0,2024-05-18,1,0,0,16.69,59.2,4,1,73
1375,1,1375,variant_high,14.99,15.0,2024-10-25,1,1,1,167.38,45.0,9,1,89
1376,1,1376,variant_high,14.99,15.0,2024-03-20,1,0,0,363.46,37.7,2,1,12
1377,1,1377,control,9.99,0.0,2025-03-09,0,0,0,45.88,0.0,1,1,61
1378,1,1378,variant_high,14.99,15.0,2024-12-08,0,0,0,70.76,0.0,1,1,83
1379,1,1379,variant_mid,12.99,10.0,2025-04-24,0,0,0,76.68,10.6,2,1,23
1380,1,1380,variant_mid,12.99,10.0,2024-09-10,0,0,0,11.36,14.8,1,1,77
1381,1,1381,control,9.99,0.0,2025-12-24,0,0,0,39.01,7.9,3,0,69
1382,1,1382,variant_mid,12.99,10.0,2024-02-11,1,0,0,22.26,31.4,0,1,48
1383,1,1383,control,9.99,0.0,2024-07-14,1,0,0,433.82,92.4,0,1,73
1384,1,1384,variant_mid,12.99,10.0,2024-03-04,0,0,0,14.51,14.5,5,1,45
1385,1,1385,control,9.99,0.0,2025-09-18,1,1,0,10.94,100.0,1,0,73
1386,1,1386,variant_high,14.99,15.0,2024-08-11,1,1,0,383.0,38.2,6,1,60
1387,1,1387,control,9.99,0.0,2024-02-08,1,1,1,26.82,75.9,1,1,59
1388,1,1388,variant_mid,12.99,10.0,2025-08-01,0,0,0,349.59,15.3,2,0,11
1389,1,1389,variant_mid,12.99,10.0,2025-10-17,1,0,0,369.9,70.4,2,1,79
1390,1,1390,variant_mid,12.99,10.0,2025-09-14,1,0,0,98.17,56.4,4,0,3
1391,1,1391,variant_high,14.99,15.0,2024-06-06,0,0,0,108.57,63.3,2,1,22
1392,1,1392,variant_mid,12.99,10.0,2024-02-24,0,0,0,144.2,0.2,2,1,46
1393,1,1393,variant_high,14.99,15.0,2024-08-10,1,1,0,141.83,54.7,6,0,83
1394,1,1394,variant_mid,12.99,10.0,2024-05-17,1,0,0,66.99,40.7,4,1,84
1395,1,1395,variant_high,14.99,15.0,2025-07-28,1,0,0,54.76,87.3,5,1,7
1396,1,1396,variant_high,14.99,15.0,2024-09-07,1,1,1,413.86,47.2,4,1,24
1397,1,1397,variant_mid,12.99,10.0,2024-11-30,1,1,1,25.31,74.1,1,1,48
1398,1,1398,variant_high,14.99,15.0,2025-04-21,1,1,0,17.38,80.8,5,1,11
1399,1,1399,control,9.99,0.0,2024-12-08,1,0,0,60.3,60.5,3,0,13
1400,1,1400,variant_high,14.99,15.0,2024-08-15,0,0,0,124.33,12.8,3,1,39
1401,1,1401,variant_mid,12.99,10.0,2024-06-27,0,0,0,112.42,15.0,1,1,42
1402,1,1402,control,9.99,0.0,2024-06-29,1,0,0,39.72,60.2,3,1,59
1403,1,1403,variant_mid,12.99,10.0,2024-04-12,0,0,0,30.63,28.4,3,1,24
1404,1,1404,control,9.99,0.0,2025-03-15,0,0,0,412.22,5.3,2,1,44
1405,1,1405,variant_high,14.99,15.0,2024-06-22,0,0,0,89.87,15.7,2,1,27
1406,1,1406,variant_high,14.99,15.0,2025-05-21,0,0,0,207.15,22.2,2,0,74
1407,1,1407,variant_mid,12.99,10.0,2024-09-29,1,0,0,63.99,93.6,2,1,10
1408,1,1408,control,9.99,0.0,2024-12-30,1,0,0,27.34,67.5,1,1,3
1409,1,1409,variant_high,14.99,15.0,2025-09-18,0,0,0,87.81,17.8,2,1,58
1410,1,1410,variant_high,14.99,15.0,2025-05-13,0,0,0,127.69,0.0,3,1,61
1411,1,1411,variant_high,14.99,15.0,2024-08-19,0,0,0,130.21,18.8,2,1,34
1412,1,1412,variant_mid,12.99,10.0,2024-01-18,0,0,0,63.69,20.4,1,1,69
1413,1,1413,variant_mid,12.99,10.0,2025-06-15,1,1,1,147.62,24.4,1,1,50
1414,1,1414,control,9.99,0.0,2024-09-14,0,0,0,64.99,0.0,0,1,29
1415,1,1415,variant_high,14.99,15.0,2024-03-09,1,0,0,186.8,48.3,2,1,76
1416,1,1416,control,9.99,0.0,2025-03-23,1,0,0,307.08,64.5,1,1,78
1417,1,1417,control,9.99,0.0,2025-08-28,0,0,0,262.77,13.9,2,0,83
1418,1,1418,control,9.99,0.0,2025-05-09,0,0,0,43.91,0.0,2,0,86
1419,1,1419,variant_mid,12.99,10.0,2025-09-10,1,1,1,60.12,82.5,4,0,78
1420,1,1420,variant_mid,12.99,10.0,2024-05-23,1,0,0,49.46,59.9,2,1,40
1421,1,1421,variant_high,14.99,15.0,2025-10-05,1,1,1,141.08,49.4,1,1,71
1422,1,1422,variant_high,14.99,15.0,2024-09-10,1,1,1,198.68,46.6,3,1,67
1423,1,1423,control,9.99,0.0,2025-01-22,0,0,0,142.45,28.9,1,1,15
1424,1,1424,control,9.99,0.0,2024-06-23,1,1,1,139.43,70.8,3,0,45
1425,1,1425,variant_mid,12.99,10.0,2025-04-10,1,0,0,49.12,61.1,3,1,30
1426,1,1426,variant_high,14.99,15.0,2025-10-17,1,1,0,5.0,56.0,2,0,67
1427,1,1427,variant_high,14.99,15.0,2025-12-22,1,1,1,759.72,18.0,2,1,39
1428,1,1428,control,9.99,0.0,2024-08-20,0,0,0,91.31,7.4,2,1,47
1429,1,1429,control,9.99,0.0,2024-11-06,0,0,0,175.2,0.0,1,0,10
1430,1,1430,variant_high,14.99,15.0,2025-10-23,1,0,0,47.57,46.7,5,1,21
1431,1,1431,variant_mid,12.99,10.0,2024-08-23,1,1,1,25.08,47.0,3,1,25
1432,1,1432,variant_mid,12.99,10.0,2025-10-09,0,0,0,377.58,17.4,0,1,2
1433,1,1433,control,9.99,0.0,2025-02-14,0,0,0,147.76,23.9,3,1,17
1434,1,1434,control,9.99,0.0,2025-01-30,0,0,0,32.72,0.0,1,1,15
1435,1,1435,control,9.99,0.0,2025-12-02,0,0,0,35.64,0.0,0,1,57
1436,1,1436,variant_high,14.99,15.0,2025-10-12,0,0,0,80.78,25.5,3,1,32
1437,1,1437,variant_high,14.99,15.0,2025-11-13,0,0,0,84.18,0.4,0,1,28
1438,1,1438,variant_mid,12.99,10.0,2024-02-25,1,1,1,32.48,71.4,1,1,41
1439,1,1439,variant_mid,12.99,10.0,2024-04-09,1,0,0,389.19,84.5,3,1,14
1440,1,1440,control,9.99,0.0,2024-04-07,1,1,1,451.59,68.2,1,0,56
1441,1,1441,control,9.99,0.0,2025-02-06,0,0,0,39.11,20.5,1,1,67
1442,1,1442,control,9.99,0.0,2024-10-27,1,1,0,323.11,86.5,2,0,13
1443,1,1443,control,9.99,0.0,2024-06-29,1,0,0,56.5,55.0,3,0,82
1444,1,1444,variant_high,14.99,15.0,2025-05-21,1,1,1,27.93,54.4,3,1,21
1445,1,1445,control,9.99,0.0,2024-07-02,1,1,1,115.46,42.9,4,1,88
1446,1,1446,control,9.99,0.0,2025-12-29,0,0,0,79.83,40.4,1,1,77
1447,1,1447,variant_high,14.99,15.0,2024-09-22,1,1,1,71.41,66.5,1,1,75
1448,1,1448,variant_mid,12.99,10.0,2024-12-13,0,0,0,66.64,27.7,5,1,85
1449,1,1449,control,9.99,0.0,2024-02-27,1,1,0,62.81,37.9,0,1,40
1450,1,1450,control,9.99,0.0,2024-01-17,1,1,0,42.97,83.1,3,1,17
1451,1,1451,control,9.99,0.0,2024-05-15,1,1,1,250.93,76.7,3,1,56
1452,1,1452,control,9.99,0.0,2024-05-15,1,1,0,549.59,68.4,2,1,38
1453,1,1453,variant_high,14.99,15.0,2024-03-12,1,1,0,570.4,84.5,1,1,68
1454,1,1454,variant_mid,12.99,10.0,2024-12-03,0,0,0,114.47,43.2,2,1,11
1455,1,1455,control,9.99,0.0,2025-05-31,1,1,1,92.47,63.0,1,1,74
1456,1,1456,variant_high,14.99,15.0,2025-05-26,1,0,0,111.36,70.6,4,1,47
1457,1,1457,control,9.99,0.0,2025-08-08,1,0,0,215.05,84.0,4,1,64
1458,1,1458,variant_mid,12.99,10.0,2025-03-15,0,0,0,473.34,8.4,3,1,62
1459,1,1459,control,9.99,0.0,2024-04-17,1,1,1,50.93,68.4,1,1,88
1460,1,1460,control,9.99,0.0,2025-10-08,0,0,0,77.21,0.0,1,1,19
1461,1,1461,variant_mid,12.99,10.0,2025-09-08,0,0,0,234.84,21.9,4,1,21
1462,1,1462,control,9.99,0.0,2024-07-13,1,1,1,107.04,80.4,5,0,50
1463,1,1463,control,9.99,0.0,2025-09-24,1,0,0,836.72,59.7,2,0,88
1464,1,1464,variant_mid,12.99,10.0,2025-02-17,0,0,0,77.38,13.4,0,0,44
1465,1,1465,variant_high,14.99,15.0,2024-10-18,0,0,0,28.56,42.2,2,1,44
1466,1,1466,variant_mid,12.99,10.0,2024-04-28,0,0,0,51.02,20.0,0,1,45
1467,1,1467,control,9.99,0.0,2025-11-27,1,0,0,55.8,44.8,2,1,75
1468,1,1468,control,9.99,0.0,2025-05-03,0,0,0,69.18,7.2,2,1,59
1469,1,1469,variant_mid,12.99,10.0,2024-11-21,1,0,0,17.93,48.6,4,1,0
1470,1,1470,control,9.99,0.0,2025-07-27,0,0,0,26.61,0.0,0,0,65
1471,1,1471,control,9.99,0.0,2025-08-08,0,0,0,55.11,0.0,1,1,22
1472,1,1472,variant_mid,12.99,10.0,2025-01-25,1,0,0,174.34,41.6,5,1,0
1473,1,1473,variant_high,14.99,15.0,2024-06-20,1,1,0,134.38,59.1,3,1,20
1474,1,1474,variant_high,14.99,15.0,2024-12-05,0,0,0,83.72,17.3,5,1,28
1475,1,1475,control,9.99,0.0,2025-04-04,0,0,0,53.89,0.0,1,1,41
1476,1,1476,variant_high,14.99,15.0,2024-05-31,1,1,0,92.6,61.1,3,1,26
1477,1,1477,variant_mid,12.99,10.0,2024-04-06,0,0,0,136.06,18.6,5,1,43
1478,1,1478,variant_high,14.99,15.0,2025-11-30,1,0,0,29.64,83.8,5,0,75
1479,1,1479,variant_mid,12.99,10.0,2025-02-28,0,0,0,34.49,9.4,1,1,0
1480,1,1480,variant_high,14.99,15.0,2025-04-06,0,0,0,36.38,21.9,2,1,0
1481,1,1481,variant_mid,12.99,10.0,2024-11-20,1,1,1,36.04,77.6,4,1,38
1482,1,1482,variant_high,14.99,15.0,2025-08-30,0,0,0,486.1,6.5,4,1,29
1483,1,1483,variant_mid,12.99,10.0,2024-09-28,0,0,0,56.42,3.3,3,1,3
1484,1,1484,variant_mid,12.99,10.0,2024-02-03,0,0,0,91.87,6.1,3,1,77
1485,1,1485,variant_mid,12.99,10.0,2025-07-14,1,1,1,318.04,53.6,3,1,74
1486,1,1486,control,9.99,0.0,2024-07-16,1,1,1,148.56,76.7,2,1,2
1487,1,1487,variant_mid,12.99,10.0,2025-07-13,0,0,0,16.42,26.1,2,0,19
1488,1,1488,control,9.99,0.0,2024-12-30,0,0,0,39.84,27.3,4,1,36
1489,1,1489,control,9.99,0.0,2024-09-19,1,0,0,66.33,42.4,1,0,3
1490,1,1490,variant_mid,12.99,10.0,2025-01-28,1,0,0,145.38,42.5,2,1,79
1491,1,1491,variant_mid,12.99,10.0,2024-11-16,1,0,0,84.05,78.0,2,1,27
1492,1,1492,control,9.99,0.0,2024-11-04,0,0,0,110.2,25.7,0,1,70
1493,1,1493,control,9.99,0.0,2024-08-02,0,0,0,367.91,26.1,5,1,76
1494,1,1494,variant_mid,12.99,10.0,2024-09-07,1,1,1,81.48,33.0,4,1,35
1495,1,1495,variant_high,14.99,15.0,2024-09-03,0,0,0,39.46,8.9,2,1,83
1496,1,1496,variant_mid,12.99,10.0,2024-12-12,1,1,1,665.5,47.9,1,1,74
1497,1,1497,variant_high,14.99,15.0,2025-12-25,1,1,1,17.89,73.7,3,1,30
1498,1,1498,variant_mid,12.99,10.0,2024-10-03,0,0,0,251.34,0.8,7,0,60
1499,1,1499,control,9.99,0.0,2025-03-30,0,0,0,56.33,4.9,1,1,45
1500,1,1500,control,9.99,0.0,2024-02-11,1,1,1,531.36,51.6,1,0,83
1501,1,1501,variant_mid,12.99,10.0,2024-01-08,0,0,0,121.8,31.3,0,1,21
1502,1,1502,variant_high,14.99,15.0,2025-06-09,1,0,0,231.47,66.0,4,1,85
1503,1,1503,control,9.99,0.0,2025-05-06,1,0,0,152.2,40.5,1,1,53
1504,1,1504,variant_mid,12.99,10.0,2025-07-23,0,0,0,48.08,36.2,2,1,82
1505,1,1505,variant_high,14.99,15.0,2025-02-20,0,0,0,38.56,23.5,3,1,72
1506,1,1506,variant_high,14.99,15.0,2024-08-27,1,0,0,165.27,89.9,3,1,46
1507,1,1507,variant_mid,12.99,10.0,2024-03-30,1,0,0,31.93,50.4,3,1,3
1508,1,1508,control,9.99,0.0,2025-12-14,0,0,0,34.21,31.8,1,1,75
1509,1,1509,variant_high,14.99,15.0,2024-05-14,0,0,0,135.03,20.3,1,1,35
1510,1,1510,variant_mid,12.99,10.0,2025-12-21,0,0,0,27.15,0.0,2,0,45
1511,1,1511,control,9.99,0.0,2024-08-05,0,0,0,132.45,0.8,0,1,76
1512,1,1512,variant_high,14.99,15.0,2025-03-06,1,1,0,131.21,42.5,0,1,15
1513,1,1513,variant_high,14.99,15.0,2024-03-23,0,0,0,107.2,7.7,4,1,25
1514,1,1514,variant_high,14.99,15.0,2025-08-13,1,1,1,42.58,63.5,3,1,70
1515,1,1515,variant_mid,12.99,10.0,2024-11-09,0,0,0,124.19,21.6,2,1,56
1516,1,1516,variant_high,14.99,15.0,2025-02-08,0,0,0,61.75,32.1,2,1,85
1517,1,1517,control,9.99,0.0,2024-04-22,0,0,0,80.19,0.0,2,0,30
1518,1,1518,variant_high,14.99,15.0,2024-07-26,0,0,0,156.36,0.0,2,0,76
1519,1,1519,variant_high,14.99,15.0,2024-11-02,0,0,0,15.21,8.0,4,1,83
1520,1,1520,variant_mid,12.99,10.0,2024-02-29,0,0,0,180.54,13.5,2,0,55
1521,1,1521,control,9.99,0.0,2025-07-04,1,0,0,59.89,73.2,0,1,40
1522,1,1522,variant_high,14.99,15.0,2024-09-14,1,1,0,107.39,63.9,3,1,51
1523,1,1523,variant_mid,12.99,10.0,2025-06-23,0,0,0,570.2,0.0,1,0,73
1524,1,1524,variant_high,14.99,15.0,2024-05-19,0,0,0,57.48,1.5,3,1,85
1525,1,1525,variant_high,14.99,15.0,2024-02-03,1,1,0,64.77,62.2,2,0,51
1526,1,1526,variant_high,14.99,15.0,2025-11-15,0,0,0,37.03,0.0,3,1,36
1527,1,1527,control,9.99,0.0,2024-06-25,1,0,0,180.41,70.0,2,1,69
1528,1,1528,variant_high,14.99,15.0,2025-12-10,0,0,0,209.64,35.5,1,1,5
1529,1,1529,variant_high,14.99,15.0,2025-06-08,0,0,0,678.52,39.3,6,0,35
1530,1,1530,variant_mid,12.99,10.0,2025-02-08,1,0,0,176.59,58.4,2,1,49
1531,1,1531,control,9.99,0.0,2025-04-13,0,0,0,127.21,28.4,2,0,10
1532,1,1532,variant_high,14.99,15.0,2025-03-07,1,0,0,50.08,100.0,5,1,10
1533,1,1533,control,9.99,0.0,2024-10-19,0,0,0,134.28,4.8,2,1,76
1534,1,1534,control,9.99,0.0,2025-11-13,0,0,0,88.43,18.5,1,0,62
1535,1,1535,control,9.99,0.0,2024-03-02,0,0,0,76.78,30.9,1,1,22
1536,1,1536,control,9.99,0.0,2025-07-08,0,0,0,77.59,6.1,0,1,42
1537,1,1537,variant_mid,12.99,10.0,2025-04-02,1,0,0,255.18,67.3,0,1,73
1538,1,1538,control,9.99,0.0,2024-05-12,0,0,0,183.1,42.1,7,1,73
1539,1,1539,variant_mid,12.99,10.0,2025-05-08,0,0,0,281.5,23.4,3,1,3
1540,1,1540,variant_high,14.99,15.0,2025-12-06,1,0,0,105.84,48.8,4,1,52
1541,1,1541,variant_mid,12.99,10.0,2024-08-14,0,0,0,108.5,0.0,1,1,59
1542,1,1542,variant_mid,12.99,10.0,2025-03-07,1,1,1,112.33,42.1,5,1,24
1543,1,1543,control,9.99,0.0,2024-10-09,1,0,0,224.29,96.6,3,1,42
1544,1,1544,variant_mid,12.99,10.0,2024-02-02,1,1,0,45.87,60.8,7,1,6
1545,1,1545,variant_mid,12.99,10.0,2024-02-24,1,0,0,68.35,55.7,1,1,25
1546,1,1546,variant_high,14.99,15.0,2024-06-10,0,0,0,113.03,15.5,3,0,73
1547,1,1547,variant_high,14.99,15.0,2025-04-15,0,0,0,73.25,32.5,2,1,0
1548,1,1548,variant_mid,12.99,10.0,2025-08-20,0,0,0,16.92,24.5,2,1,34
1549,1,1549,control,9.99,0.0,2024-03-17,1,0,0,37.09,74.0,1,0,71
1550,1,1550,variant_high,14.99,15.0,2024-04-14,1,0,0,105.84,80.6,2,1,30
1551,1,1551,variant_high,14.99,15.0,2025-10-09,1,0,0,273.98,64.3,1,1,75
1552,1,1552,variant_high,14.99,15.0,2025-09-14,1,0,0,15.69,35.0,2,0,32
1553,1,1553,variant_high,14.99,15.0,2025-02-02,0,0,0,219.96,0.0,2,1,44
1554,1,1554,control,9.99,0.0,2025-08-01,0,0,0,214.17,36.1,3,1,21
1555,1,1555,variant_high,14.99,15.0,2024-06-20,0,0,0,55.96,18.4,2,1,26
1556,1,1556,control,9.99,0.0,2024-02-15,1,0,0,204.9,34.4,1,0,77
1557,1,1557,control,9.99,0.0,2025-10-27,0,0,0,247.64,24.8,2,1,74
1558,1,1558,variant_high,14.99,15.0,2024-09-11,0,0,0,200.7,0.0,1,1,74
1559,1,1559,control,9.99,0.0,2024-09-17,1,0,0,7.92,70.7,3,1,82
1560,1,1560,variant_mid,12.99,10.0,2025-01-16,0,0,0,255.74,5.1,5,1,80
1561,1,1561,control,9.99,0.0,2025-03-24,0,0,0,92.03,0.0,1,0,47
1562,1,1562,control,9.99,0.0,2024-03-03,1,1,1,188.69,80.0,1,0,15
1563,1,1563,control,9.99,0.0,2025-03-09,1,0,0,29.35,54.7,4,1,62
1564,1,1564,variant_mid,12.99,10.0,2025-03-10,0,0,0,63.19,17.2,1,1,44
1565,1,1565,control,9.99,0.0,2025-07-16,0,0,0,177.77,21.3,1,1,32
1566,1,1566,variant_mid,12.99,10.0,2025-12-25,1,0,0,68.17,60.9,3,0,78
1567,1,1567,variant_mid,12.99,10.0,2025-06-21,0,0,0,472.45,1.5,6,1,79
1568,1,1568,control,9.99,0.0,2025-03-31,0,0,0,77.66,0.0,2,0,55
1569,1,1569,variant_high,14.99,15.0,2025-10-28,1,0,0,76.86,43.6,1,1,4
1570,1,1570,control,9.99,0.0,2025-01-11,1,1,1,431.49,52.8,3,1,78
1571,1,1571,variant_high,14.99,15.0,2024-02-24,1,0,0,235.13,14.5,2,1,9
1572,1,1572,variant_high,14.99,15.0,2025-10-09,1,1,0,479.25,80.8,5,0,10
1573,1,1573,variant_high,14.99,15.0,2025-12-19,1,0,0,46.42,56.1,4,1,30
1574,1,1574,variant_mid,12.99,10.0,2025-12-06,1,0,0,48.64,42.9,1,1,40
1575,1,1575,variant_high,14.99,15.0,2025-11-06,1,1,1,157.87,95.4,4,1,39
1576,1,1576,control,9.99,0.0,2025-11-05,0,0,0,31.13,14.4,2,1,50
1577,1,1577,variant_high,14.99,15.0,2025-06-06,0,0,0,235.69,37.8,3,1,12
1578,1,1578,control,9.99,0.0,2024-02-07,0,0,0,96.63,58.5,0,1,86
1579,1,1579,variant_mid,12.99,10.0,2025-07-13,0,0,0,473.46,13.9,2,1,9
1580,1,1580,variant_mid,12.99,10.0,2024-03-30,0,0,0,115.11,0.0,5,1,69
1581,1,1581,variant_high,14.99,15.0,2024-04-22,1,1,1,150.61,6.6,1,1,39
1582,1,1582,variant_high,14.99,15.0,2025-03-29,0,0,0,177.74,3.9,8,1,83
1583,1,1583,control,9.99,0.0,2025-11-09,0,0,0,100.02,9.7,2,0,20
1584,1,1584,control,9.99,0.0,2024-06-25,0,0,0,68.74,0.0,2,1,13
1585,1,1585,variant_high,14.99,15.0,2024-05-12,1,0,0,7.86,99.1,5,1,45
1586,1,1586,variant_high,14.99,15.0,2025-02-02,1,1,0,76.21,63.6,4,1,47
1587,1,1587,control,9.99,0.0,2024-09-27,1,1,1,216.04,43.6,3,0,59
1588,1,1588,variant_high,14.99,15.0,2025-09-13,0,0,0,93.27,48.2,2,0,0
1589,1,1589,variant_mid,12.99,10.0,2024-05-29,1,1,0,268.03,71.1,1,1,43
1590,1,1590,control,9.99,0.0,2025-11-16,0,0,0,40.4,8.2,2,1,67
1591,1,1591,control,9.99,0.0,2024-07-23,1,0,0,24.45,47.3,4,1,57
1592,1,1592,variant_high,14.99,15.0,2024-09-19,1,1,0,62.5,39.3,2,1,71
1593,1,1593,control,9.99,0.0,2025-05-07,1,1,1,98.49,92.3,2,1,69
1594,1,1594,variant_high,14.99,15.0,2025-09-24,0,0,0,1402.91,0.0,3,1,64
1595,1,1595,control,9.99,0.0,2024-12-17,1,1,1,303.73,89.4,2,0,49
1596,1,1596,variant_mid,12.99,10.0,2025-01-09,1,1,0,108.14,58.9,4,1,68
1597,1,1597,control,9.99,0.0,2025-04-25,0,0,0,32.46,3.8,4,1,21
1598,1,1598,variant_high,14.99,15.0,2025-04-26,1,1,1,24.26,84.0,2,1,78
1599,1,1599,control,9.99,0.0,2025-08-05,0,0,0,66.86,13.9,2,1,46
1600,1,1600,variant_mid,12.99,10.0,2024-04-09,0,0,0,64.66,0.0,6,1,78
1601,1,1601,variant_mid,12.99,10.0,2025-12-14,0,0,0,27.95,19.1,3,1,76
1602,1,1602,variant_mid,12.99,10.0,2024-02-25,1,0,0,528.83,63.6,0,1,10
1603,1,1603,variant_mid,12.99,10.0,2024-06-26,1,0,0,134.77,72.0,4,1,79
1604,1,1604,control,9.99,0.0,2025-08-01,0,0,0,268.45,0.0,3,1,5
1605,1,1605,control,9.99,0.0,2024-08-01,1,0,0,463.34,49.5,4,1,1
1606,1,1606,control,9.99,0.0,2025-03-22,0,0,0,30.22,0.0,1,0,82
1607,1,1607,control,9.99,0.0,2024-04-29,1,1,1,168.28,66.3,1,1,15
1608,1,1608,control,9.99,0.0,2025-09-12,0,0,0,197.33,0.0,0,1,71
1609,1,1609,control,9.99,0.0,2024-08-21,1,1,1,128.41,51.5,1,1,66
1610,1,1610,variant_mid,12.99,10.0,2024-04-13,0,0,0,33.8,32.7,2,1,25
1611,1,1611,control,9.99,0.0,2024-04-06,1,1,1,259.62,48.7,0,1,68
1612,1,1612,variant_mid,12.99,10.0,2024-05-05,0,0,0,176.74,14.8,3,1,86
1613,1,1613,variant_high,14.99,15.0,2025-07-03,1,1,1,487.99,64.7,5,1,89
1614,1,1614,variant_high,14.99,15.0,2024-02-15,0,0,0,58.63,36.0,0,1,38
1615,1,1615,variant_mid,12.99,10.0,2025-03-25,1,1,1,56.04,79.9,2,1,77
1616,1,1616,control,9.99,0.0,2025-04-27,0,0,0,34.28,0.0,0,1,17
1617,1,1617,variant_mid,12.99,10.0,2024-09-10,0,0,0,40.66,25.6,3,1,81
1618,1,1618,control,9.99,0.0,2025-03-31,0,0,0,33.08,0.0,2,1,11
1619,1,1619,variant_mid,12.99,10.0,2024-08-18,0,0,0,79.78,34.1,2,1,85
1620,1,1620,variant_high,14.99,15.0,2024-11-11,1,1,0,177.71,62.2,5,1,61
1621,1,1621,variant_mid,12.99,10.0,2024-01-22,1,0,0,62.49,76.1,2,1,55
1622,1,1622,variant_high,14.99,15.0,2024-04-08,1,0,0,187.21,55.5,3,0,39
1623,1,1623,control,9.99,0.0,2024-03-20,1,0,0,100.75,55.2,6,0,22
1624,1,1624,control,9.99,0.0,2024-01-29,1,0,0,15.67,43.6,4,1,66
1625,1,1625,control,9.99,0.0,2024-09-19,1,1,1,7.55,45.2,2,1,87
1626,1,1626,control,9.99,0.0,2024-07-27,0,0,0,209.79,25.1,2,1,19
1627,1,1627,control,9.99,0.0,2024-07-22,1,0,0,116.44,30.4,1,1,24
1628,1,1628,variant_high,14.99,15.0,2024-01-05,0,0,0,1157.44,16.2,5,1,68
1629,1,1629,variant_mid,12.99,10.0,2025-08-17,1,1,0,35.65,73.9,0,1,31
1630,1,1630,variant_high,14.99,15.0,2025-11-23,1,0,0,54.98,71.4,3,1,83
1631,1,1631,variant_high,14.99,15.0,2025-06-23,0,0,0,53.29,16.8,3,1,3
1632,1,1632,variant_high,14.99,15.0,2024-05-16,1,1,1,51.6,71.5,2,1,3
1633,1,1633,variant_high,14.99,15.0,2025-08-11,0,0,0,25.41,4.7,1,1,3
1634,1,1634,control,9.99,0.0,2024-07-20,0,0,0,158.47,26.8,1,0,56
1635,1,1635,variant_high,14.99,15.0,2024-08-17,0,0,0,97.8,30.0,2,0,2
1636,1,1636,variant_high,14.99,15.0,2025-08-18,1,1,1,38.22,66.3,3,1,11
1637,1,1637,variant_mid,12.99,10.0,2024-06-07,1,0,0,306.62,46.2,1,0,22
1638,1,1638,variant_mid,12.99,10.0,2025-12-28,1,0,0,41.56,46.7,0,1,4
1639,1,1639,variant_high,14.99,15.0,2025-09-29,0,0,0,134.17,23.1,4,1,40
1640,1,1640,variant_high,14.99,15.0,2025-03-30,1,0,0,74.57,48.5,5,1,32
1641,1,1641,control,9.99,0.0,2025-01-13,0,0,0,40.91,0.0,1,1,34
1642,1,1642,control,9.99,0.0,2024-07-09,1,0,0,148.42,56.7,2,1,34
1643,1,1643,control,9.99,0.0,2025-04-26,0,0,0,716.37,0.0,0,1,42
1644,1,1644,variant_high,14.99,15.0,2024-12-11,0,0,0,110.8,19.7,8,1,49
1645,1,1645,control,9.99,0.0,2025-04-27,0,0,0,70.01,29.8,2,1,75
1646,1,1646,variant_mid,12.99,10.0,2024-03-03,1,1,0,999.64,58.1,1,0,4
1647,1,1647,variant_mid,12.99,10.0,2024-09-29,1,1,1,187.74,53.1,5,1,66
1648,1,1648,variant_high,14.99,15.0,2024-04-09,1,1,1,90.33,74.8,7,0,50
1649,1,1649,variant_high,14.99,15.0,2024-11-01,0,0,0,150.23,26.0,2,0,60
1650,1,1650,variant_mid,12.99,10.0,2025-06-22,1,0,0,235.7,85.8,1,1,33
1651,1,1651,variant_mid,12.99,10.0,2024-04-13,0,0,0,62.43,6.5,3,0,42
1652,1,1652,variant_high,14.99,15.0,2025-09-09,0,0,0,21.6,18.7,3,1,86
1653,1,1653,control,9.99,0.0,2025-09-03,0,0,0,667.74,7.6,1,1,26
1654,1,1654,variant_mid,12.99,10.0,2024-07-28,1,0,0,84.46,50.3,3,1,48
1655,1,1655,variant_high,14.99,15.0,2024-05-26,1,1,0,693.29,42.2,3,1,46
1656,1,1656,variant_mid,12.99,10.0,2025-07-11,0,0,0,140.95,16.7,1,1,31
1657,1,1657,variant_high,14.99,15.0,2025-07-15,1,1,0,526.25,52.8,2,1,28
1658,1,1658,variant_mid,12.99,10.0,2025-04-15,1,1,0,86.36,54.1,1,1,25
1659,1,1659,variant_mid,12.99,10.0,2024-05-05,1,0,0,37.06,100.0,3,1,29
1660,1,1660,variant_high,14.99,15.0,2025-01-07,1,1,0,223.16,70.9,3,0,59
1661,1,1661,variant_high,14.99,15.0,2024-07-18,0,0,0,54.72,1.9,2,1,65
1662,1,1662,variant_high,14.99,15.0,2024-08-10,1,1,1,179.09,91.3,1,0,16
1663,1,1663,variant_high,14.99,15.0,2025-03-11,1,0,0,495.61,63.1,2,0,54
1664,1,1664,control,9.99,0.0,2026-01-02,1,1,0,518.93,60.1,3,1,0
1665,1,1665,control,9.99,0.0,2024-06-13,1,1,1,19.64,56.9,4,1,61
1666,1,1666,variant_high,14.99,15.0,2024-07-06,1,0,0,890.01,62.8,3,1,35
1667,1,1667,variant_high,14.99,15.0,2024-07-14,1,0,0,82.47,63.7,5,1,58
1668,1,1668,variant_high,14.99,15.0,2024-06-13,1,0,0,120.74,47.0,2,1,53
1669,1,1669,control,9.99,0.0,2025-12-02,1,1,1,2998.54,45.9,2,1,27
1670,1,1670,variant_mid,12.99,10.0,2024-04-09,0,0,0,108.83,0.0,5,1,76
1671,1,1671,variant_mid,12.99,10.0,2024-06-09,1,0,0,65.58,78.5,3,1,45
1672,1,1672,variant_mid,12.99,10.0,2025-05-09,1,0,0,59.77,67.7,6,1,81
1673,1,1673,variant_mid,12.99,10.0,2024-09-15,1,0,0,157.18,68.6,0,0,88
1674,1,1674,variant_high,14.99,15.0,2025-11-07,1,1,1,71.38,32.9,2,1,36
1675,1,1675,variant_mid,12.99,10.0,2025-03-25,1,1,0,123.36,35.9,0,1,53
1676,1,1676,control,9.99,0.0,2024-04-07,0,0,0,5.0,14.5,3,1,9
1677,1,1677,variant_mid,12.99,10.0,2025-01-02,1,0,0,106.94,74.4,4,1,0
1678,1,1678,control,9.99,0.0,2024-03-17,0,0,0,88.84,31.1,3,0,88
1679,1,1679,variant_high,14.99,15.0,2024-11-17,1,0,0,363.39,79.3,3,1,47
1680,1,1680,variant_high,14.99,15.0,2025-11-11,0,0,0,293.6,20.6,4,1,87
1681,1,1681,variant_high,14.99,15.0,2025-01-03,1,0,0,56.21,85.2,4,0,21
1682,1,1682,variant_high,14.99,15.0,2025-05-04,1,0,0,207.74,23.9,3,1,32
1683,1,1683,variant_high,14.99,15.0,2024-10-24,0,0,0,414.38,3.9,4,1,29
1684,1,1684,variant_mid,12.99,10.0,2025-12-24,0,0,0,29.02,32.8,2,1,57
1685,1,1685,variant_mid,12.99,10.0,2025-03-17,0,0,0,10.4,15.5,3,1,55
1686,1,1686,variant_mid,12.99,10.0,2025-06-05,1,1,1,33.42,73.3,6,1,70
1687,1,1687,variant_mid,12.99,10.0,2025-08-20,1,0,0,77.11,87.1,3,1,15
1688,1,1688,control,9.99,0.0,2025-07-28,0,0,0,422.91,1.9,5,0,50
1689,1,1689,variant_high,14.99,15.0,2025-11-25,1,1,1,92.11,56.1,2,0,78
1690,1,1690,control,9.99,0.0,2024-12-08,1,1,1,15.08,39.1,2,0,40
1691,1,1691,control,9.99,0.0,2024-05-04,1,0,0,158.78,65.9,3,1,86
1692,1,1692,variant_mid,12.99,10.0,2024-06-25,0,0,0,27.67,1.7,3,1,53
1693,1,1693,variant_high,14.99,15.0,2024-07-01,0,0,0,89.83,14.6,3,1,11
1694,1,1694,control,9.99,0.0,2025-03-11,1,1,0,178.29,96.0,0,1,36
1695,1,1695,variant_high,14.99,15.0,2024-03-23,1,0,0,139.81,53.2,5,0,0
1696,1,1696,variant_mid,12.99,10.0,2024-09-25,0,0,0,89.9,8.8,4,0,24
1697,1,1697,control,9.99,0.0,2025-06-25,0,0,0,65.09,17.4,3,0,4
1698,1,1698,control,9.99,0.0,2024-12-17,1,1,1,30.59,55.5,1,0,15
1699,1,1699,control,9.99,0.0,2024-09-11,0,0,0,27.48,7.9,4,1,3
1700,1,1700,variant_mid,12.99,10.0,2025-01-24,0,0,0,385.1,11.8,3,1,48
1701,1,1701,variant_mid,12.99,10.0,2024-04-15,1,1,1,35.34,24.3,2,1,22
1702,1,1702,variant_mid,12.99,10.0,2024-02-02,1,1,0,257.04,79.6,0,1,3
1703,1,1703,control,9.99,0.0,2025-06-15,0,0,0,67.97,31.5,1,1,13
1704,1,1704,control,9.99,0.0,2025-04-02,1,1,0,261.14,74.7,0,1,74
1705,1,1705,control,9.99,0.0,2025-05-17,0,0,0,34.71,0.0,3,1,75
1706,1,1706,variant_high,14.99,15.0,2024-09-19,0,0,0,162.96,25.6,3,1,42
1707,1,1707,variant_mid,12.99,10.0,2024-06-29,0,0,0,92.45,36.5,1,1,28
1708,1,1708,variant_mid,12.99,10.0,2025-08-29,1,0,0,65.55,84.1,2,0,60
1709,1,1709,variant_high,14.99,15.0,2025-06-29,1,0,0,48.74,64.5,4,1,36
1710,1,1710,control,9.99,0.0,2024-02-18,0,0,0,37.67,11.6,4,1,37
1711,1,1711,control,9.99,0.0,2025-12-07,1,0,0,50.61,80.5,1,1,71
1712,1,1712,variant_mid,12.99,10.0,2025-02-20,1,1,1,270.96,21.0,3,1,16
1713,1,1713,variant_high,14.99,15.0,2024-08-21,0,0,0,523.87,9.1,6,1,5
1714,1,1714,variant_high,14.99,15.0,2024-09-28,1,0,0,116.26,58.6,4,1,55
1715,1,1715,control,9.99,0.0,2025-02-05,1,1,1,91.13,53.7,0,1,0
1716,1,1716,control,9.99,0.0,2024-03-22,1,1,0,30.93,45.7,4,1,89
1717,1,1717,variant_mid,12.99,10.0,2024-03-14,1,1,1,132.18,74.5,5,0,14
1718,1,1718,control,9.99,0.0,2024-11-12,0,0,0,5.0,9.3,1,1,35
1719,1,1719,variant_high,14.99,15.0,2025-12-19,0,0,0,66.63,21.0,4,1,64
1720,1,1720,control,9.99,0.0,2024-10-29,1,1,1,143.04,78.6,1,1,85
1721,1,1721,control,9.99,0.0,2025-10-04,1,0,0,701.89,64.0,1,1,35
1722,1,1722,control,9.99,0.0,2025-07-14,0,0,0,139.16,8.4,1,1,24
1723,1,1723,variant_high,14.99,15.0,2025-09-18,1,0,0,122.42,28.8,1,0,46
1724,1,1724,variant_mid,12.99,10.0,2024-05-02,0,0,0,76.77,0.0,3,0,59
1725,1,1725,control,9.99,0.0,2026-01-13,0,0,0,167.26,12.7,2,1,83
1726,1,1726,variant_mid,12.99,10.0,2025-09-16,0,0,0,52.3,27.0,5,1,87
1727,1,1727,control,9.99,0.0,2025-10-05,0,0,0,37.25,0.0,3,1,12
1728,1,1728,control,9.99,0.0,2024-02-18,1,0,0,41.94,52.5,1,1,23
1729,1,1729,variant_high,14.99,15.0,2024-07-15,1,1,1,247.91,66.3,0,1,50
1730,1,1730,variant_high,14.99,15.0,2025-01-11,1,1,0,10.64,72.2,5,1,88
1731,1,1731,variant_mid,12.99,10.0,2025-04-16,0,0,0,454.33,20.0,2,1,71
1732,1,1732,variant_mid,12.99,10.0,2025-05-03,0,0,0,105.22,3.3,3,0,78
1733,1,1733,variant_mid,12.99,10.0,2026-01-01,1,0,0,500.79,100.0,3,1,79
1734,1,1734,variant_high,14.99,15.0,2024-01-20,1,1,1,103.96,81.5,2,1,4
1735,1,1735,control,9.99,0.0,2024-07-16,0,0,0,49.78,0.0,0,0,68
1736,1,1736,variant_mid,12.99,10.0,2024-03-10,0,0,0,89.74,15.8,4,1,71
1737,1,1737,variant_mid,12.99,10.0,2025-02-12,0,0,0,152.42,26.9,1,1,87
1738,1,1738,control,9.99,0.0,2024-07-31,1,0,0,142.42,46.6,4,0,9
1739,1,1739,control,9.99,0.0,2025-03-27,0,0,0,112.38,0.0,1,1,10
1740,1,1740,variant_high,14.99,15.0,2024-10-09,0,0,0,38.45,8.1,4,1,50
1741,1,1741,variant_high,14.99,15.0,2024-07-21,1,0,0,169.65,41.5,4,1,68
1742,1,1742,control,9.99,0.0,2024-09-26,1,0,0,236.02,42.3,1,1,18
1743,1,1743,control,9.99,0.0,2025-04-09,1,0,0,87.16,70.8,5,1,66
1744,1,1744,variant_mid,12.99,10.0,2025-12-11,0,0,0,19.09,14.7,3,1,47
1745,1,1745,variant_high,14.99,15.0,2024-05-21,0,0,0,129.37,0.0,2,1,82
1746,1,1746,variant_mid,12.99,10.0,2024-05-11,0,0,0,61.99,36.8,2,1,22
1747,1,1747,variant_high,14.99,15.0,2025-12-08,1,0,0,16.75,77.7,3,1,1
1748,1,1748,variant_high,14.99,15.0,2025-10-16,0,0,0,58.96,17.7,1,1,25
1749,1,1749,control,9.99,0.0,2025-10-15,1,1,1,6.62,69.6,1,1,52
1750,1,1750,control,9.99,0.0,2025-12-05,1,1,0,123.73,72.3,2,1,58
1751,1,1751,control,9.99,0.0,2024-06-19,0,0,0,27.21,1.2,1,1,83
1752,1,1752,variant_high,14.99,15.0,2024-05-25,1,0,0,83.05,60.9,5,0,76
1753,1,1753,variant_mid,12.99,10.0,2025-05-08,1,1,0,112.39,97.7,1,0,9
1754,1,1754,variant_high,14.99,15.0,2025-07-09,1,0,0,23.13,66.4,2,1,37
1755,1,1755,variant_high,14.99,15.0,2025-09-19,1,1,0,43.72,72.5,3,1,14
1756,1,1756,variant_high,14.99,15.0,2025-12-29,0,0,0,134.99,4.3,1,1,38
1757,1,1757,control,9.99,0.0,2025-10-23,1,0,0,200.04,72.2,3,1,39
1758,1,1758,control,9.99,0.0,2024-07-03,1,1,0,441.15,69.2,2,1,5
1759,1,1759,variant_high,14.99,15.0,2024-08-16,0,0,0,183.75,0.0,4,0,80
1760,1,1760,variant_mid,12.99,10.0,2025-01-21,0,0,0,52.79,0.0,6,1,40
1761,1,1761,variant_high,14.99,15.0,2024-08-14,0,0,0,103.35,34.1,2,1,44
1762,1,1762,control,9.99,0.0,2025-07-18,1,0,0,902.95,82.0,1,0,23
1763,1,1763,variant_mid,12.99,10.0,2025-09-04,1,1,0,29.21,55.3,4,0,74
1764,1,1764,variant_mid,12.99,10.0,2025-06-24,1,1,1,104.59,47.9,2,0,43
1765,1,1765,control,9.99,0.0,2024-01-16,0,0,0,47.82,35.0,1,1,29
1766,1,1766,variant_mid,12.99,10.0,2025-09-18,0,0,0,6.83,0.0,0,0,9
1767,1,1767,variant_high,14.99,15.0,2024-08-14,0,0,0,161.27,25.9,3,0,36
1768,1,1768,variant_mid,12.99,10.0,2024-09-15,1,0,0,40.95,55.6,1,1,21
1769,1,1769,variant_mid,12.99,10.0,2025-02-26,1,0,0,124.41,87.1,3,1,65
1770,1,1770,variant_high,14.99,15.0,2024-04-18,1,1,0,44.23,81.9,3,1,85
1771,1,1771,variant_high,14.99,15.0,2025-06-19,1,0,0,53.2,61.4,3,1,45
1772,1,1772,variant_high,14.99,15.0,2025-05-12,1,0,0,156.77,37.5,2,1,82
1773,1,1773,variant_mid,12.99,10.0,2024-12-05,0,0,0,198.74,21.8,2,0,39
1774,1,1774,variant_mid,12.99,10.0,2024-09-23,0,0,0,40.76,41.0,2,1,21
1775,1,1775,variant_mid,12.99,10.0,2024-08-15,1,0,0,316.97,78.9,2,0,81
1776,1,1776,variant_high,14.99,15.0,2025-04-29,1,0,0,10.95,85.2,3,1,3
1777,1,1777,variant_high,14.99,15.0,2026-01-05,0,0,0,255.88,15.8,3,1,66
1778,1,1778,variant_mid,12.99,10.0,2024-12-16,1,0,0,870.01,65.3,3,1,9
1779,1,1779,control,9.99,0.0,2025-12-13,0,0,0,180.35,44.1,4,1,51
1780,1,1780,variant_high,14.99,15.0,2024-12-16,0,0,0,24.25,17.9,0,1,73
1781,1,1781,control,9.99,0.0,2024-01-23,1,0,0,151.86,59.3,5,1,19
1782,1,1782,control,9.99,0.0,2025-10-15,0,0,0,364.19,36.3,7,0,83
1783,1,1783,variant_mid,12.99,10.0,2024-10-01,1,0,0,402.65,56.6,4,0,45
1784,1,1784,variant_high,14.99,15.0,2025-04-15,0,0,0,23.11,0.0,0,1,28
1785,1,1785,control,9.99,0.0,2024-12-10,1,1,1,103.63,54.0,1,1,21
1786,1,1786,control,9.99,0.0,2025-04-04,0,0,0,46.02,13.3,2,0,53
1787,1,1787,variant_high,14.99,15.0,2025-07-17,0,0,0,343.04,19.3,2,0,56
1788,1,1788,variant_mid,12.99,10.0,2025-12-21,1,0,0,39.14,53.3,3,1,55
1789,1,1789,control,9.99,0.0,2025-12-14,0,0,0,38.38,19.2,2,1,55
1790,1,1790,control,9.99,0.0,2024-08-04,0,0,0,211.73,0.2,3,1,43
1791,1,1791,variant_high,14.99,15.0,2024-02-06,0,0,0,16.77,0.0,4,1,59
1792,1,1792,control,9.99,0.0,2025-05-30,0,0,0,179.95,26.6,1,0,37
1793,1,1793,control,9.99,0.0,2024-06-08,1,1,1,179.58,30.0,3,1,40
1794,1,1794,variant_high,14.99,15.0,2024-09-22,1,0,0,358.26,76.6,3,0,58
1795,1,1795,variant_mid,12.99,10.0,2025-07-19,0,0,0,10.48,12.0,1,0,60
1796,1,1796,variant_mid,12.99,10.0,2025-03-21,0,0,0,147.2,10.9,6,1,51
1797,1,1797,variant_mid,12.99,10.0,2025-03-17,1,0,0,26.08,65.9,4,0,2
1798,1,1798,variant_high,14.99,15.0,2025-08-27,0,0,0,82.37,0.0,7,1,42
1799,1,1799,variant_mid,12.99,10.0,2025-04-06,0,0,0,12.97,0.7,0,0,81
1800,1,1800,variant_mid,12.99,10.0,2025-11-14,0,0,0,117.32,0.0,6,1,13
1801,1,1801,variant_high,14.99,15.0,2024-06-11,1,1,1,55.95,40.0,1,1,39
1802,1,1802,control,9.99,0.0,2024-11-24,1,1,1,47.47,24.2,0,1,50
1803,1,1803,variant_mid,12.99,10.0,2024-12-02,1,1,1,46.33,65.8,4,1,40
1804,1,1804,control,9.99,0.0,2025-09-08,0,0,0,54.16,17.3,1,1,36
1805,1,1805,variant_high,14.99,15.0,2025-09-02,1,1,1,573.77,50.8,2,1,42
1806,1,1806,variant_high,14.99,15.0,2024-09-02,0,0,0,317.01,45.2,1,0,84
1807,1,1807,variant_high,14.99,15.0,2025-11-08,1,0,0,711.83,90.8,3,1,46
1808,1,1808,variant_mid,12.99,10.0,2025-05-07,1,0,0,106.75,57.1,2,1,5
1809,1,1809,variant_mid,12.99,10.0,2024-07-10,1,1,0,467.28,50.3,5,0,15
1810,1,1810,variant_high,14.99,15.0,2025-10-07,0,0,0,57.26,13.5,6,1,61
1811,1,1811,control,9.99,0.0,2024-05-05,0,0,0,21.19,0.0,5,1,13
1812,1,1812,variant_high,14.99,15.0,2025-05-28,1,1,1,687.93,25.8,3,0,54
1813,1,1813,variant_mid,12.99,10.0,2025-11-30,1,1,1,21.39,40.5,1,1,16
1814,1,1814,variant_mid,12.99,10.0,2025-06-10,0,0,0,114.97,5.3,3,1,78
1815,1,1815,variant_high,14.99,15.0,2025-01-06,0,0,0,404.95,0.0,6,1,65
1816,1,1816,variant_high,14.99,15.0,2025-09-19,1,0,0,7.99,50.7,1,1,72
1817,1,1817,variant_mid,12.99,10.0,2024-05-27,0,0,0,117.19,30.5,2,1,37
1818,1,1818,variant_mid,12.99,10.0,2024-07-19,1,0,0,233.35,88.1,4,1,32
1819,1,1819,variant_mid,12.99,10.0,2025-04-27,0,0,0,53.12,9.0,2,0,40
1820,1,1820,variant_mid,12.99,10.0,2025-07-14,1,1,0,127.49,72.4,0,1,6
1821,1,1821,variant_mid,12.99,10.0,2024-07-29,0,0,0,65.13,23.1,4,1,32
1822,1,1822,variant_high,14.99,15.0,2025-04-11,0,0,0,504.23,3.3,1,0,64
1823,1,1823,control,9.99,0.0,2025-07-30,1,1,1,1497.86,45.1,0,1,36
1824,1,1824,variant_high,14.99,15.0,2025-02-03,1,0,0,616.8,52.9,3,0,17
1825,1,1825,control,9.99,0.0,2024-05-04,1,0,0,50.85,47.8,4,1,58
1826,1,1826,variant_high,14.99,15.0,2025-12-14,1,0,0,193.92,30.8,2,1,63
1827,1,1827,control,9.99,0.0,2024-10-03,1,0,0,227.68,56.1,2,0,85
1828,1,1828,variant_mid,12.99,10.0,2024-11-08,0,0,0,13.13,20.7,1,1,47
1829,1,1829,control,9.99,0.0,2025-03-13,1,0,0,26.3,77.6,1,1,82
1830,1,1830,control,9.99,0.0,2024-07-04,1,0,0,169.77,76.5,0,1,35
1831,1,1831,variant_mid,12.99,10.0,2024-03-08,1,1,1,20.21,100.0,0,0,4
1832,1,1832,variant_mid,12.99,10.0,2025-09-24,1,0,0,143.97,55.1,3,1,74
1833,1,1833,variant_mid,12.99,10.0,2025-07-09,1,1,1,128.05,68.9,5,1,0
1834,1,1834,variant_high,14.99,15.0,2024-05-16,0,0,0,46.87,0.0,1,1,80
1835,1,1835,control,9.99,0.0,2025-01-15,0,0,0,761.7,27.3,1,1,57
1836,1,1836,variant_mid,12.99,10.0,2025-06-28,1,1,1,136.58,65.6,1,1,53
1837,1,1837,variant_mid,12.99,10.0,2025-12-18,1,1,0,229.35,81.9,3,1,84
1838,1,1838,variant_high,14.99,15.0,2025-11-23,1,1,1,51.47,67.4,2,0,82
1839,1,1839,control,9.99,0.0,2024-03-09,1,0,0,32.84,77.0,2,0,87
1840,1,1840,variant_mid,12.99,10.0,2025-09-03,1,0,0,75.92,50.6,2,1,24
1841,1,1841,variant_high,14.99,15.0,2024-05-01,1,0,0,353.58,42.0,0,0,55
1842,1,1842,variant_mid,12.99,10.0,2025-04-27,1,1,0,124.85,55.2,3,1,72
1843,1,1843,variant_high,14.99,15.0,2025-03-26,0,0,0,109.51,0.0,5,1,13
1844,1,1844,control,9.99,0.0,2025-11-07,1,0,0,389.31,79.7,1,1,13
1845,1,1845,control,9.99,0.0,2025-03-16,0,0,0,55.12,32.6,3,1,21
1846,1,1846,variant_mid,12.99,10.0,2024-12-26,0,0,0,309.43,20.8,2,1,81
1847,1,1847,control,9.99,0.0,2025-03-24,0,0,0,94.71,1.7,3,1,23
1848,1,1848,variant_mid,12.99,10.0,2024-03-04,1,1,1,21.07,92.3,3,1,27
1849,1,1849,control,9.99,0.0,2024-01-25,0,0,0,42.34,13.8,3,0,35
1850,1,1850,variant_mid,12.99,10.0,2025-07-05,0,0,0,77.17,12.8,2,1,46
1851,1,1851,variant_high,14.99,15.0,2025-01-03,1,0,0,195.22,56.4,3,1,75
1852,1,1852,variant_high,14.99,15.0,2025-06-23,0,0,0,420.63,20.3,2,1,24
1853,1,1853,control,9.99,0.0,2024-12-19,1,1,1,87.29,61.0,1,0,74
1854,1,1854,control,9.99,0.0,2025-09-28,0,0,0,53.87,0.0,3,1,47
1855,1,1855,variant_high,14.99,15.0,2024-09-03,0,0,0,277.82,2.9,2,1,25
1856,1,1856,variant_mid,12.99,10.0,2024-10-29,1,1,0,173.77,31.8,1,1,72
1857,1,1857,variant_mid,12.99,10.0,2024-07-20,1,0,0,88.56,49.0,1,1,16
1858,1,1858,variant_high,14.99,15.0,2024-05-04,1,1,1,46.23,50.8,4,1,3
1859,1,1859,variant_mid,12.99,10.0,2024-04-11,0,0,0,306.0,0.0,1,0,50
1860,1,1860,variant_mid,12.99,10.0,2024-04-03,1,0,0,426.83,43.3,6,0,44
1861,1,1861,variant_high,14.99,15.0,2024-03-13,0,0,0,30.4,23.4,2,0,63
1862,1,1862,variant_mid,12.99,10.0,2024-09-15,1,1,1,61.34,39.7,3,1,5
1863,1,1863,variant_high,14.99,15.0,2024-12-02,0,0,0,27.77,35.8,3,1,41
1864,1,1864,variant_high,14.99,15.0,2025-08-17,0,0,0,603.66,18.4,3,1,29
1865,1,1865,variant_mid,12.99,10.0,2025-09-06,0,0,0,258.91,0.0,4,0,68
1866,1,1866,variant_high,14.99,15.0,2025-01-20,0,0,0,135.61,0.0,5,1,8
1867,1,1867,control,9.99,0.0,2025-03-15,0,0,0,61.92,48.5,4,0,63
1868,1,1868,variant_high,14.99,15.0,2024-05-11,1,1,1,22.42,68.7,1,1,43
1869,1,1869,control,9.99,0.0,2024-07-28,1,1,1,550.33,91.7,1,1,0
1870,1,1870,control,9.99,0.0,2024-07-11,0,0,0,7.54,4.0,2,1,11
1871,1,1871,variant_high,14.99,15.0,2025-01-08,1,0,0,128.72,77.3,4,1,19
1872,1,1872,variant_high,14.99,15.0,2024-10-01,0,0,0,148.88,32.9,1,1,87
1873,1,1873,variant_high,14.99,15.0,2024-06-21,0,0,0,360.06,23.0,5,1,69
1874,1,1874,variant_high,14.99,15.0,2024-12-25,1,0,0,108.31,63.0,1,1,43
1875,1,1875,variant_high,14.99,15.0,2024-04-07,1,0,0,250.87,40.1,5,1,16
1876,1,1876,variant_mid,12.99,10.0,2025-09-12,0,0,0,93.56,15.7,3,1,10
1877,1,1877,variant_high,14.99,15.0,2025-07-26,0,0,0,40.3,2.8,5,1,75
1878,1,1878,control,9.99,0.0,2025-12-27,0,0,0,46.55,39.5,4,1,69
1879,1,1879,control,9.99,0.0,2024-07-30,0,0,0,194.03,2.3,1,1,67
1880,1,1880,control,9.99,0.0,2025-03-20,0,0,0,106.39,10.8,3,1,30
1881,1,1881,variant_high,14.99,15.0,2025-08-18,1,1,1,182.9,57.0,5,1,38
1882,1,1882,control,9.99,0.0,2024-10-28,1,1,1,98.6,54.9,1,1,18
1883,1,1883,variant_mid,12.99,10.0,2025-11-16,0,0,0,56.36,8.7,2,1,56
1884,1,1884,control,9.99,0.0,2024-05-25,1,1,1,25.29,69.4,4,1,50
1885,1,1885,control,9.99,0.0,2024-05-25,0,0,0,176.35,0.0,2,1,5
1886,1,1886,variant_mid,12.99,10.0,2025-01-24,1,0,0,260.81,45.4,5,1,2
1887,1,1887,control,9.99,0.0,2024-10-01,1,1,1,82.8,97.2,2,0,54
1888,1,1888,variant_high,14.99,15.0,2025-03-24,0,0,0,340.36,0.0,1,1,9
1889,1,1889,variant_high,14.99,15.0,2025-09-29,1,0,0,296.57,42.9,3,0,13
1890,1,1890,variant_mid,12.99,10.0,2024-09-04,0,0,0,240.96,32.1,0,1,43
1891,1,1891,variant_mid,12.99,10.0,2025-07-05,0,0,0,524.7,12.5,1,1,6
1892,1,1892,variant_high,14.99,15.0,2024-08-28,1,1,0,215.11,60.0,2,1,88
1893,1,1893,variant_mid,12.99,10.0,2024-02-02,1,0,0,43.31,51.4,1,0,37
1894,1,1894,control,9.99,0.0,2025-08-30,1,0,0,99.54,87.1,1,1,28
1895,1,1895,variant_mid,12.99,10.0,2025-02-03,1,0,0,26.67,83.6,4,1,37
1896,1,1896,variant_mid,12.99,10.0,2025-05-07,0,0,0,83.29,0.0,4,1,4
1897,1,1897,variant_mid,12.99,10.0,2024-09-30,0,0,0,13.37,0.0,1,1,42
1898,1,1898,variant_mid,12.99,10.0,2024-12-06,1,1,1,28.66,39.2,3,0,85
1899,1,1899,variant_high,14.99,15.0,2025-09-06,1,0,0,55.57,53.5,3,1,8
1900,1,1900,variant_mid,12.99,10.0,2025-02-21,0,0,0,153.42,23.8,7,1,72
1901,1,1901,control,9.99,0.0,2024-04-19,0,0,0,101.29,0.0,3,1,17
1902,1,1902,variant_mid,12.99,10.0,2025-01-14,0,0,0,69.43,27.5,3,1,53
1903,1,1903,variant_high,14.99,15.0,2024-04-27,1,1,0,272.37,69.9,3,0,11
1904,1,1904,control,9.99,0.0,2024-05-18,0,0,0,68.36,11.3,5,0,18
1905,1,1905,control,9.99,0.0,2026-01-01,0,0,0,21.12,33.3,4,1,14
1906,1,1906,variant_high,14.99,15.0,2025-10-12,0,0,0,521.03,26.3,0,0,10
1907,1,1907,variant_mid,12.99,10.0,2025-09-26,1,1,1,124.94,75.5,2,1,28
1908,1,1908,control,9.99,0.0,2024-03-13,1,1,1,75.24,59.1,1,0,29
1909,1,1909,variant_mid,12.99,10.0,2026-01-18,1,1,1,411.76,56.6,2,1,62
1910,1,1910,variant_mid,12.99,10.0,2024-06-22,1,1,0,165.75,73.3,2,1,30
1911,1,1911,control,9.99,0.0,2024-05-17,1,1,0,76.11,41.5,0,0,53
1912,1,1912,variant_high,14.99,15.0,2025-02-26,0,0,0,53.25,2.6,3,1,34
1913,1,1913,variant_mid,12.99,10.0,2024-10-06,1,0,0,26.5,46.2,2,1,45
1914,1,1914,control,9.99,0.0,2024-12-06,1,0,0,41.61,53.9,5,1,2
1915,1,1915,variant_high,14.99,15.0,2025-10-08,0,0,0,115.16,23.0,2,1,43
1916,1,1916,variant_mid,12.99,10.0,2025-03-29,0,0,0,473.88,11.8,4,1,41
1917,1,1917,variant_high,14.99,15.0,2024-08-16,1,1,1,546.49,64.3,5,1,27
1918,1,1918,control,9.99,0.0,2025-11-19,1,0,0,90.39,47.0,0,1,60
1919,1,1919,variant_mid,12.99,10.0,2025-06-14,0,0,0,50.67,29.0,2,1,16
1920,1,1920,variant_mid,12.99,10.0,2024-08-08,1,1,0,386.97,52.2,4,0,89
1921,1,1921,variant_high,14.99,15.0,2024-02-26,0,0,0,108.64,11.8,6,1,48
1922,1,1922,variant_high,14.99,15.0,2024-04-30,0,0,0,52.08,30.3,4,1,54
1923,1,1923,variant_mid,12.99,10.0,2024-05-30,0,0,0,32.7,0.0,4,0,86
1924,1,1924,variant_high,14.99,15.0,2024-04-16,1,0,0,65.4,66.7,3,1,58
1925,1,1925,control,9.99,0.0,2025-11-25,1,1,1,9.15,89.6,1,1,6
1926,1,1926,variant_high,14.99,15.0,2024-02-24,0,0,0,95.47,29.5,4,0,53
1927,1,1927,variant_mid,12.99,10.0,2025-11-30,1,0,0,48.42,69.8,0,0,28
1928,1,1928,control,9.99,0.0,2025-08-09,1,0,0,32.0,49.7,1,0,2
1929,1,1929,control,9.99,0.0,2024-03-07,0,0,0,61.97,35.2,1,1,60
1930,1,1930,control,9.99,0.0,2024-12-19,0,0,0,101.71,21.2,1,1,2
1931,1,1931,control,9.99,0.0,2024-01-17,0,0,0,188.0,19.8,3,0,5
1932,1,1932,control,9.99,0.0,2024-07-13,1,1,0,179.55,58.0,2,1,22
1933,1,1933,control,9.99,0.0,2024-07-22,0,0,0,123.6,13.6,0,1,0
1934,1,1934,variant_high,14.99,15.0,2025-05-23,1,1,1,111.63,62.3,2,0,33
1935,1,1935,variant_mid,12.99,10.0,2024-05-28,0,0,0,538.04,10.4,2,1,75
1936,1,1936,control,9.99,0.0,2025-07-22,0,0,0,161.26,12.1,2,1,72
1937,1,1937,variant_high,14.99,15.0,2025-06-14,1,1,1,61.16,54.3,2,0,84
1938,1,1938,control,9.99,0.0,2025-11-28,0,0,0,154.44,2.0,1,1,34
1939,1,1939,variant_mid,12.99,10.0,2025-02-14,1,1,1,23.81,64.9,4,1,86
1940,1,1940,variant_high,14.99,15.0,2024-11-07,1,1,0,121.63,46.0,2,1,86
1941,1,1941,variant_high,14.99,15.0,2025-06-24,0,0,0,224.36,0.0,2,1,4
1942,1,1942,variant_mid,12.99,10.0,2025-06-07,0,0,0,29.72,0.0,4,1,35
1943,1,1943,variant_mid,12.99,10.0,2024-06-08,0,0,0,134.19,11.9,2,1,25
1944,1,1944,control,9.99,0.0,2024-07-28,0,0,0,37.27,9.9,3,0,41
1945,1,1945,variant_mid,12.99,10.0,2025-04-11,0,0,0,117.19,21.7,2,1,34
1946,1,1946,control,9.99,0.0,2025-10-09,0,0,0,78.09,10.9,1,1,37
1947,1,1947,variant_mid,12.99,10.0,2025-01-29,1,1,1,238.68,61.0,2,1,44
1948,1,1948,variant_high,14.99,15.0,2025-10-28,0,0,0,76.74,22.2,1,1,17
1949,1,1949,variant_high,14.99,15.0,2025-02-16,0,0,0,10.28,0.0,3,1,62
1950,1,1950,variant_mid,12.99,10.0,2025-04-13,1,0,0,378.86,73.2,6,1,44
1951,1,1951,variant_high,14.99,15.0,2024-09-26,0,0,0,189.08,0.0,2,1,47
1952,1,1952,variant_high,14.99,15.0,2025-05-13,0,0,0,96.5,0.0,3,1,37
1953,1,1953,variant_mid,12.99,10.0,2024-03-01,1,0,0,102.28,52.3,3,0,64
1954,1,1954,variant_high,14.99,15.0,2025-04-28,0,0,0,81.19,2.1,1,1,68
1955,1,1955,variant_mid,12.99,10.0,2024-10-30,1,1,0,164.53,65.2,1,1,14
1956,1,1956,variant_high,14.99,15.0,2025-03-24,0,0,0,195.77,0.0,0,0,76
1957,1,1957,control,9.99,0.0,2025-12-25,0,0,0,269.65,7.0,5,1,43
1958,1,1958,variant_mid,12.99,10.0,2024-12-01,0,0,0,66.55,10.3,1,0,4
1959,1,1959,variant_mid,12.99,10.0,2025-05-24,1,1,1,10.96,30.7,0,1,61
1960,1,1960,control,9.99,0.0,2025-06-28,1,1,1,149.07,54.6,4,1,27
1961,1,1961,variant_mid,12.99,10.0,2024-05-15,1,0,0,39.37,48.3,2,0,21
1962,1,1962,variant_high,14.99,15.0,2025-12-30,1,1,0,9.72,89.3,2,1,70
1963,1,1963,variant_high,14.99,15.0,2025-02-11,0,0,0,153.34,2.7,3,1,34
1964,1,1964,control,9.99,0.0,2025-07-16,0,0,0,222.69,2.9,5,0,55
1965,1,1965,control,9.99,0.0,2024-04-09,0,0,0,736.44,18.1,1,1,75
1966,1,1966,variant_mid,12.99,10.0,2024-08-30,0,0,0,20.58,0.0,4,1,88
1967,1,1967,control,9.99,0.0,2025-11-25,0,0,0,31.88,17.0,4,1,81
1968,1,1968,control,9.99,0.0,2025-01-17,1,1,0,79.78,50.8,2,0,47
1969,1,1969,control,9.99,0.0,2024-01-18,0,0,0,89.5,26.7,2,1,31
1970,1,1970,variant_mid,12.99,10.0,2025-03-13,1,0,0,69.41,69.5,2,1,41
1971,1,1971,control,9.99,0.0,2025-09-24,1,1,1,219.76,86.1,3,0,22
1972,1,1972,control,9.99,0.0,2024-03-09,0,0,0,18.83,31.4,0,1,40
1973,1,1973,variant_high,14.99,15.0,2024-05-18,0,0,0,53.46,27.6,6,0,83
1974,1,1974,variant_high,14.99,15.0,2024-12-28,0,0,0,304.34,2.2,4,1,27
1975,1,1975,variant_high,14.99,15.0,2024-11-02,1,0,0,81.77,95.9,4,1,68
1976,1,1976,control,9.99,0.0,2024-03-26,1,1,1,610.77,52.6,2,0,86
1977,1,1977,control,9.99,0.0,2024-05-22,1,1,1,34.48,46.1,1,0,70
1978,1,1978,variant_mid,12.99,10.0,2025-01-14,1,1,0,284.98,56.1,2,1,26
1979,1,1979,variant_high,14.99,15.0,2025-03-23,1,1,0,187.8,100.0,1,1,2
1980,1,1980,variant_mid,12.99,10.0,2024-03-05,1,1,0,39.16,72.8,0,1,47
1981,1,1981,variant_high,14.99,15.0,2025-06-24,0,0,0,112.85,0.0,2,1,14
1982,1,1982,variant_mid,12.99,10.0,2024-09-24,0,0,0,226.46,4.3,4,1,14
1983,1,1983,variant_high,14.99,15.0,2026-01-02,1,1,1,241.89,65.9,0,1,69
1984,1,1984,variant_high,14.99,15.0,2025-12-15,1,1,0,131.95,89.1,3,1,65
1985,1,1985,control,9.99,0.0,2025-04-02,0,0,0,24.96,0.0,1,1,2
1986,1,1986,variant_mid,12.99,10.0,2024-01-26,0,0,0,20.42,18.8,1,1,46
1987,1,1987,variant_mid,12.99,10.0,2024-04-12,1,0,0,360.53,44.7,2,0,11
1988,1,1988,control,9.99,0.0,2024-07-27,0,0,0,58.8,12.3,1,0,3
1989,1,1989,variant_mid,12.99,10.0,2024-11-27,1,0,0,138.46,42.3,1,1,28
1990,1,1990,variant_mid,12.99,10.0,2024-09-29,1,0,0,128.73,62.7,1,1,34
1991,1,1991,variant_mid,12.99,10.0,2025-08-07,1,0,0,84.98,83.7,3,1,11
1992,1,1992,variant_high,14.99,15.0,2025-03-12,0,0,0,322.36,0.0,4,1,61
1993,1,1993,control,9.99,0.0,2024-08-08,1,0,0,132.9,21.9,0,1,83
1994,1,1994,variant_high,14.99,15.0,2025-12-17,1,0,0,99.92,52.7,3,1,87
1995,1,1995,control,9.99,0.0,2025-10-26,1,1,0,284.46,67.3,3,1,50
1996,1,1996,variant_high,14.99,15.0,2025-04-15,1,0,0,36.61,40.6,4,1,44
1997,1,1997,control,9.99,0.0,2024-06-16,1,0,0,179.56,49.3,2,1,55
1998,1,1998,variant_mid,12.99,10.0,2025-10-30,0,0,0,1065.81,44.6,5,0,39
1999,1,1999,variant_high,14.99,15.0,2025-07-02,0,0,0,44.46,0.0,3,1,64
2000,1,2000,control,9.99,0.0,2024-05-07,0,0,0,291.54,0.0,2,1,65
2001,1,2001,variant_high,14.99,15.0,2024-05-20,1,1,1,89.01,58.7,3,1,83
2002,1,2002,variant_mid,12.99,10.0,2024-08-02,0,0,0,329.32,22.7,1,1,5
2003,1,2003,variant_mid,12.99,10.0,2025-04-11,0,0,0,49.54,28.1,2,1,69
2004,1,2004,variant_mid,12.99,10.0,2025-10-22,0,0,0,31.46,16.9,4,1,42
2005,1,2005,control,9.99,0.0,2024-04-30,1,0,0,73.62,73.2,1,0,71
2006,1,2006,variant_mid,12.99,10.0,2024-01-07,1,1,0,45.73,45.7,3,0,77
2007,1,2007,control,9.99,0.0,2025-05-25,1,1,1,307.1,63.7,2,1,66
2008,1,2008,variant_high,14.99,15.0,2024-12-11,1,0,0,89.56,70.6,3,1,50
2009,1,2009,variant_mid,12.99,10.0,2024-03-05,1,0,0,22.52,53.5,2,1,1
2010,1,2010,control,9.99,0.0,2024-12-11,1,0,0,23.06,81.8,1,1,76
2011,1,2011,control,9.99,0.0,2024-01-31,1,1,1,19.22,82.5,2,1,40
2012,1,2012,variant_mid,12.99,10.0,2025-12-06,0,0,0,369.38,1.5,5,1,54
2013,1,2013,control,9.99,0.0,2025-10-05,1,0,0,26.1,42.9,0,0,66
2014,1,2014,variant_mid,12.99,10.0,2024-12-06,1,1,1,120.53,60.0,3,0,46
2015,1,2015,variant_high,14.99,15.0,2025-09-06,1,1,1,58.76,86.5,3,0,79
2016,1,2016,control,9.99,0.0,2025-10-28,0,0,0,38.73,16.1,2,1,8
2017,1,2017,variant_mid,12.99,10.0,2024-01-31,1,1,1,112.14,48.0,5,1,84
2018,1,2018,variant_high,14.99,15.0,2025-03-12,0,0,0,102.4,12.9,7,1,29
2019,1,2019,variant_high,14.99,15.0,2024-06-24,1,0,0,98.17,31.5,0,1,2
2020,1,2020,control,9.99,0.0,2024-08-20,1,1,1,636.57,67.5,1,0,69
2021,1,2021,variant_high,14.99,15.0,2025-04-08,1,0,0,309.66,98.8,2,1,74
2022,1,2022,control,9.99,0.0,2024-05-01,0,0,0,71.16,35.3,0,0,88
2023,1,2023,variant_high,14.99,15.0,2025-11-10,1,0,0,45.97,62.8,0,0,59
2024,1,2024,variant_mid,12.99,10.0,2025-01-05,0,0,0,57.9,11.7,1,1,42
2025,1,2025,control,9.99,0.0,2025-10-07,1,0,0,28.11,81.9,0,1,88
2026,1,2026,variant_mid,12.99,10.0,2024-01-14,1,1,0,115.77,73.1,3,1,55
2027,1,2027,control,9.99,0.0,2025-08-04,0,0,0,15.92,46.6,0,0,52
2028,1,2028,variant_mid,12.99,10.0,2024-09-03,1,1,1,49.82,39.8,2,1,51
2029,1,2029,variant_mid,12.99,10.0,2025-06-11,0,0,0,22.97,0.0,1,1,60
2030,1,2030,variant_high,14.99,15.0,2025-02-02,0,0,0,48.79,25.0,1,1,11
2031,1,2031,variant_mid,12.99,10.0,2025-02-25,0,0,0,71.19,0.0,4,1,82
2032,1,2032,variant_high,14.99,15.0,2025-02-18,0,0,0,28.84,36.8,4,1,52
2033,1,2033,control,9.99,0.0,2025-01-03,0,0,0,92.1,39.7,1,1,11
2034,1,2034,variant_high,14.99,15.0,2024-11-23,1,1,1,418.57,58.5,3,1,72
2035,1,2035,variant_mid,12.99,10.0,2025-12-13,0,0,0,664.47,12.9,5,1,57
2036,1,2036,control,9.99,0.0,2025-12-21,0,0,0,57.2,7.9,2,1,4
2037,1,2037,variant_mid,12.99,10.0,2025-03-25,1,1,1,45.94,76.8,5,1,1
2038,1,2038,control,9.99,0.0,2024-04-21,1,1,1,220.94,49.6,1,1,65
2039,1,2039,control,9.99,0.0,2024-02-22,1,0,0,33.52,52.3,1,1,85
2040,1,2040,control,9.99,0.0,2025-12-30,0,0,0,41.09,5.9,4,1,29
2041,1,2041,variant_mid,12.99,10.0,2024-05-15,0,0,0,177.57,4.2,1,1,16
2042,1,2042,control,9.99,0.0,2025-05-22,0,0,0,105.53,0.0,1,1,87
2043,1,2043,variant_high,14.99,15.0,2025-06-19,1,1,1,245.21,51.8,7,1,28
2044,1,2044,control,9.99,0.0,2025-09-12,1,0,0,130.33,71.9,0,1,17
2045,1,2045,control,9.99,0.0,2024-08-21,0,0,0,380.95,24.3,1,1,71
2046,1,2046,control,9.99,0.0,2025-04-28,1,1,0,92.83,63.9,3,1,42
2047,1,2047,variant_mid,12.99,10.0,2024-12-11,1,0,0,279.62,81.9,2,1,43
2048,1,2048,control,9.99,0.0,2024-06-05,0,0,0,299.87,19.9,2,1,53
2049,1,2049,control,9.99,0.0,2025-06-19,0,0,0,345.68,8.2,2,0,71
2050,1,2050,control,9.99,0.0,2025-07-20,1,1,0,91.07,43.6,0,1,43
2051,1,2051,variant_high,14.99,15.0,2025-01-15,0,0,0,130.0,0.0,2,1,32
2052,1,2052,control,9.99,0.0,2025-09-19,0,0,0,47.2,0.0,0,0,83
2053,1,2053,control,9.99,0.0,2025-04-08,1,1,1,317.98,33.3,3,0,59
2054,1,2054,variant_mid,12.99,10.0,2025-07-06,0,0,0,153.08,39.2,1,1,49
2055,1,2055,variant_mid,12.99,10.0,2025-07-09,1,1,0,100.1,69.1,4,1,6
2056,1,2056,control,9.99,0.0,2025-10-07,1,0,0,61.28,71.0,1,1,78
2057,1,2057,variant_high,14.99,15.0,2025-04-29,0,0,0,1128.53,5.2,0,0,19
2058,1,2058,variant_high,14.99,15.0,2024-02-16,0,0,0,347.5,0.0,2,1,43
2059,1,2059,variant_mid,12.99,10.0,2025-12-14,0,0,0,84.42,29.3,2,1,1
2060,1,2060,variant_mid,12.99,10.0,2025-12-12,0,0,0,401.93,12.7,1,1,36
2061,1,2061,variant_high,14.99,15.0,2025-07-02,1,1,0,228.98,71.2,5,1,39
2062,1,2062,control,9.99,0.0,2025-11-23,1,1,0,265.47,100.0,5,1,73
2063,1,2063,variant_high,14.99,15.0,2024-06-13,1,0,0,72.3,70.6,2,1,1
2064,1,2064,control,9.99,0.0,2025-10-29,0,0,0,117.27,8.4,2,1,0
2065,1,2065,variant_mid,12.99,10.0,2024-04-19,0,0,0,85.01,0.0,3,1,43
2066,1,2066,control,9.99,0.0,2025-04-29,1,0,0,9.41,41.7,2,1,32
2067,1,2067,variant_mid,12.99,10.0,2025-01-14,1,1,1,286.57,47.2,3,1,66
2068,1,2068,variant_high,14.99,15.0,2025-09-20,1,0,0,121.08,69.3,4,0,5
2069,1,2069,variant_mid,12.99,10.0,2025-02-01,0,0,0,186.96,13.9,3,0,20
2070,1,2070,control,9.99,0.0,2025-03-28,1,1,1,40.07,88.2,1,1,89
2071,1,2071,variant_high,14.99,15.0,2024-09-03,0,0,0,78.11,36.6,1,1,66
2072,1,2072,variant_high,14.99,15.0,2025-01-03,0,0,0,16.15,21.1,4,1,41
2073,1,2073,control,9.99,0.0,2024-09-28,1,0,0,395.78,40.1,1,1,88
2074,1,2074,control,9.99,0.0,2025-11-22,1,0,0,109.75,62.2,2,1,72
2075,1,2075,variant_mid,12.99,10.0,2025-02-21,0,0,0,46.13,0.0,1,1,22
2076,1,2076,variant_high,14.99,15.0,2024-06-01,0,0,0,175.83,0.0,2,1,58
2077,1,2077,control,9.99,0.0,2024-02-07,1,0,0,31.55,61.4,2,0,45
2078,1,2078,control,9.99,0.0,2025-09-30,0,0,0,571.45,0.5,1,1,83
2079,1,2079,variant_mid,12.99,10.0,2025-04-02,1,0,0,52.05,76.4,3,1,22
2080,1,2080,variant_high,14.99,15.0,2024-11-29,1,1,0,29.34,80.6,4,1,15
2081,1,2081,control,9.99,0.0,2024-08-08,0,0,0,146.22,0.0,0,1,50
2082,1,2082,variant_mid,12.99,10.0,2024-08-13,1,0,0,89.62,62.2,4,1,57
2083,1,2083,variant_high,14.99,15.0,2025-04-11,1,0,0,72.43,31.4,3,1,82
2084,1,2084,control,9.99,0.0,2025-01-21,0,0,0,66.55,8.0,4,1,7
2085,1,2085,control,9.99,0.0,2025-01-24,0,0,0,351.54,13.1,1,1,47
2086,1,2086,control,9.99,0.0,2025-04-18,0,0,0,80.41,0.0,1,0,76
2087,1,2087,variant_high,14.99,15.0,2025-11-26,1,1,1,134.67,65.8,3,1,72
2088,1,2088,variant_mid,12.99,10.0,2024-05-13,0,0,0,27.18,5.3,5,1,26
2089,1,2089,variant_high,14.99,15.0,2025-04-22,1,0,0,87.72,97.9,2,1,26
2090,1,2090,variant_mid,12.99,10.0,2025-07-16,1,1,1,246.61,71.1,2,1,78
2091,1,2091,control,9.99,0.0,2025-01-01,0,0,0,183.87,2.6,2,1,44
2092,1,2092,variant_mid,12.99,10.0,2024-10-27,0,0,0,170.45,5.2,3,1,53
2093,1,2093,variant_mid,12.99,10.0,2025-01-28,0,0,0,100.59,16.1,2,0,1
2094,1,2094,variant_mid,12.99,10.0,2025-06-13,0,0,0,166.25,0.0,2,1,56
2095,1,2095,variant_high,14.99,15.0,2024-09-24,1,1,0,169.85,59.9,2,1,2
2096,1,2096,variant_mid,12.99,10.0,2024-05-11,1,0,0,525.95,85.1,2,1,20
2097,1,2097,variant_mid,12.99,10.0,2024-03-05,1,1,1,166.83,61.9,2,1,64
2098,1,2098,control,9.99,0.0,2024-02-22,0,0,0,64.91,0.0,2,1,49
2099,1,2099,variant_mid,12.99,10.0,2025-11-09,1,1,1,388.22,41.2,4,1,58
2100,1,2100,variant_high,14.99,15.0,2024-05-08,1,1,0,57.51,53.8,4,1,45
2101,1,2101,variant_high,14.99,15.0,2025-04-28,0,0,0,60.45,0.0,4,1,2
2102,1,2102,variant_high,14.99,15.0,2024-05-19,1,0,0,83.45,57.3,5,1,54
2103,1,2103,variant_high,14.99,15.0,2025-02-01,0,0,0,131.41,11.0,1,1,47
2104,1,2104,variant_mid,12.99,10.0,2025-07-10,1,1,0,181.01,54.1,6,1,86
2105,1,2105,variant_high,14.99,15.0,2024-04-23,0,0,0,74.03,7.8,1,0,79
2106,1,2106,variant_high,14.99,15.0,2024-12-29,0,0,0,13.44,21.3,4,1,51
2107,1,2107,variant_mid,12.99,10.0,2024-11-10,1,1,1,119.85,78.0,9,1,1
2108,1,2108,control,9.99,0.0,2025-07-22,0,0,0,336.29,11.7,5,1,49
2109,1,2109,variant_high,14.99,15.0,2025-03-02,1,1,0,11.37,61.4,3,0,51
2110,1,2110,variant_high,14.99,15.0,2025-07-15,1,0,0,24.09,52.9,1,1,85
2111,1,2111,variant_mid,12.99,10.0,2025-03-23,1,1,1,160.98,36.7,3,1,61
2112,1,2112,variant_mid,12.99,10.0,2024-07-06,1,1,0,69.87,29.5,2,1,20
2113,1,2113,control,9.99,0.0,2025-02-17,1,0,0,89.46,56.4,4,1,10
2114,1,2114,control,9.99,0.0,2025-11-11,0,0,0,29.54,6.8,3,1,17
2115,1,2115,variant_high,14.99,15.0,2024-11-04,0,0,0,6.86,0.0,2,1,80
2116,1,2116,variant_mid,12.99,10.0,2025-07-23,0,0,0,36.6,22.4,3,0,24
2117,1,2117,variant_mid,12.99,10.0,2025-05-03,1,1,0,44.66,46.3,2,1,38
2118,1,2118,control,9.99,0.0,2024-03-21,0,0,0,32.67,0.0,3,1,74
2119,1,2119,variant_mid,12.99,10.0,2024-03-23,0,0,0,656.13,12.4,5,1,87
2120,1,2120,variant_high,14.99,15.0,2025-03-13,0,0,0,250.36,33.3,5,1,78
2121,1,2121,variant_high,14.99,15.0,2024-05-22,1,0,0,238.61,73.4,2,1,73
2122,1,2122,variant_mid,12.99,10.0,2024-11-08,0,0,0,35.41,0.3,4,1,37
2123,1,2123,control,9.99,0.0,2024-11-30,1,1,0,163.23,27.0,2,1,8
2124,1,2124,control,9.99,0.0,2024-12-10,0,0,0,258.17,20.9,4,1,55
2125,1,2125,variant_high,14.99,15.0,2025-06-19,0,0,0,54.11,14.9,2,1,69
2126,1,2126,variant_high,14.99,15.0,2024-10-11,1,0,0,70.15,100.0,4,1,74
2127,1,2127,variant_mid,12.99,10.0,2024-03-26,0,0,0,620.41,10.8,2,1,32
2128,1,2128,control,9.99,0.0,2025-01-15,0,0,0,54.07,0.0,0,1,32
2129,1,2129,variant_high,14.99,15.0,2025-09-28,0,0,0,75.81,10.6,2,1,18
2130,1,2130,variant_high,14.99,15.0,2024-09-24,0,0,0,360.53,0.0,5,0,0
2131,1,2131,variant_high,14.99,15.0,2025-07-21,0,0,0,78.9,0.0,2,1,78
2132,1,2132,control,9.99,0.0,2024-12-16,0,0,0,23.69,8.2,4,0,43
2133,1,2133,variant_high,14.99,15.0,2024-06-07,1,0,0,70.24,77.0,2,0,13
2134,1,2134,variant_mid,12.99,10.0,2025-02-19,0,0,0,130.4,2.7,2,1,6
2135,1,2135,variant_mid,12.99,10.0,2025-01-03,0,0,0,18.7,0.0,2,0,51
2136,1,2136,control,9.99,0.0,2025-06-29,0,0,0,96.3,11.6,3,1,5
2137,1,2137,control,9.99,0.0,2025-05-21,0,0,0,28.92,12.6,2,1,24
2138,1,2138,control,9.99,0.0,2024-05-02,0,0,0,148.16,0.0,2,1,17
2139,1,2139,variant_mid,12.99,10.0,2024-02-17,1,1,1,8.91,80.3,3,1,76
2140,1,2140,variant_high,14.99,15.0,2024-04-18,0,0,0,64.33,5.0,4,0,24
2141,1,2141,variant_high,14.99,15.0,2025-05-14,0,0,0,59.17,0.0,5,1,76
2142,1,2142,variant_high,14.99,15.0,2025-01-13,1,1,1,79.46,46.3,3,1,74
2143,1,2143,variant_high,14.99,15.0,2024-10-17,1,1,0,108.98,75.5,4,1,7
2144,1,2144,control,9.99,0.0,2024-12-15,0,0,0,66.85,0.0,3,1,46
2145,1,2145,variant_high,14.99,15.0,2024-01-18,1,0,0,726.39,0.0,4,1,21
2146,1,2146,variant_mid,12.99,10.0,2025-02-20,1,1,1,98.66,60.3,1,0,53
2147,1,2147,variant_high,14.99,15.0,2024-05-17,1,1,1,288.86,87.0,2,1,48
2148,1,2148,variant_mid,12.99,10.0,2025-04-07,1,1,0,145.18,62.1,3,1,26
2149,1,2149,control,9.99,0.0,2024-05-01,1,0,0,271.97,59.0,1,1,84
2150,1,2150,variant_high,14.99,15.0,2024-08-07,0,0,0,98.66,24.3,3,1,19
2151,1,2151,variant_high,14.99,15.0,2025-11-21,1,1,0,48.91,58.2,3,1,25
2152,1,2152,variant_mid,12.99,10.0,2025-04-28,1,0,0,6.33,63.1,2,1,25
2153,1,2153,control,9.99,0.0,2025-10-26,1,0,0,51.77,28.4,1,1,54
2154,1,2154,variant_mid,12.99,10.0,2025-01-03,1,0,0,200.52,71.9,5,1,82
2155,1,2155,variant_high,14.99,15.0,2025-06-14,0,0,0,68.8,34.6,4,0,35
2156,1,2156,control,9.99,0.0,2025-01-05,1,1,1,112.85,23.1,3,1,10
2157,1,2157,variant_high,14.99,15.0,2025-04-20,1,0,0,502.65,65.6,7,1,31
2158,1,2158,control,9.99,0.0,2025-03-26,1,0,0,46.64,27.7,0,0,41
2159,1,2159,control,9.99,0.0,2024-01-07,1,0,0,214.26,38.1,4,1,82
2160,1,2160,control,9.99,0.0,2025-04-04,0,0,0,457.63,11.0,4,1,68
2161,1,2161,control,9.99,0.0,2024-04-21,1,0,0,180.29,73.2,4,1,65
2162,1,2162,variant_mid,12.99,10.0,2025-04-02,0,0,0,35.4,0.0,2,1,15
2163,1,2163,variant_high,14.99,15.0,2024-04-10,0,0,0,216.12,10.8,2,1,62
2164,1,2164,variant_mid,12.99,10.0,2025-09-08,0,0,0,60.28,3.9,3,1,85
2165,1,2165,control,9.99,0.0,2025-03-17,1,1,1,31.28,70.9,3,1,53
2166,1,2166,variant_high,14.99,15.0,2025-01-06,0,0,0,5.0,0.0,3,0,6
2167,1,2167,variant_mid,12.99,10.0,2025-11-23,1,1,0,303.91,69.9,5,1,84
2168,1,2168,variant_mid,12.99,10.0,2025-11-28,0,0,0,17.12,0.0,1,1,59
2169,1,2169,variant_high,14.99,15.0,2024-08-08,0,0,0,103.98,0.0,8,1,13
2170,1,2170,variant_mid,12.99,10.0,2025-12-04,1,1,1,84.85,93.2,2,1,73
2171,1,2171,variant_mid,12.99,10.0,2024-11-15,1,1,1,41.76,71.6,2,1,29
2172,1,2172,control,9.99,0.0,2024-09-21,0,0,0,180.31,0.0,3,0,87
2173,1,2173,control,9.99,0.0,2025-11-19,1,1,1,94.98,75.0,2,0,62
2174,1,2174,control,9.99,0.0,2025-10-15,1,1,0,100.15,82.3,2,1,39
2175,1,2175,variant_high,14.99,15.0,2025-09-18,0,0,0,97.28,14.9,2,1,65
2176,1,2176,control,9.99,0.0,2024-11-08,1,0,0,342.38,51.9,0,1,12
2177,1,2177,variant_high,14.99,15.0,2025-03-20,1,1,0,712.91,79.6,4,1,4
2178,1,2178,variant_high,14.99,15.0,2025-12-12,0,0,0,336.44,34.7,3,0,45
2179,1,2179,control,9.99,0.0,2024-01-30,0,0,0,142.75,11.3,2,1,9
2180,1,2180,control,9.99,0.0,2025-11-27,1,0,0,228.65,79.4,3,1,78
2181,1,2181,control,9.99,0.0,2025-12-02,0,0,0,578.06,27.4,0,1,65
2182,1,2182,control,9.99,0.0,2024-12-04,1,0,0,68.7,33.9,3,1,48
2183,1,2183,variant_high,14.99,15.0,2024-02-10,0,0,0,158.34,33.2,7,0,11
2184,1,2184,control,9.99,0.0,2024-09-17,0,0,0,346.79,0.3,1,0,7
2185,1,2185,variant_mid,12.99,10.0,2024-03-18,0,0,0,52.4,13.4,2,1,34
2186,1,2186,control,9.99,0.0,2025-05-18,0,0,0,37.42,0.0,2,1,39
2187,1,2187,variant_high,14.99,15.0,2024-10-06,0,0,0,104.07,0.0,4,1,35
2188,1,2188,control,9.99,0.0,2024-09-29,1,1,0,10.3,75.0,2,1,2
2189,1,2189,variant_mid,12.99,10.0,2025-02-23,0,0,0,23.44,3.5,4,1,37
2190,1,2190,control,9.99,0.0,2025-05-11,0,0,0,16.78,0.0,0,0,31
2191,1,2191,variant_high,14.99,15.0,2024-04-16,1,0,0,43.72,76.9,2,1,47
2192,1,2192,variant_mid,12.99,10.0,2024-11-04,0,0,0,81.32,20.7,6,1,3
2193,1,2193,control,9.99,0.0,2024-03-17,0,0,0,293.77,15.1,2,1,62
2194,1,2194,variant_high,14.99,15.0,2025-01-09,0,0,0,49.55,9.5,5,0,77
2195,1,2195,variant_high,14.99,15.0,2024-09-16,0,0,0,437.62,2.8,5,1,11
2196,1,2196,variant_mid,12.99,10.0,2024-10-06,1,1,1,26.49,51.6,0,0,42
2197,1,2197,variant_high,14.99,15.0,2024-05-14,1,1,1,153.35,64.9,4,1,35
2198,1,2198,control,9.99,0.0,2025-08-19,0,0,0,145.81,28.6,3,1,50
2199,1,2199,variant_high,14.99,15.0,2024-07-27,1,1,1,37.83,33.7,6,1,30
2200,1,2200,variant_high,14.99,15.0,2025-03-27,0,0,0,206.71,0.0,3,1,58
2201,1,2201,variant_mid,12.99,10.0,2025-04-22,0,0,0,2467.54,6.6,0,0,89
2202,1,2202,variant_mid,12.99,10.0,2025-05-30,0,0,0,65.53,3.7,3,1,35
2203,1,2203,control,9.99,0.0,2024-01-25,0,0,0,175.0,2.7,3,1,56
2204,1,2204,control,9.99,0.0,2025-09-05,1,1,1,111.27,63.4,5,0,13
2205,1,2205,variant_mid,12.99,10.0,2025-05-08,1,0,0,748.4,90.4,2,1,62
2206,1,2206,variant_high,14.99,15.0,2025-08-10,1,0,0,69.74,83.6,2,0,62
2207,1,2207,control,9.99,0.0,2025-07-01,1,1,0,161.15,20.4,3,1,54
2208,1,2208,variant_mid,12.99,10.0,2025-01-26,1,1,1,37.33,54.6,4,0,66
2209,1,2209,control,9.99,0.0,2025-07-08,1,1,1,45.01,71.3,3,1,11
2210,1,2210,control,9.99,0.0,2024-07-15,0,0,0,139.01,2.4,1,1,13
2211,1,2211,variant_mid,12.99,10.0,2024-09-07,0,0,0,71.02,26.3,5,0,18
2212,1,2212,variant_high,14.99,15.0,2024-09-23,0,0,0,40.27,0.0,4,1,21
2213,1,2213,control,9.99,0.0,2024-10-27,1,0,0,44.13,67.7,1,1,13
2214,1,2214,control,9.99,0.0,2025-02-19,1,0,0,179.6,78.1,0,1,89
2215,1,2215,control,9.99,0.0,2025-06-21,0,0,0,166.4,14.4,3,0,2
2216,1,2216,variant_mid,12.99,10.0,2024-07-12,0,0,0,64.99,26.9,3,1,20
2217,1,2217,variant_mid,12.99,10.0,2024-09-12,1,0,0,204.95,74.3,3,1,12
2218,1,2218,control,9.99,0.0,2025-08-13,1,1,1,78.39,23.0,4,1,14
2219,1,2219,control,9.99,0.0,2025-07-27,0,0,0,414.13,15.5,3,0,18
2220,1,2220,control,9.99,0.0,2024-07-04,0,0,0,85.96,18.2,1,1,58
2221,1,2221,control,9.99,0.0,2024-03-23,0,0,0,126.61,7.1,2,1,34
2222,1,2222,variant_high,14.99,15.0,2024-09-07,1,0,0,6.14,26.9,2,1,1
2223,1,2223,variant_high,14.99,15.0,2024-04-06,0,0,0,39.9,29.8,2,1,88
2224,1,2224,control,9.99,0.0,2025-04-26,1,1,1,111.63,53.6,0,1,23
2225,1,2225,variant_mid,12.99,10.0,2025-06-28,1,1,0,93.84,86.3,6,0,36
2226,1,2226,control,9.99,0.0,2025-06-12,1,0,0,62.66,59.7,1,1,36
2227,1,2227,control,9.99,0.0,2024-09-24,1,1,1,168.88,67.1,2,1,28
2228,1,2228,variant_mid,12.99,10.0,2024-10-17,1,0,0,81.4,53.5,4,1,24
2229,1,2229,variant_high,14.99,15.0,2024-12-24,0,0,0,61.04,0.0,2,1,61
2230,1,2230,control,9.99,0.0,2025-07-06,0,0,0,199.91,0.0,3,1,29
2231,1,2231,control,9.99,0.0,2025-12-06,1,0,0,99.52,93.8,2,1,34
2232,1,2232,control,9.99,0.0,2025-10-25,0,0,0,62.33,0.0,1,1,32
2233,1,2233,variant_mid,12.99,10.0,2024-09-24,0,0,0,335.52,13.8,2,1,40
2234,1,2234,variant_mid,12.99,10.0,2024-05-02,1,1,1,194.86,51.2,2,1,21
2235,1,2235,variant_high,14.99,15.0,2024-02-21,1,0,0,408.08,63.1,3,1,77
2236,1,2236,control,9.99,0.0,2025-11-16,1,1,1,9.4,65.0,1,0,27
2237,1,2237,variant_high,14.99,15.0,2025-12-07,1,0,0,548.64,50.8,4,1,63
2238,1,2238,variant_high,14.99,15.0,2025-02-01,1,0,0,76.08,75.7,1,1,9
2239,1,2239,control,9.99,0.0,2024-02-20,1,0,0,154.37,58.4,2,1,2
2240,1,2240,variant_mid,12.99,10.0,2024-11-26,0,0,0,59.11,0.0,1,1,84
2241,1,2241,variant_mid,12.99,10.0,2025-06-30,1,1,1,61.89,47.0,4,1,61
2242,1,2242,variant_mid,12.99,10.0,2025-08-20,1,0,0,65.85,64.5,1,1,77
2243,1,2243,variant_high,14.99,15.0,2025-08-05,0,0,0,50.24,0.0,0,1,32
2244,1,2244,variant_high,14.99,15.0,2025-08-14,0,0,0,122.7,9.8,1,1,16
2245,1,2245,variant_mid,12.99,10.0,2024-03-17,1,0,0,110.75,41.4,6,1,81
2246,1,2246,variant_high,14.99,15.0,2025-05-27,1,0,0,31.25,43.8,1,1,29
2247,1,2247,variant_mid,12.99,10.0,2026-01-14,1,0,0,26.37,63.6,5,1,3
2248,1,2248,variant_high,14.99,15.0,2024-10-26,1,0,0,30.3,64.0,6,1,78
2249,1,2249,variant_high,14.99,15.0,2025-01-22,1,0,0,48.86,71.5,4,0,75
2250,1,2250,variant_high,14.99,15.0,2024-07-30,0,0,0,94.85,11.2,1,0,65
2251,1,2251,control,9.99,0.0,2025-08-28,1,1,0,139.99,58.8,2,1,78
2252,1,2252,control,9.99,0.0,2024-10-06,0,0,0,102.83,27.1,3,1,70
2253,1,2253,variant_high,14.99,15.0,2026-01-10,1,0,0,40.26,45.0,0,0,75
2254,1,2254,control,9.99,0.0,2025-02-27,1,0,0,299.54,65.3,4,0,64
2255,1,2255,variant_mid,12.99,10.0,2024-09-19,1,1,1,18.96,38.9,4,1,71
2256,1,2256,variant_mid,12.99,10.0,2025-03-04,1,1,1,123.57,58.6,2,1,9
2257,1,2257,variant_high,14.99,15.0,2024-02-16,0,0,0,54.23,7.1,2,1,9
2258,1,2258,variant_high,14.99,15.0,2025-11-16,1,0,0,78.57,55.7,3,1,16
2259,1,2259,control,9.99,0.0,2024-12-04,1,0,0,132.64,47.6,2,1,0
2260,1,2260,variant_high,14.99,15.0,2024-12-18,1,1,1,160.52,30.4,4,1,47
2261,1,2261,variant_high,14.99,15.0,2024-11-01,0,0,0,377.48,34.0,4,1,9
2262,1,2262,control,9.99,0.0,2025-05-05,1,1,0,207.15,54.6,1,0,19
2263,1,2263,variant_mid,12.99,10.0,2025-08-06,0,0,0,120.99,0.0,5,1,43
2264,1,2264,variant_mid,12.99,10.0,2025-05-15,1,1,1,101.77,43.9,1,1,87
2265,1,2265,variant_mid,12.99,10.0,2024-04-15,0,0,0,118.82,20.4,2,1,23
2266,1,2266,variant_mid,12.99,10.0,2025-07-05,0,0,0,396.82,0.0,2,1,77
2267,1,2267,control,9.99,0.0,2025-04-16,1,1,1,407.56,68.1,3,1,0
2268,1,2268,variant_high,14.99,15.0,2026-01-01,1,0,0,91.29,71.7,5,0,64
2269,1,2269,control,9.99,0.0,2024-07-25,0,0,0,19.21,23.3,3,0,33
2270,1,2270,variant_mid,12.99,10.0,2025-08-24,1,1,0,14.26,40.5,1,1,65
2271,1,2271,variant_mid,12.99,10.0,2025-10-02,1,1,1,128.01,72.8,5,1,65
2272,1,2272,control,9.99,0.0,2024-02-10,1,1,1,78.68,70.5,1,1,57
2273,1,2273,variant_mid,12.99,10.0,2025-11-07,0,0,0,332.24,11.2,1,1,48
2274,1,2274,control,9.99,0.0,2025-08-23,0,0,0,108.24,26.2,0,1,8
2275,1,2275,control,9.99,0.0,2025-08-22,0,0,0,70.38,3.6,2,1,85
2276,1,2276,variant_mid,12.99,10.0,2026-01-08,0,0,0,106.61,0.0,3,1,75
2277,1,2277,variant_mid,12.99,10.0,2024-06-07,0,0,0,58.58,18.6,5,1,62
2278,1,2278,variant_mid,12.99,10.0,2024-02-01,1,1,1,102.71,67.6,3,1,71
2279,1,2279,control,9.99,0.0,2025-03-31,0,0,0,1145.57,5.3,0,1,34
2280,1,2280,variant_mid,12.99,10.0,2025-03-18,1,1,0,161.93,52.4,2,1,71
2281,1,2281,control,9.99,0.0,2025-09-17,0,0,0,522.26,38.5,5,1,21
2282,1,2282,control,9.99,0.0,2025-03-31,1,1,0,446.36,29.1,2,1,54
2283,1,2283,control,9.99,0.0,2024-03-26,0,0,0,71.65,0.4,3,1,54
2284,1,2284,control,9.99,0.0,2025-01-25,1,1,0,598.21,63.9,1,1,47
2285,1,2285,variant_mid,12.99,10.0,2024-10-22,1,1,0,1146.64,64.4,6,0,7
2286,1,2286,variant_high,14.99,15.0,2025-10-17,0,0,0,188.33,9.3,4,0,52
2287,1,2287,control,9.99,0.0,2025-06-14,0,0,0,38.28,0.0,1,1,27
2288,1,2288,variant_high,14.99,15.0,2025-08-27,1,1,1,207.75,49.8,1,1,43
2289,1,2289,control,9.99,0.0,2025-07-01,1,0,0,249.65,57.1,3,0,42
2290,1,2290,control,9.99,0.0,2024-05-18,1,1,1,711.41,60.8,1,1,74
2291,1,2291,variant_mid,12.99,10.0,2025-09-28,1,1,1,148.99,49.8,3,1,0
2292,1,2292,control,9.99,0.0,2024-04-01,0,0,0,152.06,26.9,2,1,84
2293,1,2293,variant_mid,12.99,10.0,2024-07-30,1,1,0,45.18,77.3,1,0,77
2294,1,2294,control,9.99,0.0,2024-05-21,1,0,0,97.31,59.5,1,1,43
2295,1,2295,variant_high,14.99,15.0,2024-03-16,0,0,0,27.98,2.7,4,1,61
2296,1,2296,variant_mid,12.99,10.0,2025-10-11,1,1,1,46.51,69.1,1,1,9
2297,1,2297,variant_high,14.99,15.0,2024-04-17,0,0,0,287.39,16.1,1,1,38
2298,1,2298,control,9.99,0.0,2024-03-26,1,1,1,113.47,65.1,2,1,43
2299,1,2299,control,9.99,0.0,2024-03-10,1,0,0,71.86,86.3,2,1,71
2300,1,2300,variant_high,14.99,15.0,2025-04-21,1,1,1,66.46,75.7,7,0,23
2301,1,2301,variant_mid,12.99,10.0,2024-07-05,0,0,0,35.19,6.7,1,1,48
2302,1,2302,variant_mid,12.99,10.0,2025-05-13,0,0,0,208.5,32.1,2,1,17
2303,1,2303,variant_mid,12.99,10.0,2024-07-12,1,1,1,471.7,78.3,3,1,41
2304,1,2304,variant_high,14.99,15.0,2024-06-08,1,1,0,29.54,77.7,3,1,60
2305,1,2305,variant_mid,12.99,10.0,2024-05-10,1,0,0,288.73,84.4,2,1,69
2306,1,2306,control,9.99,0.0,2024-07-02,0,0,0,125.01,24.7,2,1,78
2307,1,2307,variant_high,14.99,15.0,2024-06-26,0,0,0,758.75,0.0,2,1,89
2308,1,2308,variant_high,14.99,15.0,2025-09-05,1,1,1,121.93,43.7,1,0,79
2309,1,2309,control,9.99,0.0,2025-01-31,1,0,0,515.78,55.7,1,1,31
2310,1,2310,control,9.99,0.0,2024-11-21,0,0,0,68.3,20.2,2,1,6
2311,1,2311,variant_high,14.99,15.0,2025-10-24,1,1,0,71.59,71.1,2,1,29
2312,1,2312,variant_mid,12.99,10.0,2025-01-12,1,1,1,25.76,68.9,3,1,16
2313,1,2313,variant_high,14.99,15.0,2025-10-03,0,0,0,150.7,0.0,2,1,36
2314,1,2314,variant_high,14.99,15.0,2024-10-27,0,0,0,23.59,0.0,2,1,39
2315,1,2315,control,9.99,0.0,2025-12-31,1,0,0,531.38,91.1,4,0,13
2316,1,2316,control,9.99,0.0,2024-05-16,1,1,1,17.63,53.2,0,1,70
2317,1,2317,variant_mid,12.99,10.0,2025-01-16,0,0,0,106.91,24.4,5,0,80
2318,1,2318,variant_mid,12.99,10.0,2024-12-05,1,0,0,48.36,49.5,1,1,72
2319,1,2319,variant_high,14.99,15.0,2025-10-11,1,1,0,33.06,81.2,5,0,55
2320,1,2320,variant_high,14.99,15.0,2024-07-30,0,0,0,110.57,12.3,4,1,76
2321,1,2321,variant_high,14.99,15.0,2024-09-21,0,0,0,734.82,46.9,3,1,4
2322,1,2322,variant_high,14.99,15.0,2024-08-07,1,0,0,153.59,57.6,0,1,15
2323,1,2323,variant_mid,12.99,10.0,2025-04-08,0,0,0,66.28,22.0,3,1,26
2324,1,2324,variant_mid,12.99,10.0,2024-06-01,1,1,0,10.92,78.8,1,1,17
2325,1,2325,variant_mid,12.99,10.0,2024-12-15,1,1,0,58.47,88.2,8,1,47
2326,1,2326,variant_mid,12.99,10.0,2025-04-03,0,0,0,17.8,0.0,3,0,33
2327,1,2327,variant_high,14.99,15.0,2024-06-09,0,0,0,727.43,16.2,2,1,31
2328,1,2328,control,9.99,0.0,2024-07-30,1,1,1,131.01,52.8,1,0,5
2329,1,2329,variant_high,14.99,15.0,2024-04-23,0,0,0,870.38,10.2,3,1,11
2330,1,2330,variant_mid,12.99,10.0,2024-05-04,1,0,0,259.86,60.5,1,1,86
2331,1,2331,variant_mid,12.99,10.0,2025-11-05,0,0,0,21.69,19.4,4,1,10
2332,1,2332,control,9.99,0.0,2025-09-02,1,1,1,31.84,32.3,1,1,51
2333,1,2333,control,9.99,0.0,2024-06-05,1,1,1,46.24,44.5,3,1,88
2334,1,2334,variant_mid,12.99,10.0,2025-03-16,0,0,0,128.47,16.1,1,0,36
2335,1,2335,control,9.99,0.0,2024-03-28,1,1,0,18.74,83.3,0,1,50
2336,1,2336,control,9.99,0.0,2025-10-05,0,0,0,158.91,25.0,2,1,35
2337,1,2337,control,9.99,0.0,2025-07-20,0,0,0,142.05,30.9,2,0,51
2338,1,2338,control,9.99,0.0,2025-08-12,1,0,0,28.78,88.4,1,0,89
2339,1,2339,variant_high,14.99,15.0,2024-09-04,0,0,0,22.88,16.6,5,1,20
2340,1,2340,variant_mid,12.99,10.0,2024-10-12,0,0,0,106.3,27.5,3,1,45
2341,1,2341,variant_mid,12.99,10.0,2025-10-09,1,1,1,37.47,58.4,3,0,57
2342,1,2342,variant_high,14.99,15.0,2025-02-28,1,0,0,217.22,30.6,3,1,76
2343,1,2343,variant_mid,12.99,10.0,2025-03-14,1,0,0,229.76,57.5,1,1,54
2344,1,2344,variant_high,14.99,15.0,2026-01-02,1,0,0,180.84,69.8,3,1,84
2345,1,2345,variant_high,14.99,15.0,2025-09-08,0,0,0,260.71,0.0,2,0,41
2346,1,2346,variant_high,14.99,15.0,2024-10-06,0,0,0,122.31,2.5,1,1,29
2347,1,2347,variant_mid,12.99,10.0,2024-02-25,0,0,0,173.34,0.0,2,0,89
2348,1,2348,variant_high,14.99,15.0,2024-06-26,1,0,0,48.84,53.1,4,1,88
2349,1,2349,control,9.99,0.0,2025-07-19,1,1,1,111.39,53.3,0,1,35
2350,1,2350,variant_mid,12.99,10.0,2024-05-01,0,0,0,108.22,16.6,3,1,74
2351,1,2351,control,9.99,0.0,2024-08-18,0,0,0,392.73,3.4,3,1,44
2352,1,2352,control,9.99,0.0,2025-11-20,0,0,0,184.86,15.3,0,1,18
2353,1,2353,control,9.99,0.0,2024-12-01,0,0,0,623.52,16.3,0,1,5
2354,1,2354,variant_high,14.99,15.0,2024-07-03,1,1,0,32.46,66.9,4,1,39
2355,1,2355,control,9.99,0.0,2025-02-21,0,0,0,33.32,0.0,2,0,11
2356,1,2356,variant_mid,12.99,10.0,2025-11-22,0,0,0,212.03,17.5,1,1,29
2357,1,2357,variant_mid,12.99,10.0,2024-06-12,1,1,1,6.89,87.0,3,1,7
2358,1,2358,variant_mid,12.99,10.0,2025-03-08,1,0,0,171.24,81.0,2,0,59
2359,1,2359,variant_high,14.99,15.0,2025-08-06,0,0,0,658.06,3.5,5,1,48
2360,1,2360,variant_high,14.99,15.0,2025-03-26,1,1,0,113.74,59.5,1,1,75
2361,1,2361,variant_mid,12.99,10.0,2025-10-24,0,0,0,183.78,9.1,4,1,57
2362,1,2362,variant_high,14.99,15.0,2024-10-22,0,0,0,375.77,0.0,7,1,20
2363,1,2363,variant_high,14.99,15.0,2025-08-13,1,1,0,113.65,55.7,1,1,20
2364,1,2364,variant_mid,12.99,10.0,2024-11-04,0,0,0,24.65,10.3,2,1,11
2365,1,2365,variant_mid,12.99,10.0,2024-02-22,1,1,1,2698.07,29.1,4,1,26
2366,1,2366,control,9.99,0.0,2024-08-30,0,0,0,188.92,28.3,2,0,78
2367,1,2367,control,9.99,0.0,2024-05-02,1,1,1,77.32,66.0,3,1,12
2368,1,2368,variant_high,14.99,15.0,2025-06-17,1,0,0,248.66,52.1,2,1,36
2369,1,2369,variant_high,14.99,15.0,2024-11-01,1,0,0,646.41,68.1,2,1,12
2370,1,2370,variant_mid,12.99,10.0,2025-07-05,0,0,0,112.02,34.4,2,1,32
2371,1,2371,control,9.99,0.0,2025-07-11,1,1,1,125.93,61.6,1,1,20
2372,1,2372,variant_high,14.99,15.0,2025-02-01,0,0,0,113.76,1.1,2,1,75
2373,1,2373,variant_high,14.99,15.0,2025-11-25,0,0,0,187.82,9.5,1,1,38
2374,1,2374,variant_high,14.99,15.0,2024-11-27,1,1,1,13.5,93.7,5,1,24
2375,1,2375,variant_high,14.99,15.0,2025-06-04,1,1,1,191.34,80.1,3,1,70
2376,1,2376,variant_mid,12.99,10.0,2025-04-24,1,0,0,65.31,67.5,1,1,56
2377,1,2377,control,9.99,0.0,2025-06-08,0,0,0,28.34,27.4,1,0,51
2378,1,2378,control,9.99,0.0,2025-01-02,1,0,0,185.94,78.8,1,1,28
2379,1,2379,control,9.99,0.0,2024-11-21,0,0,0,40.39,32.1,4,1,68
2380,1,2380,variant_mid,12.99,10.0,2025-08-28,1,0,0,59.31,30.7,3,0,9
2381,1,2381,variant_high,14.99,15.0,2025-10-21,0,0,0,81.05,32.1,1,1,66
2382,1,2382,variant_high,14.99,15.0,2024-03-07,1,0,0,80.0,69.2,4,1,63
2383,1,2383,control,9.99,0.0,2025-12-18,1,1,0,55.05,43.4,2,1,88
2384,1,2384,variant_mid,12.99,10.0,2025-11-05,0,0,0,27.07,19.7,1,1,25
2385,1,2385,control,9.99,0.0,2025-03-10,1,1,1,16.76,91.9,2,1,4
2386,1,2386,variant_mid,12.99,10.0,2025-02-01,1,0,0,60.5,81.8,0,1,87
2387,1,2387,variant_high,14.99,15.0,2024-11-29,1,0,0,202.82,60.6,4,0,77
2388,1,2388,variant_high,14.99,15.0,2025-01-25,1,0,0,88.94,75.8,3,1,82
2389,1,2389,variant_high,14.99,15.0,2024-05-19,0,0,0,152.48,0.0,2,1,20
2390,1,2390,variant_mid,12.99,10.0,2024-10-20,1,0,0,54.69,18.0,2,0,58
2391,1,2391,variant_mid,12.99,10.0,2025-12-01,1,1,1,416.73,74.1,1,1,35
2392,1,2392,variant_high,14.99,15.0,2025-02-11,0,0,0,59.65,0.0,0,1,24
2393,1,2393,variant_high,14.99,15.0,2024-09-27,0,0,0,10.75,0.0,5,1,34
2394,1,2394,control,9.99,0.0,2024-06-12,1,1,1,36.49,32.9,1,1,0
2395,1,2395,control,9.99,0.0,2025-08-01,0,0,0,229.83,35.1,2,1,52
2396,1,2396,control,9.99,0.0,2025-01-18,0,0,0,117.2,19.4,3,0,0
2397,1,2397,control,9.99,0.0,2025-03-11,1,1,1,341.43,70.3,0,1,81
2398,1,2398,variant_mid,12.99,10.0,2024-10-21,0,0,0,194.98,28.5,1,0,80
2399,1,2399,variant_high,14.99,15.0,2024-02-10,1,1,0,82.51,68.3,2,1,81
2400,1,2400,control,9.99,0.0,2024-08-18,0,0,0,28.33,18.6,1,1,85
2401,1,2401,control,9.99,0.0,2025-03-09,0,0,0,88.61,13.1,4,0,74
2402,1,2402,control,9.99,0.0,2024-06-12,0,0,0,66.05,26.1,2,0,55
2403,1,2403,variant_high,14.99,15.0,2025-01-09,0,0,0,29.45,0.0,3,1,88
2404,1,2404,control,9.99,0.0,2025-10-07,1,0,0,141.66,84.2,1,1,26
2405,1,2405,control,9.99,0.0,2024-05-28,0,0,0,64.9,33.0,1,1,61
2406,1,2406,variant_mid,12.99,10.0,2025-09-23,0,0,0,252.82,0.0,2,1,52
2407,1,2407,variant_mid,12.99,10.0,2024-04-21,1,0,0,549.22,36.2,4,0,76
2408,1,2408,control,9.99,0.0,2025-01-01,0,0,0,38.47,0.0,0,1,72
2409,1,2409,variant_high,14.99,15.0,2025-04-19,1,0,0,163.73,62.9,4,1,49
2410,1,2410,variant_mid,12.99,10.0,2024-07-05,1,0,0,63.21,24.0,2,1,52
2411,1,2411,variant_mid,12.99,10.0,2024-06-24,0,0,0,17.79,21.0,0,0,4
2412,1,2412,variant_high,14.99,15.0,2024-11-26,0,0,0,103.43,0.0,6,0,79
2413,1,2413,control,9.99,0.0,2024-01-30,1,0,0,19.93,85.7,4,1,31
2414,1,2414,control,9.99,0.0,2025-11-07,0,0,0,94.68,0.7,3,1,24
2415,1,2415,variant_mid,12.99,10.0,2024-07-27,1,0,0,168.51,61.5,3,0,44
2416,1,2416,control,9.99,0.0,2025-07-22,0,0,0,960.66,30.8,3,1,22
2417,1,2417,control,9.99,0.0,2024-08-12,0,0,0,83.73,15.5,2,1,53
2418,1,2418,control,9.99,0.0,2025-09-01,0,0,0,121.89,5.2,4,1,87
2419,1,2419,variant_mid,12.99,10.0,2024-05-28,1,0,0,47.81,48.3,1,1,48
2420,1,2420,variant_high,14.99,15.0,2025-06-17,1,1,0,733.26,17.4,4,0,85
2421,1,2421,variant_mid,12.99,10.0,2025-06-12,1,0,0,344.15,54.9,0,1,58
2422,1,2422,variant_high,14.99,15.0,2025-06-12,1,1,0,17.46,71.3,7,1,87
2423,1,2423,variant_mid,12.99,10.0,2024-02-18,1,0,0,18.89,77.7,1,1,57
2424,1,2424,variant_mid,12.99,10.0,2024-05-07,1,1,1,384.07,93.9,1,0,28
2425,1,2425,control,9.99,0.0,2025-10-04,0,0,0,44.19,25.3,2,0,1
2426,1,2426,control,9.99,0.0,2024-09-23,1,0,0,61.27,51.0,1,1,28
2427,1,2427,control,9.99,0.0,2025-08-24,0,0,0,52.9,17.2,1,1,67
2428,1,2428,control,9.99,0.0,2025-09-16,0,0,0,28.41,17.4,1,1,9
2429,1,2429,variant_high,14.99,15.0,2025-05-26,1,0,0,162.15,63.9,3,1,41
2430,1,2430,variant_mid,12.99,10.0,2024-05-13,1,1,1,52.19,64.6,7,1,73
2431,1,2431,control,9.99,0.0,2024-09-04,0,0,0,105.98,5.7,6,1,11
2432,1,2432,variant_high,14.99,15.0,2024-03-15,0,0,0,26.22,18.7,4,1,21
2433,1,2433,control,9.99,0.0,2024-01-18,1,1,1,13.49,22.5,0,1,50
2434,1,2434,variant_high,14.99,15.0,2025-09-13,0,0,0,338.27,0.0,6,1,4
2435,1,2435,variant_high,14.99,15.0,2024-12-28,1,1,0,211.43,65.4,8,1,45
2436,1,2436,control,9.99,0.0,2025-08-12,0,0,0,120.25,6.8,5,1,27
2437,1,2437,control,9.99,0.0,2024-05-10,1,1,1,47.39,69.3,3,0,45
2438,1,2438,variant_high,14.99,15.0,2024-05-04,0,0,0,294.26,16.5,2,1,79
2439,1,2439,variant_high,14.99,15.0,2025-02-21,0,0,0,325.33,30.3,3,1,23
2440,1,2440,variant_high,14.99,15.0,2025-02-08,1,1,1,17.82,75.0,6,1,81
2441,1,2441,control,9.99,0.0,2024-10-30,0,0,0,43.95,13.2,1,1,27
2442,1,2442,variant_mid,12.99,10.0,2024-02-19,0,0,0,226.78,0.5,2,1,46
2443,1,2443,control,9.99,0.0,2024-07-15,1,1,0,129.48,86.6,1,0,59
2444,1,2444,variant_mid,12.99,10.0,2024-04-24,1,1,1,438.05,56.6,2,1,4
2445,1,2445,control,9.99,0.0,2024-05-11,1,0,0,25.61,67.5,5,0,19
2446,1,2446,variant_high,14.99,15.0,2024-07-15,1,0,0,175.99,54.0,1,1,7
2447,1,2447,variant_mid,12.99,10.0,2025-05-10,0,0,0,105.3,0.0,5,1,77
2448,1,2448,variant_high,14.99,15.0,2025-06-07,1,1,0,45.8,59.1,1,0,66
2449,1,2449,control,9.99,0.0,2025-08-09,1,0,0,46.52,39.0,4,1,81
2450,1,2450,variant_high,14.99,15.0,2024-08-28,0,0,0,98.12,0.0,1,1,82
2451,1,2451,variant_mid,12.99,10.0,2025-02-05,0,0,0,34.13,8.9,0,1,11
2452,1,2452,variant_high,14.99,15.0,2025-08-15,0,0,0,81.44,0.0,3,1,9
2453,1,2453,variant_high,14.99,15.0,2024-12-28,1,1,0,81.43,64.3,3,1,36
2454,1,2454,control,9.99,0.0,2024-01-23,1,0,0,424.11,60.3,5,1,70
2455,1,2455,variant_high,14.99,15.0,2025-01-16,0,0,0,401.44,8.7,6,0,61
2456,1,2456,variant_mid,12.99,10.0,2024-01-11,0,0,0,326.38,1.5,4,1,5
2457,1,2457,control,9.99,0.0,2024-10-10,1,1,1,197.38,47.5,1,1,89
2458,1,2458,control,9.99,0.0,2024-08-22,0,0,0,55.89,2.6,0,1,76
2459,1,2459,variant_high,14.99,15.0,2025-11-18,1,0,0,152.64,53.4,4,1,15
2460,1,2460,variant_high,14.99,15.0,2025-06-29,1,0,0,61.85,43.2,3,0,71
2461,1,2461,variant_mid,12.99,10.0,2025-05-14,0,0,0,125.2,19.1,2,0,32
2462,1,2462,control,9.99,0.0,2025-12-12,1,1,1,81.83,68.9,3,0,58
2463,1,2463,variant_mid,12.99,10.0,2025-11-27,1,1,1,86.62,57.2,0,0,47
2464,1,2464,control,9.99,0.0,2024-08-24,0,0,0,50.51,0.0,3,1,65
2465,1,2465,variant_mid,12.99,10.0,2025-02-20,1,1,1,174.93,90.1,1,1,46
2466,1,2466,variant_mid,12.99,10.0,2025-02-23,0,0,0,69.39,0.0,1,1,26
2467,1,2467,variant_mid,12.99,10.0,2024-01-18,1,0,0,1016.98,82.6,2,1,45
2468,1,2468,variant_high,14.99,15.0,2024-02-07,0,0,0,240.26,0.0,2,1,6
2469,1,2469,variant_high,14.99,15.0,2024-09-17,0,0,0,140.98,0.0,2,1,49
2470,1,2470,control,9.99,0.0,2024-01-10,1,1,0,278.37,29.6,0,1,39
2471,1,2471,variant_mid,12.99,10.0,2025-06-07,0,0,0,1028.65,24.3,4,1,38
2472,1,2472,variant_mid,12.99,10.0,2024-01-30,0,0,0,105.32,27.8,2,1,85
2473,1,2473,control,9.99,0.0,2024-06-18,1,1,1,164.85,50.3,1,1,28
2474,1,2474,variant_mid,12.99,10.0,2024-03-18,1,1,1,136.66,46.2,1,0,86
2475,1,2475,control,9.99,0.0,2025-01-02,1,0,0,115.81,51.1,2,1,8
2476,1,2476,control,9.99,0.0,2025-10-14,1,1,1,156.62,72.5,2,1,3
2477,1,2477,variant_high,14.99,15.0,2024-02-23,1,0,0,102.36,12.9,2,1,9
2478,1,2478,control,9.99,0.0,2025-04-24,1,0,0,133.96,57.9,2,1,33
2479,1,2479,variant_high,14.99,15.0,2025-01-31,1,1,1,29.93,63.2,3,1,50
2480,1,2480,control,9.99,0.0,2025-10-24,1,1,1,46.88,57.5,1,1,42
2481,1,2481,variant_high,14.99,15.0,2025-03-10,0,0,0,92.22,24.2,3,1,2
2482,1,2482,variant_mid,12.99,10.0,2025-09-20,0,0,0,15.03,0.0,3,1,50
2483,1,2483,variant_high,14.99,15.0,2025-05-19,0,0,0,33.2,38.5,3,1,33
2484,1,2484,control,9.99,0.0,2025-07-14,1,1,1,65.74,64.2,2,1,13
2485,1,2485,variant_mid,12.99,10.0,2024-12-29,0,0,0,38.11,26.4,1,1,38
2486,1,2486,variant_high,14.99,15.0,2024-09-17,1,0,0,128.93,55.4,2,1,44
2487,1,2487,control,9.99,0.0,2025-01-17,0,0,0,313.46,0.0,3,1,40
2488,1,2488,control,9.99,0.0,2024-04-21,0,0,0,26.06,37.9,1,0,60
2489,1,2489,variant_mid,12.99,10.0,2025-06-15,0,0,0,37.72,10.1,4,1,16
2490,1,2490,variant_high,14.99,15.0,2024-03-27,0,0,0,85.25,0.0,4,0,63
2491,1,2491,control,9.99,0.0,2025-11-25,1,1,1,42.94,48.1,3,1,58
2492,1,2492,control,9.99,0.0,2024-01-21,0,0,0,50.94,10.4,1,1,40
2493,1,2493,variant_high,14.99,15.0,2024-04-09,1,0,0,98.79,69.4,2,1,54
2494,1,2494,variant_mid,12.99,10.0,2024-05-26,0,0,0,1309.29,9.9,5,1,18
2495,1,2495,control,9.99,0.0,2024-05-28,1,0,0,26.76,68.8,1,1,74
2496,1,2496,variant_mid,12.99,10.0,2024-01-25,1,1,1,230.14,46.7,2,1,23
2497,1,2497,control,9.99,0.0,2025-12-31,0,0,0,76.86,0.0,5,1,25
2498,1,2498,variant_mid,12.99,10.0,2025-05-29,1,0,0,82.26,83.2,3,1,71
2499,1,2499,control,9.99,0.0,2024-08-17,0,0,0,41.97,0.0,1,1,66
2500,1,2500,variant_mid,12.99,10.0,2024-10-23,0,0,0,135.46,28.0,5,0,65
2501,1,2501,variant_mid,12.99,10.0,2024-06-19,0,0,0,91.64,36.1,1,1,73
2502,1,2502,control,9.99,0.0,2025-01-27,0,0,0,69.67,28.8,2,1,75
2503,1,2503,variant_mid,12.99,10.0,2024-10-19,1,1,1,513.22,52.0,3,0,10
2504,1,2504,variant_high,14.99,15.0,2024-12-27,0,0,0,39.24,2.1,2,1,86
2505,1,2505,variant_mid,12.99,10.0,2024-10-18,0,0,0,56.31,27.6,4,0,77
2506,1,2506,variant_high,14.99,15.0,2024-08-10,1,0,0,40.53,43.9,2,0,32
2507,1,2507,variant_high,14.99,15.0,2025-01-07,0,0,0,29.86,52.3,3,1,75
2508,1,2508,control,9.99,0.0,2024-03-24,1,0,0,39.24,75.2,3,1,18
2509,1,2509,variant_mid,12.99,10.0,2025-02-17,1,1,1,51.75,98.0,2,1,58
2510,1,2510,variant_high,14.99,15.0,2025-02-16,1,1,0,54.33,95.6,4,1,62
2511,1,2511,variant_high,14.99,15.0,2024-03-29,0,0,0,178.76,0.0,2,1,13
2512,1,2512,variant_high,14.99,15.0,2025-10-11,1,1,1,21.81,87.2,3,1,32
2513,1,2513,control,9.99,0.0,2025-12-06,0,0,0,53.59,3.9,1,1,1
2514,1,2514,variant_high,14.99,15.0,2025-07-12,0,0,0,197.64,0.0,2,1,87
2515,1,2515,control,9.99,0.0,2025-12-04,1,1,0,560.57,68.0,2,1,11
2516,1,2516,variant_mid,12.99,10.0,2025-11-26,0,0,0,122.88,0.0,1,1,82
2517,1,2517,variant_high,14.99,15.0,2025-06-23,1,1,1,556.88,27.6,2,0,26
2518,1,2518,variant_mid,12.99,10.0,2024-09-17,1,1,1,203.75,76.4,3,1,28
2519,1,2519,variant_mid,12.99,10.0,2024-06-11,0,0,0,106.5,40.3,3,1,84
2520,1,2520,variant_high,14.99,15.0,2025-09-11,1,0,0,97.2,74.6,1,1,34
2521,1,2521,variant_high,14.99,15.0,2025-01-07,1,1,1,45.95,74.3,4,1,22
2522,1,2522,variant_mid,12.99,10.0,2025-06-26,0,0,0,43.82,20.0,0,0,1
2523,1,2523,variant_mid,12.99,10.0,2025-10-14,1,0,0,42.08,74.3,1,1,7
2524,1,2524,control,9.99,0.0,2025-11-24,1,1,0,192.97,66.3,1,1,49
2525,1,2525,control,9.99,0.0,2025-06-02,0,0,0,58.8,10.6,3,1,63
2526,1,2526,control,9.99,0.0,2024-08-01,0,0,0,94.41,20.5,4,1,37
2527,1,2527,variant_mid,12.99,10.0,2024-03-02,1,0,0,439.42,73.4,4,0,27
2528,1,2528,variant_mid,12.99,10.0,2025-08-27,1,1,1,101.67,71.4,5,1,9
2529,1,2529,control,9.99,0.0,2024-01-23,0,0,0,219.19,26.1,2,0,26
2530,1,2530,control,9.99,0.0,2025-01-16,0,0,0,71.5,22.1,1,1,36
2531,1,2531,control,9.99,0.0,2024-08-03,1,0,0,94.2,35.8,5,1,7
2532,1,2532,variant_high,14.99,15.0,2024-11-25,1,1,0,38.31,56.2,3,1,24
2533,1,2533,control,9.99,0.0,2025-10-04,0,0,0,203.87,0.0,2,0,52
2534,1,2534,variant_mid,12.99,10.0,2024-12-18,0,0,0,72.9,8.4,4,0,9
2535,1,2535,variant_high,14.99,15.0,2024-04-24,1,0,0,325.6,69.9,4,0,67
2536,1,2536,variant_high,14.99,15.0,2024-11-23,0,0,0,167.4,5.3,2,1,48
2537,1,2537,variant_high,14.99,15.0,2024-03-23,1,1,1,121.54,52.0,3,1,72
2538,1,2538,control,9.99,0.0,2025-10-03,0,0,0,285.63,0.0,0,1,15
2539,1,2539,control,9.99,0.0,2024-02-11,0,0,0,73.81,34.9,1,1,28
2540,1,2540,control,9.99,0.0,2025-11-30,1,0,0,24.06,58.2,0,1,71
2541,1,2541,variant_high,14.99,15.0,2024-06-12,0,0,0,551.39,8.7,3,1,17
2542,1,2542,control,9.99,0.0,2025-05-08,0,0,0,152.07,30.9,2,1,18
2543,1,2543,control,9.99,0.0,2025-10-15,0,0,0,49.89,39.4,0,1,40
2544,1,2544,control,9.99,0.0,2024-05-25,0,0,0,85.12,17.1,1,0,78
2545,1,2545,variant_mid,12.99,10.0,2025-11-14,1,1,1,99.02,67.1,5,1,35
2546,1,2546,control,9.99,0.0,2024-11-09,1,0,0,115.26,70.8,1,0,26
2547,1,2547,variant_mid,12.99,10.0,2025-01-27,0,0,0,268.19,9.8,3,1,53
2548,1,2548,control,9.99,0.0,2024-10-01,1,1,0,48.24,68.4,2,0,14
2549,1,2549,variant_mid,12.99,10.0,2026-01-06,1,0,0,34.77,100.0,4,1,34
2550,1,2550,control,9.99,0.0,2025-05-08,0,0,0,70.16,22.8,2,1,56
2551,1,2551,variant_mid,12.99,10.0,2024-10-06,1,1,1,166.52,49.4,6,0,23
2552,1,2552,variant_mid,12.99,10.0,2024-02-29,0,0,0,74.19,6.8,1,1,84
2553,1,2553,variant_mid,12.99,10.0,2025-10-17,0,0,0,387.85,20.5,2,1,45
2554,1,2554,control,9.99,0.0,2025-05-03,0,0,0,94.36,37.5,3,1,48
2555,1,2555,variant_mid,12.99,10.0,2024-04-01,1,1,0,13.6,63.8,2,0,82
2556,1,2556,variant_mid,12.99,10.0,2024-12-20,0,0,0,137.15,5.8,3,1,12
2557,1,2557,variant_mid,12.99,10.0,2024-07-14,1,0,0,6.47,81.7,6,0,26
2558,1,2558,control,9.99,0.0,2024-07-13,1,1,1,90.73,72.6,2,1,21
2559,1,2559,variant_high,14.99,15.0,2025-01-03,1,1,1,19.82,49.8,1,0,46
2560,1,2560,variant_mid,12.99,10.0,2024-03-06,0,0,0,55.05,20.6,3,1,4
2561,1,2561,variant_mid,12.99,10.0,2024-07-12,0,0,0,68.48,0.0,1,1,71
2562,1,2562,control,9.99,0.0,2024-02-28,0,0,0,299.38,19.0,1,1,13
2563,1,2563,variant_high,14.99,15.0,2025-12-02,1,0,0,10.18,63.9,4,1,69
2564,1,2564,control,9.99,0.0,2025-10-26,0,0,0,258.87,31.3,4,1,85
2565,1,2565,variant_high,14.99,15.0,2024-04-28,0,0,0,82.99,26.4,3,1,8
2566,1,2566,control,9.99,0.0,2025-03-05,1,1,1,248.43,63.8,1,1,28
2567,1,2567,control,9.99,0.0,2024-06-12,0,0,0,131.49,0.0,2,0,14
2568,1,2568,variant_high,14.99,15.0,2025-02-06,0,0,0,30.57,16.6,5,1,67
2569,1,2569,variant_mid,12.99,10.0,2024-12-04,1,0,0,67.13,75.2,6,0,81
2570,1,2570,control,9.99,0.0,2024-01-18,1,1,0,47.69,53.9,0,1,33
2571,1,2571,variant_high,14.99,15.0,2025-08-22,0,0,0,63.91,4.9,3,0,44
2572,1,2572,variant_high,14.99,15.0,2025-08-01,1,0,0,506.24,60.8,4,1,78
2573,1,2573,variant_mid,12.99,10.0,2024-03-03,1,0,0,27.63,57.1,2,1,85
2574,1,2574,variant_mid,12.99,10.0,2024-06-16,0,0,0,630.28,13.5,2,1,48
2575,1,2575,variant_mid,12.99,10.0,2024-03-24,0,0,0,278.66,14.6,6,1,65
2576,1,2576,variant_mid,12.99,10.0,2024-10-09,0,0,0,354.55,24.1,3,1,84
2577,1,2577,variant_high,14.99,15.0,2024-11-23,0,0,0,10.78,0.0,2,1,23
2578,1,2578,variant_mid,12.99,10.0,2025-05-05,1,1,1,28.12,42.1,2,1,61
2579,1,2579,control,9.99,0.0,2025-04-14,0,0,0,38.91,14.5,5,1,48
2580,1,2580,control,9.99,0.0,2024-04-17,1,0,0,131.61,74.6,1,1,2
2581,1,2581,variant_mid,12.99,10.0,2024-12-23,1,0,0,74.88,73.4,2,0,23
2582,1,2582,variant_mid,12.99,10.0,2025-08-10,0,0,0,77.48,25.1,2,1,21
2583,1,2583,variant_mid,12.99,10.0,2025-10-21,1,1,1,35.09,29.6,5,1,58
2584,1,2584,control,9.99,0.0,2025-09-12,0,0,0,102.69,3.9,2,1,64
2585,1,2585,variant_mid,12.99,10.0,2024-08-20,1,0,0,66.64,45.9,0,1,60
2586,1,2586,variant_high,14.99,15.0,2025-01-30,1,0,0,137.55,28.7,3,1,33
2587,1,2587,control,9.99,0.0,2024-04-30,0,0,0,7.93,14.4,0,1,71
2588,1,2588,variant_high,14.99,15.0,2024-09-28,1,1,0,83.97,73.8,5,1,89
2589,1,2589,variant_mid,12.99,10.0,2024-08-04,0,0,0,130.93,35.5,2,1,45
2590,1,2590,variant_high,14.99,15.0,2024-07-18,1,1,1,525.78,46.5,6,1,58
2591,1,2591,variant_mid,12.99,10.0,2025-10-13,0,0,0,18.18,19.5,3,1,83
2592,1,2592,variant_mid,12.99,10.0,2025-06-26,0,0,0,67.13,0.0,3,0,62
2593,1,2593,variant_high,14.99,15.0,2025-09-29,0,0,0,111.36,0.0,4,1,4
2594,1,2594,variant_mid,12.99,10.0,2024-09-08,1,1,1,153.78,61.2,3,1,71
2595,1,2595,control,9.99,0.0,2024-10-24,1,0,0,654.38,84.7,4,1,2
2596,1,2596,variant_high,14.99,15.0,2025-08-29,1,1,0,41.34,62.7,5,1,43
2597,1,2597,variant_mid,12.99,10.0,2024-02-18,0,0,0,71.19,7.9,5,1,60
2598,1,2598,variant_high,14.99,15.0,2025-07-06,1,1,1,399.71,57.2,0,1,37
2599,1,2599,control,9.99,0.0,2025-05-12,0,0,0,61.81,39.1,1,1,53
2600,1,2600,variant_high,14.99,15.0,2024-09-16,0,0,0,574.37,0.0,3,1,3
2601,1,2601,variant_high,14.99,15.0,2025-11-23,1,0,0,7.62,83.3,2,1,87
2602,1,2602,variant_mid,12.99,10.0,2024-06-30,1,1,1,88.59,91.9,1,1,42
2603,1,2603,control,9.99,0.0,2024-09-12,0,0,0,59.44,7.0,2,1,31
2604,1,2604,variant_mid,12.99,10.0,2024-10-03,1,1,0,26.32,63.3,3,0,30
2605,1,2605,control,9.99,0.0,2024-10-05,1,0,0,431.08,62.7,3,0,81
2606,1,2606,variant_mid,12.99,10.0,2024-09-23,0,0,0,56.56,33.1,4,0,56
2607,1,2607,variant_mid,12.99,10.0,2024-12-26,1,1,0,75.8,38.0,1,1,87
2608,1,2608,control,9.99,0.0,2025-12-14,1,1,1,291.18,62.6,0,1,59
2609,1,2609,variant_high,14.99,15.0,2024-12-27,0,0,0,44.15,22.1,5,1,24
2610,1,2610,variant_high,14.99,15.0,2025-04-03,0,0,0,77.64,46.6,1,1,38
2611,1,2611,variant_mid,12.99,10.0,2025-05-03,1,0,0,426.5,42.1,8,0,36
2612,1,2612,variant_mid,12.99,10.0,2025-05-11,1,0,0,32.48,56.3,2,1,49
2613,1,2613,variant_high,14.99,15.0,2024-09-01,0,0,0,126.84,11.4,7,1,51
2614,1,2614,variant_mid,12.99,10.0,2024-08-10,1,0,0,145.52,91.5,1,1,10
2615,1,2615,variant_high,14.99,15.0,2024-09-30,0,0,0,218.69,0.0,2,1,38
2616,1,2616,control,9.99,0.0,2024-10-01,0,0,0,916.63,15.7,1,1,15
2617,1,2617,control,9.99,0.0,2025-08-31,1,0,0,72.08,49.9,2,1,65
2618,1,2618,variant_mid,12.99,10.0,2024-12-17,0,0,0,176.04,12.5,1,1,6
2619,1,2619,control,9.99,0.0,2025-11-28,0,0,0,926.95,0.0,1,1,73
2620,1,2620,variant_mid,12.99,10.0,2025-12-19,0,0,0,200.95,17.2,0,1,23
2621,1,2621,variant_mid,12.99,10.0,2025-05-26,0,0,0,88.15,4.1,2,1,45
2622,1,2622,control,9.99,0.0,2025-05-08,1,1,1,399.92,45.3,5,1,44
2623,1,2623,control,9.99,0.0,2024-04-18,0,0,0,15.98,15.6,1,0,72
2624,1,2624,control,9.99,0.0,2024-04-28,0,0,0,111.42,0.0,0,1,31
2625,1,2625,control,9.99,0.0,2025-06-03,0,0,0,77.29,30.7,4,0,18
2626,1,2626,control,9.99,0.0,2026-01-08,0,0,0,686.85,16.0,5,1,67
2627,1,2627,control,9.99,0.0,2025-08-11,0,0,0,30.62,0.0,4,0,49
2628,1,2628,variant_high,14.99,15.0,2024-08-03,0,0,0,56.34,21.9,2,1,12
2629,1,2629,control,9.99,0.0,2025-05-22,1,1,1,69.54,50.5,3,1,6
2630,1,2630,control,9.99,0.0,2025-04-09,0,0,0,168.11,8.5,1,1,79
2631,1,2631,variant_high,14.99,15.0,2024-02-12,1,1,0,353.89,65.1,5,1,20
2632,1,2632,variant_high,14.99,15.0,2025-10-11,0,0,0,211.87,0.0,6,1,25
2633,1,2633,control,9.99,0.0,2024-09-29,0,0,0,193.6,0.0,1,0,13
2634,1,2634,variant_high,14.99,15.0,2025-03-30,0,0,0,80.44,0.0,2,1,66
2635,1,2635,variant_high,14.99,15.0,2024-09-07,1,1,1,176.45,47.7,1,1,79
2636,1,2636,variant_high,14.99,15.0,2025-11-16,0,0,0,75.49,32.0,5,0,60
2637,1,2637,variant_mid,12.99,10.0,2024-12-15,1,0,0,287.19,55.0,2,1,49
2638,1,2638,variant_mid,12.99,10.0,2025-09-13,0,0,0,298.05,22.6,2,0,40
2639,1,2639,variant_high,14.99,15.0,2025-12-06,1,1,1,437.43,84.9,2,1,10
2640,1,2640,variant_mid,12.99,10.0,2024-02-04,1,0,0,87.32,50.4,1,1,38
2641,1,2641,variant_high,14.99,15.0,2024-11-15,1,0,0,89.99,55.9,3,1,49
2642,1,2642,control,9.99,0.0,2025-05-29,1,1,1,136.45,71.9,0,1,34
2643,1,2643,variant_high,14.99,15.0,2025-09-11,1,1,1,24.46,68.8,2,0,74
2644,1,2644,variant_high,14.99,15.0,2025-06-25,0,0,0,64.54,4.8,4,1,4
2645,1,2645,control,9.99,0.0,2025-05-13,0,0,0,189.46,33.9,1,1,59
2646,1,2646,control,9.99,0.0,2024-10-10,0,0,0,462.3,30.4,0,1,28
2647,1,2647,variant_high,14.99,15.0,2024-04-30,0,0,0,153.91,0.0,3,1,28
2648,1,2648,variant_high,14.99,15.0,2025-11-11,1,1,0,301.23,75.8,0,1,74
2649,1,2649,variant_high,14.99,15.0,2024-02-20,0,0,0,139.44,7.1,5,1,84
2650,1,2650,variant_high,14.99,15.0,2025-08-14,1,0,0,527.09,38.9,2,1,27
2651,1,2651,control,9.99,0.0,2024-02-09,0,0,0,111.16,7.4,4,0,77
2652,1,2652,variant_high,14.99,15.0,2024-10-02,1,0,0,26.58,55.1,3,0,87
2653,1,2653,variant_mid,12.99,10.0,2025-09-22,0,0,0,53.68,28.1,4,1,1
2654,1,2654,control,9.99,0.0,2024-06-28,0,0,0,190.91,19.4,3,1,12
2655,1,2655,control,9.99,0.0,2024-07-15,1,1,1,44.44,82.8,3,1,51
2656,1,2656,variant_mid,12.99,10.0,2024-06-14,1,1,1,25.24,40.4,5,1,49
2657,1,2657,variant_mid,12.99,10.0,2025-05-16,0,0,0,148.56,0.0,1,1,29
2658,1,2658,variant_mid,12.99,10.0,2024-06-28,0,0,0,95.45,3.6,2,0,66
2659,1,2659,variant_mid,12.99,10.0,2025-05-29,0,0,0,41.52,10.2,1,1,30
2660,1,2660,variant_high,14.99,15.0,2025-03-06,1,1,1,350.8,36.4,1,0,44
2661,1,2661,control,9.99,0.0,2025-10-30,0,0,0,35.75,3.1,0,1,23
2662,1,2662,control,9.99,0.0,2025-04-15,0,0,0,290.28,16.7,5,1,45
2663,1,2663,variant_mid,12.99,10.0,2024-11-08,1,0,0,113.4,74.3,3,1,41
2664,1,2664,variant_mid,12.99,10.0,2024-05-05,0,0,0,25.58,0.0,1,1,57
2665,1,2665,variant_high,14.99,15.0,2024-11-26,0,0,0,275.0,25.7,4,1,31
2666,1,2666,variant_mid,12.99,10.0,2025-02-21,0,0,0,62.05,19.2,3,1,8
2667,1,2667,variant_high,14.99,15.0,2025-11-20,0,0,0,105.82,39.7,3,1,84
2668,1,2668,variant_high,14.99,15.0,2024-07-08,1,0,0,945.34,62.1,4,0,10
2669,1,2669,variant_mid,12.99,10.0,2024-10-09,0,0,0,281.96,1.1,3,1,60
2670,1,2670,variant_mid,12.99,10.0,2025-11-03,1,1,1,14.23,54.9,2,1,7
2671,1,2671,variant_high,14.99,15.0,2025-11-02,1,1,1,80.39,40.2,5,0,34
2672,1,2672,control,9.99,0.0,2025-09-27,0,0,0,83.53,0.0,1,1,3
2673,1,2673,variant_high,14.99,15.0,2024-05-15,1,1,0,89.71,51.8,2,1,55
2674,1,2674,variant_mid,12.99,10.0,2024-03-28,1,1,1,25.11,58.5,2,1,77
2675,1,2675,variant_mid,12.99,10.0,2024-10-17,1,0,0,77.21,67.2,1,1,30
2676,1,2676,variant_high,14.99,15.0,2024-07-20,0,0,0,49.12,9.4,7,1,89
2677,1,2677,control,9.99,0.0,2024-08-22,0,0,0,95.4,27.7,3,1,9
2678,1,2678,control,9.99,0.0,2025-11-29,0,0,0,9.28,0.0,4,1,89
2679,1,2679,control,9.99,0.0,2025-01-31,0,0,0,80.41,17.4,1,1,33
2680,1,2680,variant_high,14.99,15.0,2024-08-18,0,0,0,126.94,4.0,4,1,26
2681,1,2681,variant_mid,12.99,10.0,2025-06-30,0,0,0,11.44,13.7,4,0,64
2682,1,2682,variant_high,14.99,15.0,2025-08-24,1,1,1,107.23,52.9,4,1,71
2683,1,2683,control,9.99,0.0,2024-11-24,0,0,0,93.32,38.6,2,1,49
2684,1,2684,variant_mid,12.99,10.0,2024-02-14,0,0,0,86.88,20.9,2,1,49
2685,1,2685,variant_mid,12.99,10.0,2024-12-15,0,0,0,541.2,0.0,3,0,32
2686,1,2686,control,9.99,0.0,2024-10-22,0,0,0,44.9,21.0,6,1,62
2687,1,2687,variant_mid,12.99,10.0,2024-06-02,0,0,0,175.07,0.0,3,1,38
2688,1,2688,control,9.99,0.0,2025-04-11,1,1,1,40.73,89.9,0,1,5
2689,1,2689,control,9.99,0.0,2025-07-05,0,0,0,48.22,24.4,2,1,66
2690,1,2690,variant_mid,12.99,10.0,2024-10-24,0,0,0,63.91,13.0,5,0,49
2691,1,2691,variant_mid,12.99,10.0,2024-10-07,0,0,0,164.1,6.5,2,0,29
2692,1,2692,control,9.99,0.0,2025-08-20,0,0,0,134.48,7.1,3,1,11
2693,1,2693,variant_mid,12.99,10.0,2024-05-14,0,0,0,99.1,13.5,0,1,14
2694,1,2694,variant_mid,12.99,10.0,2025-12-28,0,0,0,429.8,0.0,2,1,49
2695,1,2695,variant_high,14.99,15.0,2024-11-05,1,1,0,83.97,60.6,3,1,66
2696,1,2696,variant_mid,12.99,10.0,2025-01-11,1,1,1,194.64,45.7,1,0,76
2697,1,2697,variant_high,14.99,15.0,2025-03-22,0,0,0,8.65,4.7,2,1,67
2698,1,2698,variant_mid,12.99,10.0,2024-12-20,1,0,0,216.55,64.7,0,1,28
2699,1,2699,variant_high,14.99,15.0,2024-02-07,1,1,1,372.33,69.3,9,1,56
2700,1,2700,control,9.99,0.0,2025-06-01,1,0,0,253.83,58.8,2,0,21
2701,1,2701,variant_mid,12.99,10.0,2025-11-02,1,1,1,168.12,69.5,0,0,51
2702,1,2702,variant_mid,12.99,10.0,2025-07-19,0,0,0,213.44,0.0,0,1,28
2703,1,2703,variant_high,14.99,15.0,2025-05-17,0,0,0,82.49,11.1,2,1,69
2704,1,2704,variant_high,14.99,15.0,2024-02-21,1,1,1,64.15,56.7,2,0,81
2705,1,2705,variant_high,14.99,15.0,2025-08-10,1,0,0,566.29,69.5,4,1,21
2706,1,2706,control,9.99,0.0,2024-11-20,1,1,1,28.23,61.3,6,1,36
2707,1,2707,variant_mid,12.99,10.0,2024-08-13,0,0,0,44.97,23.3,3,1,70
2708,1,2708,variant_high,14.99,15.0,2025-01-04,0,0,0,85.1,5.8,3,1,0
2709,1,2709,control,9.99,0.0,2024-06-29,0,0,0,138.59,0.0,2,1,64
2710,1,2710,control,9.99,0.0,2024-08-26,0,0,0,92.92,6.4,2,0,60
2711,1,2711,variant_high,14.99,15.0,2025-08-27,1,0,0,42.46,58.4,4,1,4
2712,1,2712,control,9.99,0.0,2025-07-18,0,0,0,125.37,28.0,0,1,81
2713,1,2713,control,9.99,0.0,2025-03-04,0,0,0,302.76,13.8,1,1,2
2714,1,2714,variant_high,14.99,15.0,2025-10-24,0,0,0,174.04,5.6,6,1,8
2715,1,2715,variant_high,14.99,15.0,2024-04-27,0,0,0,27.91,0.0,2,1,46
2716,1,2716,variant_mid,12.99,10.0,2025-09-21,0,0,0,91.22,21.4,0,0,85
2717,1,2717,variant_high,14.99,15.0,2024-12-22,0,0,0,42.2,0.0,1,1,87
2718,1,2718,variant_high,14.99,15.0,2025-04-12,1,0,0,141.52,60.9,5,1,62
2719,1,2719,variant_mid,12.99,10.0,2025-09-19,0,0,0,71.56,0.0,2,1,82
2720,1,2720,variant_high,14.99,15.0,2025-08-22,1,1,1,28.11,44.5,1,1,37
2721,1,2721,variant_high,14.99,15.0,2026-01-01,1,0,0,43.12,91.6,5,1,1
2722,1,2722,variant_high,14.99,15.0,2024-07-02,0,0,0,86.86,2.8,2,1,42
2723,1,2723,control,9.99,0.0,2024-05-09,1,1,1,64.45,46.0,0,1,82
2724,1,2724,control,9.99,0.0,2024-02-04,1,1,1,41.08,35.6,0,1,34
2725,1,2725,variant_mid,12.99,10.0,2025-05-14,1,1,1,115.48,72.9,3,1,57
2726,1,2726,control,9.99,0.0,2025-01-19,0,0,0,78.08,26.8,2,1,75
2727,1,2727,control,9.99,0.0,2025-05-20,0,0,0,23.33,0.0,1,1,58
2728,1,2728,variant_mid,12.99,10.0,2024-11-03,1,0,0,227.05,59.8,2,1,17
2729,1,2729,control,9.99,0.0,2024-09-23,1,0,0,679.07,49.6,3,1,11
2730,1,2730,control,9.99,0.0,2025-10-16,1,0,0,845.2,82.2,2,1,36
2731,1,2731,variant_high,14.99,15.0,2024-06-01,0,0,0,105.94,27.9,2,1,16
2732,1,2732,control,9.99,0.0,2025-08-13,0,0,0,172.49,35.0,3,1,20
2733,1,2733,variant_mid,12.99,10.0,2024-03-30,1,0,0,39.75,47.4,4,1,53
2734,1,2734,variant_mid,12.99,10.0,2024-10-08,1,0,0,82.87,58.5,5,1,18
2735,1,2735,variant_high,14.99,15.0,2024-02-07,0,0,0,88.5,2.7,5,0,77
2736,1,2736,control,9.99,0.0,2024-01-21,1,1,1,98.06,51.5,1,1,87
2737,1,2737,control,9.99,0.0,2024-02-09,1,1,1,186.16,58.4,0,1,51
2738,1,2738,variant_mid,12.99,10.0,2024-08-02,1,0,0,180.3,17.4,5,1,34
2739,1,2739,variant_mid,12.99,10.0,2025-12-03,1,0,0,165.05,59.6,2,1,84
2740,1,2740,variant_high,14.99,15.0,2024-10-10,1,0,0,387.51,55.1,9,1,74
2741,1,2741,control,9.99,0.0,2025-03-26,1,0,0,217.32,55.0,2,1,34
2742,1,2742,control,9.99,0.0,2025-05-27,0,0,0,1417.86,31.6,3,1,67
2743,1,2743,control,9.99,0.0,2025-10-17,1,1,1,30.71,71.0,3,0,43
2744,1,2744,variant_high,14.99,15.0,2025-10-26,1,1,1,242.93,82.4,7,0,88
2745,1,2745,control,9.99,0.0,2024-02-14,0,0,0,298.08,6.8,2,0,75
2746,1,2746,control,9.99,0.0,2024-06-30,0,0,0,24.34,0.0,1,1,29
2747,1,2747,variant_mid,12.99,10.0,2025-07-23,1,0,0,137.47,84.2,3,1,80
2748,1,2748,control,9.99,0.0,2025-08-01,1,1,0,208.69,61.5,6,0,70
2749,1,2749,control,9.99,0.0,2025-12-22,1,1,1,43.77,45.6,2,1,19
2750,1,2750,control,9.99,0.0,2025-06-29,1,0,0,29.23,60.2,3,1,46
2751,1,2751,variant_high,14.99,15.0,2025-02-13,1,0,0,118.07,31.6,4,1,44
2752,1,2752,variant_mid,12.99,10.0,2024-09-26,1,1,0,38.06,54.6,2,1,40
2753,1,2753,variant_mid,12.99,10.0,2024-12-17,1,1,1,103.19,63.7,4,1,78
2754,1,2754,variant_mid,12.99,10.0,2024-01-13,1,0,0,203.64,50.2,2,1,79
2755,1,2755,variant_high,14.99,15.0,2025-06-04,1,1,1,113.3,42.3,9,0,87
2756,1,2756,control,9.99,0.0,2024-02-01,1,0,0,75.43,75.2,3,1,33
2757,1,2757,control,9.99,0.0,2025-04-18,0,0,0,84.1,10.7,0,0,82
2758,1,2758,variant_high,14.99,15.0,2025-03-30,1,0,0,43.8,63.8,3,1,24
2759,1,2759,variant_mid,12.99,10.0,2025-12-28,1,0,0,119.68,51.3,3,1,18
2760,1,2760,variant_high,14.99,15.0,2025-09-28,0,0,0,84.94,17.6,4,0,74
2761,1,2761,variant_high,14.99,15.0,2025-06-24,0,0,0,83.5,0.0,3,0,19
2762,1,2762,variant_high,14.99,15.0,2025-04-12,1,1,0,102.38,75.9,1,1,34
2763,1,2763,variant_mid,12.99,10.0,2024-08-19,0,0,0,83.03,0.0,3,0,35
2764,1,2764,control,9.99,0.0,2025-07-25,1,1,1,50.8,42.4,2,1,28
2765,1,2765,variant_high,14.99,15.0,2025-02-21,0,0,0,651.74,21.6,6,0,64
2766,1,2766,variant_mid,12.99,10.0,2025-01-11,1,0,0,55.58,51.3,2,1,38
2767,1,2767,control,9.99,0.0,2025-04-10,0,0,0,232.03,49.4,2,1,59
2768,1,2768,control,9.99,0.0,2024-07-10,1,0,0,163.57,62.9,3,1,13
2769,1,2769,variant_mid,12.99,10.0,2024-07-28,0,0,0,107.57,24.8,2,0,15
2770,1,2770,control,9.99,0.0,2024-02-18,1,0,0,55.37,57.3,1,1,64
2771,1,2771,control,9.99,0.0,2024-10-13,0,0,0,369.66,34.6,3,0,55
2772,1,2772,control,9.99,0.0,2025-08-24,1,1,0,28.53,72.3,3,0,20
2773,1,2773,variant_high,14.99,15.0,2024-03-14,1,0,0,1418.41,63.5,4,0,26
2774,1,2774,variant_mid,12.99,10.0,2024-12-23,0,0,0,119.62,8.8,2,1,59
2775,1,2775,control,9.99,0.0,2025-10-01,1,1,1,243.05,24.6,1,1,72
2776,1,2776,control,9.99,0.0,2025-10-19,0,0,0,1496.05,28.3,1,1,62
2777,1,2777,variant_high,14.99,15.0,2025-11-10,0,0,0,156.11,8.4,3,1,81
2778,1,2778,variant_high,14.99,15.0,2024-10-13,1,0,0,332.05,82.6,6,1,59
2779,1,2779,control,9.99,0.0,2024-09-02,0,0,0,691.88,18.2,0,0,29
2780,1,2780,variant_high,14.99,15.0,2024-07-28,0,0,0,288.33,11.7,1,1,67
2781,1,2781,control,9.99,0.0,2024-11-12,1,0,0,318.36,45.5,0,1,86
2782,1,2782,control,9.99,0.0,2025-05-21,0,0,0,242.98,33.8,1,1,36
2783,1,2783,control,9.99,0.0,2025-05-15,0,0,0,563.22,14.6,2,0,66
2784,1,2784,variant_high,14.99,15.0,2025-04-01,1,0,0,164.44,47.1,1,1,21
2785,1,2785,variant_high,14.99,15.0,2024-12-18,1,1,1,204.81,67.4,3,1,40
2786,1,2786,variant_mid,12.99,10.0,2025-06-04,1,0,0,40.58,43.2,3,1,3
2787,1,2787,variant_mid,12.99,10.0,2024-09-14,1,1,0,792.92,49.0,5,1,33
2788,1,2788,control,9.99,0.0,2024-03-14,1,1,1,526.61,45.1,1,1,70
2789,1,2789,control,9.99,0.0,2025-12-16,0,0,0,327.5,17.2,1,1,24
2790,1,2790,control,9.99,0.0,2024-03-17,1,0,0,136.95,63.9,4,1,78
2791,1,2791,variant_high,14.99,15.0,2025-09-21,0,0,0,43.04,0.0,7,1,77
2792,1,2792,variant_high,14.99,15.0,2025-02-20,1,0,0,43.68,53.1,2,1,5
2793,1,2793,variant_mid,12.99,10.0,2026-01-01,1,0,0,32.89,44.0,1,1,77
2794,1,2794,variant_high,14.99,15.0,2025-02-24,0,0,0,181.47,4.6,1,1,21
2795,1,2795,control,9.99,0.0,2024-02-10,1,0,0,19.41,100.0,2,0,39
2796,1,2796,control,9.99,0.0,2024-03-17,1,0,0,195.81,64.1,1,1,43
2797,1,2797,variant_mid,12.99,10.0,2024-03-04,0,0,0,282.04,29.3,6,1,59
2798,1,2798,variant_high,14.99,15.0,2024-11-13,0,0,0,30.83,13.3,5,1,83
2799,1,2799,control,9.99,0.0,2025-07-20,1,1,1,95.07,76.3,4,0,37
2800,1,2800,control,9.99,0.0,2025-04-27,1,1,1,312.53,63.9,2,0,69
2801,1,2801,variant_mid,12.99,10.0,2025-09-02,1,0,0,38.23,71.3,4,1,44
2802,1,2802,variant_high,14.99,15.0,2025-02-05,1,1,1,15.83,75.5,3,1,39
2803,1,2803,variant_mid,12.99,10.0,2024-04-19,1,0,0,36.96,73.2,1,1,42
2804,1,2804,variant_high,14.99,15.0,2024-05-28,0,0,0,254.18,9.5,2,1,29
2805,1,2805,variant_high,14.99,15.0,2024-05-16,1,0,0,96.56,71.9,2,1,8
2806,1,2806,variant_high,14.99,15.0,2025-11-23,0,0,0,25.73,14.2,2,1,57
2807,1,2807,control,9.99,0.0,2025-08-20,0,0,0,280.08,4.1,1,1,7
2808,1,2808,control,9.99,0.0,2024-01-26,0,0,0,300.54,13.9,2,1,23
2809,1,2809,control,9.99,0.0,2024-06-18,0,0,0,251.61,7.8,2,1,4
2810,1,2810,variant_high,14.99,15.0,2024-07-20,1,1,0,12.34,51.0,0,1,82
2811,1,2811,variant_high,14.99,15.0,2025-06-09,0,0,0,19.24,0.0,4,1,59
2812,1,2812,control,9.99,0.0,2024-02-20,0,0,0,155.83,6.9,2,1,23
2813,1,2813,variant_mid,12.99,10.0,2026-01-02,0,0,0,77.9,0.0,4,1,13
2814,1,2814,control,9.99,0.0,2024-07-30,1,1,1,86.02,51.5,0,1,18
2815,1,2815,variant_mid,12.99,10.0,2025-09-25,0,0,0,44.34,32.0,2,1,25
2816,1,2816,variant_mid,12.99,10.0,2025-05-16,1,0,0,40.76,30.8,3,1,35
2817,1,2817,variant_high,14.99,15.0,2024-10-06,0,0,0,185.19,0.0,3,1,28
2818,1,2818,variant_mid,12.99,10.0,2024-01-23,1,1,1,69.35,59.2,2,0,55
2819,1,2819,control,9.99,0.0,2025-02-08,1,1,1,143.3,71.2,1,1,22
2820,1,2820,variant_mid,12.99,10.0,2024-01-30,0,0,0,109.55,0.0,3,0,15
2821,1,2821,variant_high,14.99,15.0,2025-06-12,0,0,0,55.05,6.6,1,1,81
2822,1,2822,variant_mid,12.99,10.0,2024-06-14,0,0,0,789.11,13.7,2,1,42
2823,1,2823,variant_high,14.99,15.0,2025-12-03,1,1,0,25.44,45.5,2,1,25
2824,1,2824,variant_mid,12.99,10.0,2024-01-25,0,0,0,48.25,11.8,2,1,34
2825,1,2825,variant_mid,12.99,10.0,2024-09-30,0,0,0,93.15,20.2,6,0,72
2826,1,2826,variant_mid,12.99,10.0,2024-10-17,0,0,0,31.87,0.0,3,1,63
2827,1,2827,variant_high,14.99,15.0,2025-07-29,0,0,0,86.58,0.0,2,1,14
2828,1,2828,variant_mid,12.99,10.0,2024-07-02,0,0,0,286.14,0.0,1,1,72
2829,1,2829,variant_mid,12.99,10.0,2025-08-11,0,0,0,97.64,0.0,6,1,64
2830,1,2830,variant_high,14.99,15.0,2024-08-26,1,0,0,30.64,58.4,3,0,56
2831,1,2831,control,9.99,0.0,2024-03-06,1,1,1,69.11,26.6,5,1,22
2832,1,2832,control,9.99,0.0,2025-09-04,1,1,1,76.9,76.9,0,1,17
2833,1,2833,control,9.99,0.0,2024-06-07,0,0,0,72.14,0.0,1,1,66
2834,1,2834,variant_mid,12.99,10.0,2024-11-17,1,0,0,78.92,19.2,1,1,61
2835,1,2835,variant_high,14.99,15.0,2025-03-25,1,1,1,109.47,61.3,3,1,19
2836,1,2836,variant_mid,12.99,10.0,2024-01-16,1,1,1,708.63,61.9,0,1,44
2837,1,2837,variant_mid,12.99,10.0,2025-04-30,1,1,0,125.97,62.0,1,0,45
2838,1,2838,control,9.99,0.0,2025-02-12,0,0,0,221.58,0.0,4,1,87
2839,1,2839,variant_high,14.99,15.0,2025-07-23,0,0,0,97.54,25.4,2,1,16
2840,1,2840,control,9.99,0.0,2024-04-04,0,0,0,189.17,17.9,1,1,38
2841,1,2841,control,9.99,0.0,2025-10-20,0,0,0,43.61,34.9,0,1,37
2842,1,2842,variant_high,14.99,15.0,2024-02-24,0,0,0,313.74,4.6,3,0,8
2843,1,2843,variant_high,14.99,15.0,2025-11-26,0,0,0,43.06,39.2,2,1,34
2844,1,2844,control,9.99,0.0,2024-09-12,1,0,0,1908.65,11.4,3,0,27
2845,1,2845,variant_mid,12.99,10.0,2024-03-06,1,0,0,69.88,41.8,0,0,45
2846,1,2846,variant_high,14.99,15.0,2024-08-03,1,1,1,114.39,54.9,3,1,64
2847,1,2847,control,9.99,0.0,2024-12-27,0,0,0,37.55,0.0,0,1,48
2848,1,2848,variant_high,14.99,15.0,2024-03-29,0,0,0,447.34,31.6,4,1,29
2849,1,2849,control,9.99,0.0,2024-08-26,1,0,0,69.68,75.4,2,1,61
2850,1,2850,variant_mid,12.99,10.0,2024-08-16,1,0,0,8.81,100.0,2,1,19
2851,1,2851,control,9.99,0.0,2024-05-01,1,1,1,220.48,71.0,4,1,24
2852,1,2852,control,9.99,0.0,2025-01-08,0,0,0,759.67,0.0,5,1,64
2853,1,2853,control,9.99,0.0,2024-02-03,1,0,0,56.8,56.5,3,1,6
2854,1,2854,control,9.99,0.0,2024-07-06,1,1,0,139.84,53.3,4,1,27
2855,1,2855,variant_high,14.99,15.0,2024-04-20,1,0,0,52.2,81.8,3,1,0
2856,1,2856,variant_mid,12.99,10.0,2024-02-06,0,0,0,63.42,13.7,2,1,19
2857,1,2857,control,9.99,0.0,2024-12-17,0,0,0,234.04,38.0,3,1,78
2858,1,2858,variant_mid,12.99,10.0,2025-10-14,0,0,0,297.16,5.9,1,1,47
2859,1,2859,control,9.99,0.0,2024-09-14,1,1,1,286.83,80.2,1,1,4
2860,1,2860,variant_mid,12.99,10.0,2025-05-07,0,0,0,56.9,0.0,3,0,4
2861,1,2861,variant_mid,12.99,10.0,2024-05-06,0,0,0,61.36,8.3,3,1,59
2862,1,2862,variant_mid,12.99,10.0,2025-06-12,0,0,0,54.96,9.8,5,0,0
2863,1,2863,variant_high,14.99,15.0,2025-05-23,1,0,0,166.66,76.2,3,1,5
2864,1,2864,variant_mid,12.99,10.0,2024-10-28,0,0,0,117.03,30.6,5,1,79
2865,1,2865,variant_high,14.99,15.0,2024-07-30,1,0,0,122.83,33.9,5,1,33
2866,1,2866,variant_mid,12.99,10.0,2025-03-10,1,1,1,619.88,62.3,0,1,85
2867,1,2867,control,9.99,0.0,2025-04-05,1,1,0,59.83,88.4,1,0,59
2868,1,2868,control,9.99,0.0,2025-06-13,0,0,0,199.44,0.0,1,1,34
2869,1,2869,control,9.99,0.0,2024-06-11,1,1,0,446.06,87.4,1,1,74
2870,1,2870,variant_high,14.99,15.0,2024-09-19,1,1,0,40.2,94.8,2,1,19
2871,1,2871,variant_high,14.99,15.0,2025-08-27,1,0,0,63.7,56.1,4,1,28
2872,1,2872,variant_high,14.99,15.0,2025-09-13,0,0,0,201.2,29.0,3,1,15
2873,1,2873,variant_high,14.99,15.0,2025-08-24,1,1,0,200.39,84.7,5,1,13
2874,1,2874,variant_high,14.99,15.0,2025-08-05,1,1,0,78.59,33.1,3,1,87
2875,1,2875,variant_mid,12.99,10.0,2024-03-20,0,0,0,52.74,0.0,2,1,9
2876,1,2876,variant_mid,12.99,10.0,2024-08-04,1,0,0,63.57,41.7,2,1,65
2877,1,2877,variant_mid,12.99,10.0,2024-07-28,1,0,0,255.41,90.2,1,0,30
2878,1,2878,variant_high,14.99,15.0,2024-09-12,1,1,1,27.1,61.1,3,1,65
2879,1,2879,variant_high,14.99,15.0,2024-12-21,0,0,0,17.74,25.9,1,0,82
2880,1,2880,variant_high,14.99,15.0,2024-05-21,1,1,0,111.67,45.7,4,1,10
2881,1,2881,variant_high,14.99,15.0,2025-08-03,0,0,0,38.83,9.2,2,1,82
2882,1,2882,variant_high,14.99,15.0,2025-01-13,1,1,1,112.63,62.0,2,1,89
2883,1,2883,control,9.99,0.0,2024-03-12,0,0,0,120.53,22.0,1,1,75
2884,1,2884,variant_mid,12.99,10.0,2025-08-31,0,0,0,303.71,15.7,4,1,62
2885,1,2885,variant_high,14.99,15.0,2024-08-15,1,1,0,19.46,69.1,4,1,60
2886,1,2886,variant_mid,12.99,10.0,2025-02-21,0,0,0,132.49,22.5,4,1,83
2887,1,2887,variant_mid,12.99,10.0,2024-11-21,0,0,0,128.41,0.0,2,1,85
2888,1,2888,variant_mid,12.99,10.0,2024-09-15,0,0,0,14.0,6.1,3,0,58
2889,1,2889,control,9.99,0.0,2024-09-18,1,1,1,107.58,77.4,1,1,6
2890,1,2890,variant_high,14.99,15.0,2024-10-26,1,1,0,164.5,74.7,1,1,34
2891,1,2891,variant_high,14.99,15.0,2024-02-21,0,0,0,9.25,0.0,5,0,53
2892,1,2892,variant_mid,12.99,10.0,2025-06-05,0,0,0,32.86,32.5,2,1,26
2893,1,2893,control,9.99,0.0,2025-05-07,0,0,0,66.36,8.5,0,1,79
2894,1,2894,control,9.99,0.0,2025-01-15,1,0,0,31.42,68.5,3,1,45
2895,1,2895,variant_mid,12.99,10.0,2025-10-14,1,1,0,172.56,67.4,4,1,46
2896,1,2896,control,9.99,0.0,2025-02-19,1,1,0,89.04,50.8,1,0,79
2897,1,2897,control,9.99,0.0,2024-10-16,1,1,1,86.55,90.4,2,0,22
2898,1,2898,control,9.99,0.0,2025-03-29,1,1,1,37.27,48.2,1,1,9
2899,1,2899,control,9.99,0.0,2025-08-23,1,0,0,184.13,73.8,2,1,40
2900,1,2900,control,9.99,0.0,2025-06-27,0,0,0,291.46,24.5,1,0,12
2901,1,2901,variant_high,14.99,15.0,2025-02-22,1,1,1,94.6,58.9,0,1,39
2902,1,2902,variant_mid,12.99,10.0,2025-04-15,1,1,0,83.97,57.8,1,1,42
2903,1,2903,variant_mid,12.99,10.0,2025-12-25,1,1,0,26.03,68.7,2,1,88
2904,1,2904,variant_high,14.99,15.0,2025-05-19,1,0,0,57.85,72.1,0,1,75
2905,1,2905,variant_mid,12.99,10.0,2025-06-06,0,0,0,32.24,0.3,4,1,17
2906,1,2906,variant_high,14.99,15.0,2025-05-03,0,0,0,200.03,0.0,2,1,31
2907,1,2907,control,9.99,0.0,2025-12-08,1,1,0,26.91,55.2,3,1,57
2908,1,2908,control,9.99,0.0,2025-11-25,0,0,0,27.17,0.0,5,0,11
2909,1,2909,control,9.99,0.0,2024-09-23,0,0,0,53.54,0.0,5,1,62
2910,1,2910,variant_high,14.99,15.0,2025-06-26,1,0,0,178.03,67.9,3,1,40
2911,1,2911,variant_high,14.99,15.0,2025-04-25,0,0,0,190.02,12.7,5,1,56
2912,1,2912,variant_mid,12.99,10.0,2025-02-09,0,0,0,25.96,8.7,3,1,24
2913,1,2913,variant_high,14.99,15.0,2025-01-15,1,1,1,151.11,31.3,4,1,59
2914,1,2914,control,9.99,0.0,2025-10-26,0,0,0,54.68,19.8,4,1,50
2915,1,2915,variant_mid,12.99,10.0,2025-11-05,0,0,0,272.0,0.0,3,0,14
2916,1,2916,control,9.99,0.0,2025-10-28,1,1,1,273.23,44.1,1,1,4
2917,1,2917,variant_mid,12.99,10.0,2024-08-18,0,0,0,53.58,8.3,5,1,26
2918,1,2918,control,9.99,0.0,2024-10-03,0,0,0,407.94,14.5,1,0,45
2919,1,2919,variant_mid,12.99,10.0,2024-03-16,0,0,0,514.81,0.0,0,1,43
2920,1,2920,variant_mid,12.99,10.0,2025-08-22,0,0,0,43.18,21.6,3,1,74
2921,1,2921,variant_mid,12.99,10.0,2025-05-30,1,1,0,96.61,47.6,3,1,57
2922,1,2922,control,9.99,0.0,2026-01-04,1,1,1,664.78,46.4,1,1,28
2923,1,2923,variant_mid,12.99,10.0,2025-07-04,0,0,0,189.71,6.6,1,1,86
2924,1,2924,control,9.99,0.0,2024-06-01,1,0,0,11.11,57.1,1,1,79
2925,1,2925,control,9.99,0.0,2024-08-07,0,0,0,91.04,0.0,4,1,70
2926,1,2926,variant_mid,12.99,10.0,2024-10-24,0,0,0,25.5,4.4,2,0,38
2927,1,2927,control,9.99,0.0,2025-07-17,0,0,0,81.96,37.0,3,0,73
2928,1,2928,variant_mid,12.99,10.0,2024-11-19,0,0,0,18.14,32.1,2,0,2
2929,1,2929,control,9.99,0.0,2025-12-18,1,0,0,199.56,97.8,3,1,14
2930,1,2930,variant_mid,12.99,10.0,2025-03-25,1,1,1,396.34,57.8,1,0,33
2931,1,2931,variant_mid,12.99,10.0,2024-10-03,0,0,0,26.89,3.3,0,1,3
2932,1,2932,control,9.99,0.0,2025-12-18,0,0,0,18.52,29.8,1,1,51
2933,1,2933,control,9.99,0.0,2025-02-08,1,1,1,218.52,91.9,2,1,62
2934,1,2934,variant_mid,12.99,10.0,2024-08-20,1,1,1,29.08,41.0,4,1,67
2935,1,2935,variant_high,14.99,15.0,2024-10-12,0,0,0,93.91,12.1,6,1,4
2936,1,2936,control,9.99,0.0,2025-07-21,1,1,0,99.63,61.0,1,0,7
2937,1,2937,control,9.99,0.0,2024-03-14,1,1,1,121.1,49.0,3,1,28
2938,1,2938,variant_high,14.99,15.0,2025-07-30,0,0,0,72.08,0.0,5,1,64
2939,1,2939,control,9.99,0.0,2024-03-31,0,0,0,66.65,18.7,3,1,19
2940,1,2940,control,9.99,0.0,2025-06-09,1,1,0,29.44,87.5,6,1,9
2941,1,2941,control,9.99,0.0,2025-06-29,1,1,0,25.16,62.5,4,0,27
2942,1,2942,variant_high,14.99,15.0,2025-03-15,1,1,0,78.67,38.0,2,1,13
2943,1,2943,variant_mid,12.99,10.0,2024-05-16,0,0,0,34.61,33.6,4,1,35
2944,1,2944,control,9.99,0.0,2025-03-02,0,0,0,50.13,21.3,3,1,14
2945,1,2945,variant_mid,12.99,10.0,2025-09-12,1,1,0,11.12,63.3,2,1,47
2946,1,2946,control,9.99,0.0,2024-08-01,0,0,0,79.17,34.6,0,1,55
2947,1,2947,control,9.99,0.0,2025-11-13,1,0,0,51.25,57.9,0,1,62
2948,1,2948,variant_high,14.99,15.0,2024-04-26,0,0,0,328.96,0.0,2,1,84
2949,1,2949,variant_mid,12.99,10.0,2025-10-27,1,1,0,18.82,68.5,1,0,31
2950,1,2950,variant_high,14.99,15.0,2024-09-12,1,1,0,60.1,63.2,2,1,44
2951,1,2951,variant_high,14.99,15.0,2025-06-11,0,0,0,103.51,14.3,4,1,43
2952,1,2952,control,9.99,0.0,2024-06-16,0,0,0,214.58,0.0,2,0,12
2953,1,2953,control,9.99,0.0,2025-04-17,0,0,0,214.86,0.0,2,1,23
2954,1,2954,control,9.99,0.0,2025-05-01,1,1,1,30.41,47.5,0,1,6
2955,1,2955,variant_high,14.99,15.0,2025-01-05,0,0,0,52.34,0.0,3,1,82
2956,1,2956,variant_mid,12.99,10.0,2025-09-24,1,1,0,148.51,61.5,1,1,82
2957,1,2957,variant_mid,12.99,10.0,2025-10-27,0,0,0,107.57,41.9,2,0,62
2958,1,2958,control,9.99,0.0,2024-05-09,1,1,1,32.31,62.3,0,1,20
2959,1,2959,control,9.99,0.0,2025-09-04,1,1,0,28.92,64.6,2,1,82
2960,1,2960,variant_mid,12.99,10.0,2025-05-09,1,1,1,181.71,100.0,2,1,10
2961,1,2961,control,9.99,0.0,2025-01-24,0,0,0,129.85,0.0,0,1,66
2962,1,2962,variant_high,14.99,15.0,2024-04-15,1,1,0,156.99,100.0,3,1,71
2963,1,2963,variant_high,14.99,15.0,2025-03-28,1,0,0,51.19,51.4,3,1,59
2964,1,2964,variant_high,14.99,15.0,2024-10-07,1,1,0,139.77,55.1,1,1,62
2965,1,2965,variant_mid,12.99,10.0,2024-02-04,0,0,0,37.68,37.7,2,1,38
2966,1,2966,control,9.99,0.0,2024-05-14,0,0,0,155.12,17.8,2,0,86
2967,1,2967,variant_mid,12.99,10.0,2024-03-07,0,0,0,46.11,0.0,4,1,57
2968,1,2968,control,9.99,0.0,2024-08-25,0,0,0,42.89,28.7,3,1,66
2969,1,2969,variant_high,14.99,15.0,2024-05-28,1,1,1,100.94,23.7,2,0,83
2970,1,2970,variant_high,14.99,15.0,2025-09-18,0,0,0,98.77,18.2,5,1,82
2971,1,2971,control,9.99,0.0,2024-08-02,0,0,0,410.63,25.5,3,0,59
2972,1,2972,variant_high,14.99,15.0,2024-11-11,1,1,0,36.88,52.6,1,0,78
2973,1,2973,control,9.99,0.0,2025-07-10,0,0,0,9.68,32.0,1,1,13
2974,1,2974,variant_high,14.99,15.0,2024-04-09,1,0,0,177.87,47.6,2,1,64
2975,1,2975,variant_mid,12.99,10.0,2024-10-03,1,1,1,33.36,83.5,5,1,1
2976,1,2976,variant_high,14.99,15.0,2024-06-05,1,1,0,158.35,61.7,3,1,56
2977,1,2977,variant_high,14.99,15.0,2025-01-15,1,0,0,1785.33,73.9,5,1,66
2978,1,2978,control,9.99,0.0,2025-09-25,0,0,0,81.19,31.7,0,1,38
2979,1,2979,variant_mid,12.99,10.0,2025-02-20,1,1,1,26.28,62.2,3,1,7
2980,1,2980,control,9.99,0.0,2024-10-27,1,0,0,352.74,49.5,2,1,35
2981,1,2981,variant_high,14.99,15.0,2024-03-04,0,0,0,46.61,9.9,3,0,39
2982,1,2982,variant_mid,12.99,10.0,2025-11-20,0,0,0,71.5,38.9,3,1,73
2983,1,2983,variant_high,14.99,15.0,2024-12-16,0,0,0,51.62,21.2,1,1,7
2984,1,2984,variant_high,14.99,15.0,2025-03-04,0,0,0,63.95,24.6,4,1,23
2985,1,2985,control,9.99,0.0,2025-01-11,1,1,1,34.03,52.2,0,1,9
2986,1,2986,control,9.99,0.0,2025-01-07,1,0,0,303.75,66.3,3,1,74
2987,1,2987,variant_mid,12.99,10.0,2024-03-31,1,0,0,44.03,61.1,3,0,72
2988,1,2988,control,9.99,0.0,2024-12-16,1,1,0,140.71,57.4,5,0,51
2989,1,2989,control,9.99,0.0,2024-11-07,1,0,0,80.89,57.0,0,1,9
2990,1,2990,variant_mid,12.99,10.0,2025-07-27,1,1,1,141.94,56.9,2,1,64
2991,1,2991,variant_mid,12.99,10.0,2024-11-12,1,1,1,116.41,72.6,2,1,26
2992,1,2992,variant_mid,12.99,10.0,2025-09-06,1,0,0,115.88,73.1,2,1,17
2993,1,2993,control,9.99,0.0,2025-04-29,1,1,1,11.67,62.9,2,1,88
2994,1,2994,control,9.99,0.0,2024-04-02,0,0,0,324.28,0.0,2,1,9
2995,1,2995,control,9.99,0.0,2025-10-24,0,0,0,665.88,6.0,1,1,19
2996,1,2996,variant_high,14.99,15.0,2024-10-31,0,0,0,122.15,64.0,6,0,19
2997,1,2997,variant_mid,12.99,10.0,2025-06-01,0,0,0,90.28,38.9,3,1,33
2998,1,2998,variant_mid,12.99,10.0,2024-07-27,0,0,0,9.03,14.5,1,1,31
2999,1,2999,variant_high,14.99,15.0,2025-07-06,0,0,0,40.26,25.6,3,1,77
3000,1,3000,variant_high,14.99,15.0,2025-10-29,0,0,0,37.59,0.0,3,1,89
3001,1,3001,control,9.99,0.0,2024-01-21,0,0,0,181.8,42.1,4,1,10
3002,1,3002,variant_high,14.99,15.0,2025-07-09,0,0,0,91.55,25.6,6,1,40
3003,1,3003,control,9.99,0.0,2025-07-06,0,0,0,92.39,0.0,6,1,16
3004,1,3004,variant_high,14.99,15.0,2024-08-20,0,0,0,118.37,10.5,6,0,5
3005,1,3005,control,9.99,0.0,2024-10-18,0,0,0,130.65,0.0,2,1,89
3006,1,3006,control,9.99,0.0,2024-10-25,1,1,1,94.7,95.5,2,1,86
3007,1,3007,variant_high,14.99,15.0,2024-12-09,1,1,0,141.14,84.8,2,1,83
3008,1,3008,variant_mid,12.99,10.0,2024-11-22,0,0,0,56.1,3.1,0,1,50
3009,1,3009,variant_mid,12.99,10.0,2025-11-10,0,0,0,85.33,0.0,1,0,6
3010,1,3010,variant_high,14.99,15.0,2025-11-24,1,0,0,86.95,65.9,2,1,66
3011,1,3011,control,9.99,0.0,2025-12-02,0,0,0,38.02,28.9,2,1,89
3012,1,3012,control,9.99,0.0,2024-12-17,0,0,0,46.47,15.5,2,0,83
3013,1,3013,variant_mid,12.99,10.0,2025-06-12,0,0,0,221.64,3.6,1,1,73
3014,1,3014,variant_high,14.99,15.0,2024-02-02,0,0,0,159.56,0.0,2,1,63
3015,1,3015,variant_mid,12.99,10.0,2024-01-22,0,0,0,294.41,8.8,4,1,12
3016,1,3016,variant_mid,12.99,10.0,2025-06-19,0,0,0,29.51,1.9,0,0,76
3017,1,3017,variant_mid,12.99,10.0,2025-04-29,1,0,0,207.52,52.1,3,1,45
3018,1,3018,variant_mid,12.99,10.0,2024-03-16,0,0,0,57.53,0.0,2,1,46
3019,1,3019,variant_mid,12.99,10.0,2025-05-10,1,0,0,178.25,69.1,1,0,18
3020,1,3020,control,9.99,0.0,2025-04-15,0,0,0,174.44,40.8,3,1,1
3021,1,3021,control,9.99,0.0,2025-07-17,0,0,0,42.58,10.2,1,1,82
3022,1,3022,variant_high,14.99,15.0,2025-01-25,0,0,0,42.67,16.1,4,0,75
3023,1,3023,variant_high,14.99,15.0,2025-07-20,1,1,0,70.67,39.0,3,1,82
3024,1,3024,variant_mid,12.99,10.0,2025-07-10,1,0,0,73.79,59.5,0,0,20
3025,1,3025,control,9.99,0.0,2025-03-24,0,0,0,93.7,6.2,1,1,53
3026,1,3026,variant_mid,12.99,10.0,2025-02-14,0,0,0,73.28,8.7,4,1,51
3027,1,3027,control,9.99,0.0,2025-08-11,1,1,0,8.94,64.6,4,1,47
3028,1,3028,variant_mid,12.99,10.0,2024-05-22,1,0,0,163.04,51.5,4,0,13
3029,1,3029,variant_mid,12.99,10.0,2025-12-23,1,1,1,152.91,83.2,2,1,52
3030,1,3030,variant_mid,12.99,10.0,2025-10-20,1,0,0,90.2,60.2,2,1,14
3031,1,3031,control,9.99,0.0,2025-01-24,0,0,0,395.1,18.8,1,1,52
3032,1,3032,variant_high,14.99,15.0,2025-10-31,1,1,1,592.4,56.0,3,0,64
3033,1,3033,control,9.99,0.0,2025-07-01,1,0,0,41.42,70.8,0,0,66
3034,1,3034,control,9.99,0.0,2024-11-16,1,1,0,105.93,39.6,4,0,42
3035,1,3035,variant_mid,12.99,10.0,2024-11-14,1,1,0,20.48,38.1,2,1,87
3036,1,3036,variant_high,14.99,15.0,2025-04-02,1,0,0,26.47,3.2,3,1,15
3037,1,3037,variant_high,14.99,15.0,2024-07-19,1,1,1,822.21,51.5,3,1,85
3038,1,3038,variant_mid,12.99,10.0,2025-02-22,0,0,0,57.97,12.2,6,1,1
3039,1,3039,variant_mid,12.99,10.0,2024-10-30,1,1,0,110.39,47.7,3,1,19
3040,1,3040,variant_mid,12.99,10.0,2025-02-02,0,0,0,963.17,6.0,3,0,67
3041,1,3041,control,9.99,0.0,2024-11-01,1,0,0,11.13,64.1,1,1,11
3042,1,3042,control,9.99,0.0,2024-03-12,1,1,0,539.08,55.8,1,1,70
3043,1,3043,variant_mid,12.99,10.0,2025-06-18,1,1,1,26.22,60.9,4,1,22
3044,1,3044,variant_mid,12.99,10.0,2025-01-05,1,1,0,55.41,55.9,2,1,35
3045,1,3045,variant_mid,12.99,10.0,2024-06-09,1,0,0,213.9,54.5,3,1,76
3046,1,3046,variant_high,14.99,15.0,2024-06-20,1,0,0,154.82,42.8,3,1,0
3047,1,3047,variant_mid,12.99,10.0,2025-01-16,1,0,0,123.35,45.8,2,1,22
3048,1,3048,variant_high,14.99,15.0,2025-08-09,0,0,0,100.25,41.6,5,0,26
3049,1,3049,variant_high,14.99,15.0,2024-07-04,1,0,0,158.19,99.8,1,1,39
3050,1,3050,control,9.99,0.0,2025-09-20,1,0,0,43.63,71.9,1,1,58
3051,1,3051,variant_mid,12.99,10.0,2025-08-06,1,1,1,151.04,35.1,2,1,66
3052,1,3052,variant_high,14.99,15.0,2024-01-31,1,1,1,132.43,55.9,2,1,22
3053,1,3053,variant_mid,12.99,10.0,2024-04-25,0,0,0,49.36,21.8,1,1,4
3054,1,3054,variant_high,14.99,15.0,2025-06-24,1,0,0,76.23,57.6,2,1,60
3055,1,3055,variant_mid,12.99,10.0,2025-02-07,0,0,0,67.09,33.6,4,1,43
3056,1,3056,variant_high,14.99,15.0,2024-04-07,1,1,1,402.74,77.7,6,1,16
3057,1,3057,control,9.99,0.0,2025-12-25,1,1,0,23.03,97.3,2,1,88
3058,1,3058,variant_high,14.99,15.0,2024-01-25,0,0,0,73.5,21.1,5,1,31
3059,1,3059,control,9.99,0.0,2024-10-29,0,0,0,142.35,6.1,0,1,69
3060,1,3060,control,9.99,0.0,2024-01-22,0,0,0,46.27,57.3,1,1,45
3061,1,3061,control,9.99,0.0,2025-11-01,0,0,0,348.04,18.3,1,1,16
3062,1,3062,variant_mid,12.99,10.0,2024-12-26,1,0,0,641.26,62.0,2,0,51
3063,1,3063,control,9.99,0.0,2025-04-18,1,0,0,68.98,82.9,2,1,47
3064,1,3064,control,9.99,0.0,2025-08-18,0,0,0,14.69,15.2,1,0,10
3065,1,3065,variant_mid,12.99,10.0,2024-07-13,0,0,0,36.51,0.0,2,1,64
3066,1,3066,variant_mid,12.99,10.0,2024-09-02,1,1,0,193.71,92.6,1,1,29
3067,1,3067,variant_mid,12.99,10.0,2025-04-05,0,0,0,1015.6,0.0,4,0,0
3068,1,3068,variant_mid,12.99,10.0,2025-11-09,1,0,0,307.07,53.8,4,1,15
3069,1,3069,variant_high,14.99,15.0,2024-05-30,1,0,0,80.87,53.5,3,1,72
3070,1,3070,variant_high,14.99,15.0,2024-11-10,1,1,0,90.89,72.2,2,1,17
3071,1,3071,variant_mid,12.99,10.0,2024-07-19,1,0,0,338.17,69.1,2,1,18
3072,1,3072,variant_high,14.99,15.0,2024-06-06,1,1,1,44.84,54.5,1,1,84
3073,1,3073,variant_high,14.99,15.0,2024-06-07,1,0,0,41.62,69.4,1,0,89
3074,1,3074,variant_mid,12.99,10.0,2024-12-20,0,0,0,155.17,8.1,4,1,15
3075,1,3075,control,9.99,0.0,2024-04-05,1,0,0,75.96,50.8,5,1,68
3076,1,3076,control,9.99,0.0,2025-04-02,0,0,0,59.09,9.3,2,0,11
3077,1,3077,variant_mid,12.99,10.0,2024-05-25,1,1,1,228.19,52.6,0,1,75
3078,1,3078,variant_high,14.99,15.0,2025-01-06,0,0,0,27.44,0.0,5,0,75
3079,1,3079,control,9.99,0.0,2024-07-09,1,0,0,97.6,48.9,3,1,29
3080,1,3080,variant_mid,12.99,10.0,2024-11-27,0,0,0,451.97,25.6,0,1,83
3081,1,3081,control,9.99,0.0,2024-04-28,0,0,0,180.58,6.7,2,1,2
3082,1,3082,variant_mid,12.99,10.0,2024-06-03,0,0,0,35.4,6.2,3,1,11
3083,1,3083,variant_high,14.99,15.0,2024-09-09,1,1,1,76.43,38.5,2,0,29
3084,1,3084,variant_high,14.99,15.0,2025-06-01,0,0,0,224.86,0.8,5,1,3
3085,1,3085,variant_high,14.99,15.0,2024-11-13,0,0,0,47.64,4.0,7,1,7
3086,1,3086,variant_mid,12.99,10.0,2024-09-14,0,0,0,37.01,14.6,1,1,53
3087,1,3087,variant_mid,12.99,10.0,2025-03-05,1,0,0,45.96,52.8,3,0,52
3088,1,3088,variant_high,14.99,15.0,2025-12-21,0,0,0,58.49,6.4,3,1,3
3089,1,3089,variant_high,14.99,15.0,2025-08-20,1,0,0,30.68,53.5,3,1,53
3090,1,3090,variant_high,14.99,15.0,2024-11-08,1,1,1,55.93,68.4,3,1,46
3091,1,3091,control,9.99,0.0,2025-01-15,0,0,0,517.47,16.2,1,1,47
3092,1,3092,control,9.99,0.0,2024-06-11,0,0,0,14.35,0.0,4,1,43
3093,1,3093,control,9.99,0.0,2025-06-27,0,0,0,72.72,18.8,1,1,55
3094,1,3094,variant_high,14.99,15.0,2025-09-25,1,0,0,5.0,74.8,3,1,6
3095,1,3095,control,9.99,0.0,2025-09-23,0,0,0,44.68,32.9,2,1,54
3096,1,3096,variant_high,14.99,15.0,2024-06-04,1,1,1,33.11,46.2,5,1,24
3097,1,3097,variant_mid,12.99,10.0,2025-07-05,0,0,0,827.72,14.6,5,1,62
3098,1,3098,variant_high,14.99,15.0,2024-05-16,0,0,0,118.49,0.4,3,1,57
3099,1,3099,variant_high,14.99,15.0,2024-01-16,0,0,0,111.83,0.0,2,1,19
3100,1,3100,variant_mid,12.99,10.0,2025-06-11,1,0,0,20.3,63.1,5,1,2
3101,1,3101,control,9.99,0.0,2024-11-21,0,0,0,303.45,28.0,1,1,4
3102,1,3102,variant_mid,12.99,10.0,2024-08-23,1,0,0,165.26,66.5,3,1,38
3103,1,3103,variant_high,14.99,15.0,2025-01-17,0,0,0,210.93,1.1,3,1,78
3104,1,3104,control,9.99,0.0,2024-11-06,1,0,0,709.78,65.2,2,0,43
3105,1,3105,control,9.99,0.0,2024-07-07,1,0,0,29.17,72.9,2,0,63
3106,1,3106,variant_high,14.99,15.0,2024-12-05,1,0,0,158.08,71.5,5,1,30
3107,1,3107,control,9.99,0.0,2024-02-02,0,0,0,5.52,2.5,2,0,25
3108,1,3108,control,9.99,0.0,2025-07-29,0,0,0,40.6,9.3,0,1,56
3109,1,3109,variant_high,14.99,15.0,2025-11-15,0,0,0,91.63,0.0,4,1,12
3110,1,3110,variant_high,14.99,15.0,2025-02-24,0,0,0,533.18,2.3,2,1,56
3111,1,3111,control,9.99,0.0,2025-04-03,1,1,1,331.11,51.8,3,1,2
3112,1,3112,variant_high,14.99,15.0,2025-07-15,1,0,0,86.8,67.4,1,0,77
3113,1,3113,variant_high,14.99,15.0,2025-01-04,0,0,0,97.34,17.4,3,1,34
3114,1,3114,control,9.99,0.0,2025-12-24,0,0,0,278.52,3.0,3,1,22
3115,1,3115,variant_mid,12.99,10.0,2024-08-05,1,1,1,122.99,67.8,3,0,49
3116,1,3116,variant_high,14.99,15.0,2025-06-07,1,1,0,190.52,85.9,8,0,81
3117,1,3117,variant_mid,12.99,10.0,2024-08-10,0,0,0,308.97,38.1,1,1,61
3118,1,3118,variant_mid,12.99,10.0,2024-08-05,1,0,0,27.33,62.5,1,0,33
3119,1,3119,variant_mid,12.99,10.0,2024-11-26,1,0,0,373.07,73.3,5,1,17
3120,1,3120,control,9.99,0.0,2025-07-13,1,1,1,210.59,43.7,2,1,45
3121,1,3121,variant_mid,12.99,10.0,2024-10-25,1,0,0,16.56,64.8,5,1,11
3122,1,3122,control,9.99,0.0,2025-09-28,0,0,0,782.35,13.7,2,1,65
3123,1,3123,variant_high,14.99,15.0,2024-10-17,1,0,0,147.2,80.5,7,0,50
3124,1,3124,control,9.99,0.0,2024-11-30,0,0,0,41.54,0.0,0,1,32
3125,1,3125,control,9.99,0.0,2025-01-14,0,0,0,48.03,34.5,2,1,74
3126,1,3126,control,9.99,0.0,2025-05-13,0,0,0,122.79,23.6,4,1,59
3127,1,3127,variant_high,14.99,15.0,2024-11-24,0,0,0,584.83,14.2,5,1,89
3128,1,3128,variant_mid,12.99,10.0,2025-01-08,0,0,0,128.53,0.0,2,1,27
3129,1,3129,variant_mid,12.99,10.0,2024-02-24,1,1,0,60.84,69.0,2,1,86
3130,1,3130,variant_mid,12.99,10.0,2024-04-04,1,1,0,65.58,68.4,3,0,36
3131,1,3131,variant_mid,12.99,10.0,2024-04-30,1,0,0,99.72,48.9,2,1,45
3132,1,3132,variant_high,14.99,15.0,2025-06-18,0,0,0,51.42,7.0,7,1,77
3133,1,3133,variant_mid,12.99,10.0,2024-10-15,1,0,0,71.99,60.4,3,1,31
3134,1,3134,control,9.99,0.0,2024-11-19,1,1,1,245.99,76.2,3,1,86
3135,1,3135,variant_high,14.99,15.0,2025-02-10,1,1,0,242.98,65.7,2,1,12
3136,1,3136,variant_mid,12.99,10.0,2024-09-12,1,1,1,380.79,91.4,2,1,66
3137,1,3137,variant_mid,12.99,10.0,2024-04-13,0,0,0,46.61,38.6,5,1,59
3138,1,3138,control,9.99,0.0,2024-12-08,1,0,0,69.66,64.9,1,0,2
3139,1,3139,variant_high,14.99,15.0,2024-09-27,0,0,0,161.6,3.1,1,1,2
3140,1,3140,variant_high,14.99,15.0,2025-03-19,0,0,0,40.73,0.0,4,1,74
3141,1,3141,variant_mid,12.99,10.0,2025-04-04,1,0,0,29.54,65.5,4,1,26
3142,1,3142,control,9.99,0.0,2025-07-17,1,0,0,167.76,39.5,1,1,38
3143,1,3143,control,9.99,0.0,2025-01-28,1,1,0,160.45,81.6,2,1,67
3144,1,3144,control,9.99,0.0,2025-11-09,1,1,0,513.49,69.2,4,1,20
3145,1,3145,variant_mid,12.99,10.0,2025-12-30,0,0,0,46.26,27.3,0,1,75
3146,1,3146,variant_mid,12.99,10.0,2025-05-29,1,1,1,50.93,53.0,3,1,33
3147,1,3147,variant_mid,12.99,10.0,2025-11-22,0,0,0,31.27,32.2,5,0,20
3148,1,3148,control,9.99,0.0,2026-01-05,0,0,0,88.3,0.0,4,1,14
3149,1,3149,control,9.99,0.0,2025-09-16,0,0,0,37.83,0.0,0,1,21
3150,1,3150,variant_high,14.99,15.0,2024-04-27,1,0,0,602.14,62.0,3,1,78
3151,1,3151,control,9.99,0.0,2025-05-22,0,0,0,117.93,13.3,1,0,10
3152,1,3152,variant_high,14.99,15.0,2024-05-02,1,0,0,11.22,56.7,4,1,31
3153,1,3153,variant_mid,12.99,10.0,2024-08-18,1,0,0,55.62,89.3,3,1,60
3154,1,3154,control,9.99,0.0,2025-08-05,1,0,0,55.09,15.1,2,1,55
3155,1,3155,variant_mid,12.99,10.0,2025-02-01,0,0,0,90.43,6.7,2,1,46
3156,1,3156,variant_high,14.99,15.0,2025-04-09,1,0,0,26.08,77.5,4,1,36
3157,1,3157,variant_high,14.99,15.0,2024-11-05,0,0,0,316.57,0.0,3,0,26
3158,1,3158,control,9.99,0.0,2025-10-05,0,0,0,218.14,0.0,4,1,89
3159,1,3159,control,9.99,0.0,2024-09-22,0,0,0,256.21,0.0,2,1,53
3160,1,3160,variant_mid,12.99,10.0,2025-05-28,1,0,0,231.04,74.6,1,1,4
3161,1,3161,control,9.99,0.0,2025-07-22,0,0,0,5.75,0.0,0,0,7
3162,1,3162,control,9.99,0.0,2024-01-12,0,0,0,109.6,0.0,1,1,52
3163,1,3163,variant_high,14.99,15.0,2025-09-22,1,0,0,68.87,51.4,6,0,5
3164,1,3164,variant_mid,12.99,10.0,2025-05-17,0,0,0,20.41,0.0,2,1,72
3165,1,3165,variant_high,14.99,15.0,2024-06-04,0,0,0,67.21,27.2,2,1,54
3166,1,3166,variant_mid,12.99,10.0,2024-06-15,1,1,0,29.48,46.1,1,1,51
3167,1,3167,control,9.99,0.0,2024-02-29,0,0,0,65.93,13.9,1,1,14
3168,1,3168,control,9.99,0.0,2024-12-01,0,0,0,28.35,32.3,2,1,13
3169,1,3169,variant_high,14.99,15.0,2024-02-27,1,0,0,85.03,45.2,4,1,6
3170,1,3170,variant_mid,12.99,10.0,2025-05-26,0,0,0,276.56,14.7,2,1,38
3171,1,3171,variant_mid,12.99,10.0,2024-02-24,0,0,0,138.15,13.4,1,1,36
3172,1,3172,control,9.99,0.0,2025-05-11,0,0,0,12.24,12.5,2,1,57
3173,1,3173,variant_mid,12.99,10.0,2025-06-29,0,0,0,343.57,8.2,2,1,27
3174,1,3174,control,9.99,0.0,2024-10-14,0,0,0,161.08,13.1,5,1,1
3175,1,3175,control,9.99,0.0,2024-09-26,0,0,0,249.69,20.3,1,0,57
3176,1,3176,variant_high,14.99,15.0,2025-06-19,0,0,0,232.95,0.2,3,1,63
3177,1,3177,variant_high,14.99,15.0,2025-11-04,1,1,1,119.01,39.3,3,1,49
3178,1,3178,variant_high,14.99,15.0,2025-11-25,0,0,0,110.67,15.8,6,1,46
3179,1,3179,variant_high,14.99,15.0,2025-03-31,1,1,1,32.88,96.3,1,1,51
3180,1,3180,variant_mid,12.99,10.0,2024-06-30,1,1,1,65.98,43.6,3,1,14
3181,1,3181,control,9.99,0.0,2024-09-30,1,1,1,132.57,67.3,0,1,76
3182,1,3182,variant_mid,12.99,10.0,2024-04-13,0,0,0,220.26,37.8,2,0,87
3183,1,3183,control,9.99,0.0,2024-01-24,1,1,0,373.41,68.5,2,1,5
3184,1,3184,variant_high,14.99,15.0,2024-04-09,0,0,0,58.97,0.0,5,1,50
3185,1,3185,variant_high,14.99,15.0,2025-08-05,0,0,0,5.0,6.7,5,1,4
3186,1,3186,variant_mid,12.99,10.0,2024-12-06,1,1,1,809.89,57.5,3,0,88
3187,1,3187,variant_mid,12.99,10.0,2025-02-23,0,0,0,298.36,31.2,3,1,11
3188,1,3188,control,9.99,0.0,2024-08-07,0,0,0,411.29,30.3,1,1,19
3189,1,3189,control,9.99,0.0,2024-02-15,0,0,0,146.58,8.2,4,1,3
3190,1,3190,control,9.99,0.0,2024-12-15,0,0,0,152.81,45.8,2,0,21
3191,1,3191,variant_high,14.99,15.0,2024-11-21,0,0,0,38.4,0.0,3,0,40
3192,1,3192,control,9.99,0.0,2024-03-13,0,0,0,187.28,15.6,1,1,87
3193,1,3193,variant_high,14.99,15.0,2025-05-03,0,0,0,30.28,0.0,3,1,29
3194,1,3194,variant_mid,12.99,10.0,2024-07-09,0,0,0,28.94,0.0,1,1,27
3195,1,3195,variant_mid,12.99,10.0,2025-01-08,1,1,1,27.44,60.7,3,1,3
3196,1,3196,control,9.99,0.0,2024-09-22,0,0,0,73.38,1.5,0,1,64
3197,1,3197,control,9.99,0.0,2024-03-25,1,0,0,774.68,54.9,0,1,72
3198,1,3198,variant_mid,12.99,10.0,2025-11-21,1,1,0,679.88,70.1,3,1,70
3199,1,3199,variant_mid,12.99,10.0,2025-04-11,1,1,0,395.68,74.7,2,1,8
3200,1,3200,variant_mid,12.99,10.0,2024-08-12,0,0,0,275.41,25.6,0,1,23
3201,1,3201,control,9.99,0.0,2024-06-17,0,0,0,91.91,0.0,3,1,88
3202,1,3202,control,9.99,0.0,2024-02-13,1,1,0,37.65,83.0,3,1,61
3203,1,3203,control,9.99,0.0,2025-08-04,0,0,0,69.96,15.4,3,0,2
3204,1,3204,variant_high,14.99,15.0,2024-08-24,0,0,0,38.61,38.5,3,1,2
3205,1,3205,variant_mid,12.99,10.0,2024-06-29,0,0,0,84.63,7.5,4,1,43
3206,1,3206,control,9.99,0.0,2025-11-27,1,1,1,197.11,89.8,3,1,65
3207,1,3207,variant_high,14.99,15.0,2026-01-18,0,0,0,47.1,3.7,3,0,56
3208,1,3208,control,9.99,0.0,2024-11-25,0,0,0,69.97,0.0,2,0,12
3209,1,3209,variant_high,14.99,15.0,2025-03-15,1,1,1,20.82,85.9,3,1,54
3210,1,3210,variant_mid,12.99,10.0,2025-08-21,0,0,0,309.68,19.5,2,1,79
3211,1,3211,variant_high,14.99,15.0,2025-03-20,1,1,1,45.86,40.1,2,1,83
3212,1,3212,control,9.99,0.0,2024-07-23,0,0,0,108.63,0.0,0,1,2
3213,1,3213,variant_high,14.99,15.0,2025-07-12,0,0,0,69.03,6.1,6,1,70
3214,1,3214,variant_high,14.99,15.0,2024-04-10,0,0,0,229.21,0.0,3,1,33
3215,1,3215,control,9.99,0.0,2025-02-10,0,0,0,266.9,0.0,2,1,62
3216,1,3216,control,9.99,0.0,2025-01-03,0,0,0,38.57,14.1,2,1,4
3217,1,3217,variant_high,14.99,15.0,2025-03-21,0,0,0,33.82,23.2,4,1,8
3218,1,3218,variant_mid,12.99,10.0,2025-06-16,1,1,0,354.85,80.6,4,1,2
3219,1,3219,variant_mid,12.99,10.0,2024-02-24,0,0,0,424.92,7.2,2,0,55
3220,1,3220,control,9.99,0.0,2025-09-10,0,0,0,124.8,20.6,4,0,83
3221,1,3221,control,9.99,0.0,2024-08-29,0,0,0,284.87,12.6,0,1,67
3222,1,3222,variant_high,14.99,15.0,2024-06-29,1,0,0,37.04,54.0,4,1,59
3223,1,3223,control,9.99,0.0,2025-02-02,1,0,0,243.76,94.6,2,1,8
3224,1,3224,control,9.99,0.0,2025-12-21,1,0,0,89.21,90.9,3,0,9
3225,1,3225,control,9.99,0.0,2025-09-11,1,0,0,409.36,90.1,1,1,63
3226,1,3226,variant_high,14.99,15.0,2025-01-11,0,0,0,24.75,17.4,3,1,84
3227,1,3227,variant_mid,12.99,10.0,2025-03-11,0,0,0,93.24,21.0,5,1,4
3228,1,3228,variant_mid,12.99,10.0,2025-01-04,1,1,0,102.85,61.2,5,0,7
3229,1,3229,variant_mid,12.99,10.0,2025-05-20,0,0,0,191.46,15.9,4,1,25
3230,1,3230,variant_mid,12.99,10.0,2025-10-08,1,1,1,145.22,71.6,3,1,48
3231,1,3231,control,9.99,0.0,2024-04-12,0,0,0,57.36,12.3,3,1,36
3232,1,3232,control,9.99,0.0,2024-10-24,1,0,0,262.97,34.3,1,0,81
3233,1,3233,control,9.99,0.0,2025-02-22,0,0,0,342.25,8.2,3,1,28
3234,1,3234,variant_high,14.99,15.0,2025-07-19,1,0,0,39.86,64.9,3,1,29
3235,1,3235,variant_high,14.99,15.0,2024-03-29,0,0,0,365.14,34.5,4,1,18
3236,1,3236,variant_high,14.99,15.0,2025-03-09,0,0,0,102.23,0.0,5,1,33
3237,1,3237,variant_high,14.99,15.0,2025-08-05,1,0,0,66.62,80.4,2,1,10
3238,1,3238,control,9.99,0.0,2024-04-24,0,0,0,69.65,0.0,4,1,35
3239,1,3239,variant_high,14.99,15.0,2024-05-09,0,0,0,93.92,0.0,4,1,61
3240,1,3240,variant_mid,12.99,10.0,2024-02-14,0,0,0,97.52,0.0,3,0,42
3241,1,3241,variant_high,14.99,15.0,2025-09-23,1,1,1,50.26,76.5,1,1,14
3242,1,3242,variant_high,14.99,15.0,2025-11-25,0,0,0,43.14,0.0,4,1,46
3243,1,3243,variant_mid,12.99,10.0,2024-12-10,0,0,0,54.4,15.8,5,1,20
3244,1,3244,variant_mid,12.99,10.0,2025-10-03,0,0,0,79.03,1.6,2,1,87
3245,1,3245,control,9.99,0.0,2025-03-23,0,0,0,506.25,24.7,1,1,50
3246,1,3246,variant_high,14.99,15.0,2025-12-30,1,0,0,23.57,97.4,4,1,53
3247,1,3247,control,9.99,0.0,2024-03-31,0,0,0,25.02,0.0,2,0,76
3248,1,3248,variant_mid,12.99,10.0,2025-05-14,1,1,0,22.34,73.0,4,0,22
3249,1,3249,variant_high,14.99,15.0,2025-07-01,1,0,0,40.85,72.6,2,1,74
3250,1,3250,control,9.99,0.0,2025-04-28,1,1,1,259.17,69.5,3,1,6
3251,1,3251,variant_mid,12.99,10.0,2024-12-28,0,0,0,169.05,37.1,1,1,5
3252,1,3252,variant_mid,12.99,10.0,2024-06-10,0,0,0,120.22,28.7,3,0,26
3253,1,3253,variant_mid,12.99,10.0,2024-05-15,0,0,0,19.19,3.9,4,0,3
3254,1,3254,control,9.99,0.0,2025-04-25,0,0,0,56.4,0.0,3,0,62
3255,1,3255,control,9.99,0.0,2025-02-27,1,0,0,12.19,90.8,1,1,25
3256,1,3256,variant_mid,12.99,10.0,2025-01-08,0,0,0,78.53,0.0,2,0,89
3257,1,3257,variant_mid,12.99,10.0,2024-02-07,1,0,0,180.59,74.6,2,1,87
3258,1,3258,variant_high,14.99,15.0,2024-10-14,0,0,0,185.61,9.7,3,1,47
3259,1,3259,variant_high,14.99,15.0,2025-09-29,1,1,1,114.87,77.5,4,1,66
3260,1,3260,variant_mid,12.99,10.0,2025-06-01,1,1,1,124.61,43.2,3,1,78
3261,1,3261,control,9.99,0.0,2025-07-08,1,1,0,111.22,72.9,1,1,42
3262,1,3262,variant_high,14.99,15.0,2024-03-17,0,0,0,204.1,0.0,2,1,62
3263,1,3263,control,9.99,0.0,2024-12-16,0,0,0,30.94,8.7,2,1,36
3264,1,3264,variant_high,14.99,15.0,2025-01-21,0,0,0,47.16,19.3,3,1,34
3265,1,3265,variant_high,14.99,15.0,2025-08-10,0,0,0,84.51,5.1,6,1,56
3266,1,3266,variant_high,14.99,15.0,2025-07-21,1,1,1,534.08,72.4,4,1,73
3267,1,3267,control,9.99,0.0,2024-03-20,1,1,1,60.53,74.1,2,1,76
3268,1,3268,control,9.99,0.0,2025-09-13,0,0,0,26.23,6.3,2,1,16
3269,1,3269,variant_mid,12.99,10.0,2024-02-01,0,0,0,43.44,14.5,5,0,84
3270,1,3270,variant_mid,12.99,10.0,2024-12-30,1,1,1,38.96,54.9,2,1,1
3271,1,3271,variant_mid,12.99,10.0,2024-07-10,1,1,0,141.83,78.2,1,1,48
3272,1,3272,variant_mid,12.99,10.0,2024-09-16,1,0,0,238.32,63.8,4,0,42
3273,1,3273,variant_high,14.99,15.0,2024-11-07,1,0,0,287.79,66.9,2,0,87
3274,1,3274,control,9.99,0.0,2025-02-26,0,0,0,190.78,0.0,0,1,3
3275,1,3275,control,9.99,0.0,2024-01-29,1,0,0,110.6,71.9,2,0,14
3276,1,3276,variant_mid,12.99,10.0,2024-04-19,0,0,0,260.41,0.0,4,1,43
3277,1,3277,control,9.99,0.0,2025-05-26,1,1,0,7.59,54.9,2,1,83
3278,1,3278,variant_high,14.99,15.0,2024-03-12,1,1,1,28.26,42.1,3,1,33
3279,1,3279,variant_high,14.99,15.0,2024-07-14,1,0,0,210.74,52.0,3,1,15
3280,1,3280,variant_high,14.99,15.0,2025-09-06,1,1,0,70.06,79.2,3,0,13
3281,1,3281,variant_high,14.99,15.0,2024-06-12,0,0,0,61.47,34.9,2,1,49
3282,1,3282,variant_mid,12.99,10.0,2024-04-04,0,0,0,23.07,0.0,2,1,7
3283,1,3283,variant_high,14.99,15.0,2024-12-29,0,0,0,263.45,7.0,1,1,81
3284,1,3284,variant_mid,12.99,10.0,2024-11-14,0,0,0,205.88,14.9,2,1,79
3285,1,3285,variant_high,14.99,15.0,2024-04-13,1,1,1,398.12,62.0,3,1,44
3286,1,3286,control,9.99,0.0,2024-11-01,1,1,1,91.05,82.2,2,1,33
3287,1,3287,variant_high,14.99,15.0,2025-09-16,1,1,1,27.36,69.9,3,0,35
3288,1,3288,control,9.99,0.0,2025-12-21,1,1,1,41.68,46.1,1,0,21
3289,1,3289,control,9.99,0.0,2024-02-18,1,1,1,88.61,56.8,3,1,19
3290,1,3290,variant_mid,12.99,10.0,2025-06-16,1,1,0,395.97,43.1,1,0,83
3291,1,3291,control,9.99,0.0,2025-05-18,0,0,0,26.69,19.5,0,1,87
3292,1,3292,control,9.99,0.0,2025-08-02,0,0,0,438.45,22.2,2,1,75
3293,1,3293,variant_high,14.99,15.0,2025-07-15,1,1,1,469.89,33.2,3,1,84
3294,1,3294,variant_mid,12.99,10.0,2025-05-24,1,1,0,126.49,74.3,2,1,45
3295,1,3295,variant_high,14.99,15.0,2025-10-14,0,0,0,91.23,8.8,1,1,38
3296,1,3296,variant_high,14.99,15.0,2024-07-23,1,1,0,216.71,42.5,1,1,63
3297,1,3297,variant_mid,12.99,10.0,2024-04-17,1,1,0,148.24,74.4,4,1,10
3298,1,3298,variant_high,14.99,15.0,2024-09-29,1,1,0,380.27,78.8,1,0,8
3299,1,3299,control,9.99,0.0,2024-06-10,0,0,0,38.7,7.3,1,1,58
3300,1,3300,control,9.99,0.0,2024-06-01,1,0,0,38.39,65.9,0,1,10
3301,1,3301,control,9.99,0.0,2024-02-18,1,0,0,19.67,58.0,2,1,45
3302,1,3302,variant_high,14.99,15.0,2025-01-30,1,1,1,198.7,79.6,1,1,23
3303,1,3303,control,9.99,0.0,2025-08-31,1,0,0,79.32,44.6,2,1,37
3304,1,3304,variant_mid,12.99,10.0,2024-03-04,0,0,0,217.86,31.6,3,0,84
3305,1,3305,variant_mid,12.99,10.0,2025-05-03,0,0,0,127.1,7.9,2,1,5
3306,1,3306,variant_high,14.99,15.0,2025-10-24,0,0,0,164.4,31.2,3,1,3
3307,1,3307,variant_high,14.99,15.0,2024-12-26,1,1,0,104.19,68.1,3,1,75
3308,1,3308,control,9.99,0.0,2024-05-25,0,0,0,446.71,2.1,1,1,18
3309,1,3309,control,9.99,0.0,2025-05-21,1,1,0,842.8,74.5,1,1,57
3310,1,3310,variant_high,14.99,15.0,2024-06-10,0,0,0,150.9,0.0,3,1,56
3311,1,3311,variant_high,14.99,15.0,2024-04-04,1,1,0,180.53,24.6,1,1,74
3312,1,3312,control,9.99,0.0,2025-01-02,1,0,0,125.06,73.4,0,1,23
3313,1,3313,variant_high,14.99,15.0,2024-01-25,1,1,1,18.89,65.1,5,1,6
3314,1,3314,control,9.99,0.0,2024-08-26,0,0,0,188.23,13.7,4,1,77
3315,1,3315,control,9.99,0.0,2025-07-30,1,0,0,165.14,70.7,1,0,4
3316,1,3316,control,9.99,0.0,2024-05-19,1,0,0,36.75,60.0,1,1,10
3317,1,3317,variant_high,14.99,15.0,2025-01-22,0,0,0,334.79,2.8,5,0,39
3318,1,3318,variant_high,14.99,15.0,2025-12-27,0,0,0,331.23,10.4,3,1,79
3319,1,3319,variant_mid,12.99,10.0,2024-06-13,0,0,0,99.62,5.1,2,0,78
3320,1,3320,variant_high,14.99,15.0,2024-07-28,0,0,0,200.75,18.1,8,1,28
3321,1,3321,variant_mid,12.99,10.0,2025-06-10,0,0,0,174.25,13.4,6,1,74
3322,1,3322,control,9.99,0.0,2025-06-26,1,0,0,73.39,44.3,3,1,5
3323,1,3323,variant_high,14.99,15.0,2025-01-09,1,0,0,174.32,54.1,5,1,65
3324,1,3324,control,9.99,0.0,2025-06-26,1,1,1,28.55,62.1,1,1,16
3325,1,3325,variant_high,14.99,15.0,2025-04-07,1,1,0,66.19,72.3,7,0,0
3326,1,3326,variant_high,14.99,15.0,2024-06-30,1,0,0,186.41,64.3,2,1,45
3327,1,3327,variant_high,14.99,15.0,2025-09-08,0,0,0,88.3,29.1,5,1,89
3328,1,3328,variant_mid,12.99,10.0,2024-07-26,0,0,0,177.6,19.7,5,1,1
3329,1,3329,variant_high,14.99,15.0,2025-05-24,1,0,0,266.89,55.5,4,0,11
3330,1,3330,control,9.99,0.0,2025-01-28,0,0,0,453.67,6.5,4,1,0
3331,1,3331,variant_mid,12.99,10.0,2025-02-10,1,1,1,108.67,94.4,4,1,86
3332,1,3332,control,9.99,0.0,2025-09-21,1,0,0,236.68,57.9,3,1,70
3333,1,3333,variant_mid,12.99,10.0,2025-11-11,0,0,0,115.26,0.0,2,1,70
3334,1,3334,variant_high,14.99,15.0,2025-06-24,1,0,0,88.93,78.1,0,1,51
3335,1,3335,control,9.99,0.0,2025-03-20,0,0,0,96.23,7.1,1,1,32
3336,1,3336,control,9.99,0.0,2024-08-14,1,1,1,53.97,55.1,0,1,28
3337,1,3337,variant_mid,12.99,10.0,2025-06-16,1,0,0,453.17,66.8,5,1,23
3338,1,3338,variant_high,14.99,15.0,2024-02-15,0,0,0,28.44,15.5,2,0,87
3339,1,3339,variant_mid,12.99,10.0,2024-03-19,0,0,0,127.91,0.0,3,1,78
3340,1,3340,variant_mid,12.99,10.0,2025-03-27,1,1,0,79.6,56.3,2,1,19
3341,1,3341,variant_high,14.99,15.0,2024-08-07,1,0,0,81.45,56.0,7,1,5
3342,1,3342,variant_high,14.99,15.0,2024-12-31,1,0,0,64.35,40.0,4,1,26
3343,1,3343,variant_high,14.99,15.0,2025-11-22,0,0,0,362.93,38.2,3,0,17
3344,1,3344,variant_mid,12.99,10.0,2024-09-17,0,0,0,115.14,5.1,2,1,19
3345,1,3345,variant_mid,12.99,10.0,2024-11-09,1,0,0,50.04,63.2,4,1,61
3346,1,3346,control,9.99,0.0,2025-04-28,0,0,0,111.46,31.4,2,1,71
3347,1,3347,variant_high,14.99,15.0,2025-07-04,0,0,0,52.23,4.9,1,1,50
3348,1,3348,control,9.99,0.0,2025-12-10,1,1,0,27.2,27.0,0,1,20
3349,1,3349,variant_high,14.99,15.0,2024-09-03,1,1,1,113.35,63.5,5,1,12
3350,1,3350,variant_high,14.99,15.0,2025-10-27,1,0,0,93.14,61.5,4,0,61
3351,1,3351,variant_mid,12.99,10.0,2024-06-24,1,1,1,90.08,75.5,2,1,37
3352,1,3352,control,9.99,0.0,2025-05-13,1,0,0,25.0,73.8,2,1,64
3353,1,3353,control,9.99,0.0,2024-03-11,0,0,0,466.32,40.3,2,0,84
3354,1,3354,variant_high,14.99,15.0,2025-12-02,1,1,0,22.92,51.0,4,1,79
3355,1,3355,control,9.99,0.0,2025-08-16,1,0,0,107.25,46.9,3,1,88
3356,1,3356,control,9.99,0.0,2024-10-27,1,0,0,37.27,62.2,3,0,33
3357,1,3357,variant_mid,12.99,10.0,2025-11-01,1,1,1,209.04,26.5,1,1,73
3358,1,3358,variant_mid,12.99,10.0,2024-03-22,0,0,0,39.48,0.0,1,1,57
3359,1,3359,variant_mid,12.99,10.0,2024-10-09,1,1,1,27.1,67.7,4,1,34
3360,1,3360,control,9.99,0.0,2024-12-12,1,0,0,134.4,30.4,1,1,73
3361,1,3361,variant_mid,12.99,10.0,2025-05-10,0,0,0,68.47,4.4,0,1,68
3362,1,3362,variant_mid,12.99,10.0,2025-04-29,1,0,0,41.26,48.2,2,1,17
3363,1,3363,variant_mid,12.99,10.0,2024-02-22,0,0,0,72.33,34.0,1,0,30
3364,1,3364,variant_high,14.99,15.0,2025-08-24,1,1,0,243.73,68.8,5,1,5
3365,1,3365,control,9.99,0.0,2024-04-29,1,1,1,110.97,50.6,1,1,21
3366,1,3366,variant_mid,12.99,10.0,2025-11-23,0,0,0,71.52,0.0,3,1,56
3367,1,3367,control,9.99,0.0,2024-11-13,1,0,0,151.01,60.6,4,0,71
3368,1,3368,control,9.99,0.0,2025-01-20,1,0,0,63.36,66.1,1,1,87
3369,1,3369,variant_mid,12.99,10.0,2024-10-25,1,1,1,22.56,76.4,2,1,46
3370,1,3370,variant_mid,12.99,10.0,2024-10-02,0,0,0,57.64,0.0,5,1,5
3371,1,3371,variant_mid,12.99,10.0,2024-12-08,0,0,0,230.68,15.7,2,1,65
3372,1,3372,variant_high,14.99,15.0,2024-07-26,1,0,0,66.71,64.9,4,0,69
3373,1,3373,variant_high,14.99,15.0,2025-10-26,1,0,0,469.2,89.8,4,1,8
3374,1,3374,control,9.99,0.0,2025-04-01,0,0,0,77.86,13.9,2,1,4
3375,1,3375,variant_mid,12.99,10.0,2024-11-29,0,0,0,168.08,21.0,3,1,34
3376,1,3376,variant_mid,12.99,10.0,2025-06-07,0,0,0,125.0,0.0,1,1,52
3377,1,3377,variant_mid,12.99,10.0,2024-02-19,1,1,1,123.67,61.2,3,1,10
3378,1,3378,variant_mid,12.99,10.0,2025-04-17,0,0,0,24.54,0.0,2,0,5
3379,1,3379,variant_high,14.99,15.0,2024-05-09,0,0,0,257.32,5.3,3,1,65
3380,1,3380,variant_mid,12.99,10.0,2024-05-26,1,1,0,57.06,55.1,4,1,77
3381,1,3381,variant_high,14.99,15.0,2025-05-03,0,0,0,273.85,3.6,2,1,63
3382,1,3382,variant_mid,12.99,10.0,2024-12-09,0,0,0,118.86,21.6,3,0,59
3383,1,3383,variant_high,14.99,15.0,2024-05-13,0,0,0,656.31,47.6,3,1,7
3384,1,3384,variant_mid,12.99,10.0,2024-03-08,1,1,1,59.8,63.7,2,1,12
3385,1,3385,control,9.99,0.0,2025-04-05,0,0,0,579.84,0.0,3,1,4
3386,1,3386,variant_mid,12.99,10.0,2025-01-17,0,0,0,25.41,24.9,1,1,35
3387,1,3387,variant_mid,12.99,10.0,2024-06-29,1,1,1,329.07,88.2,4,1,19
3388,1,3388,control,9.99,0.0,2024-06-06,0,0,0,47.16,13.4,0,1,27
3389,1,3389,variant_mid,12.99,10.0,2025-07-12,1,0,0,210.59,74.3,4,1,44
3390,1,3390,variant_high,14.99,15.0,2025-10-11,0,0,0,329.09,21.5,5,1,16
3391,1,3391,variant_high,14.99,15.0,2025-11-26,1,0,0,924.48,51.5,0,1,2
3392,1,3392,variant_mid,12.99,10.0,2025-08-15,0,0,0,901.24,33.7,2,1,21
3393,1,3393,variant_mid,12.99,10.0,2024-06-29,1,0,0,35.55,46.7,2,1,34
3394,1,3394,variant_high,14.99,15.0,2025-07-01,1,1,1,80.83,73.9,4,1,19
3395,1,3395,variant_high,14.99,15.0,2024-10-14,0,0,0,39.29,0.0,7,1,44
3396,1,3396,control,9.99,0.0,2024-03-31,0,0,0,16.39,16.3,0,1,42
3397,1,3397,control,9.99,0.0,2024-05-07,1,1,1,123.46,26.9,1,1,30
3398,1,3398,control,9.99,0.0,2024-12-03,1,1,1,27.24,73.4,3,1,66
3399,1,3399,variant_mid,12.99,10.0,2024-08-10,0,0,0,19.09,22.5,3,1,28
3400,1,3400,variant_high,14.99,15.0,2024-05-12,1,1,1,148.62,69.6,1,1,88
3401,1,3401,control,9.99,0.0,2025-08-01,0,0,0,276.26,13.7,3,1,47
3402,1,3402,variant_high,14.99,15.0,2024-02-18,0,0,0,154.35,0.0,2,0,69
3403,1,3403,control,9.99,0.0,2025-12-12,0,0,0,60.44,34.4,1,1,33
3404,1,3404,control,9.99,0.0,2024-10-31,1,1,1,61.52,59.5,2,1,4
3405,1,3405,variant_mid,12.99,10.0,2024-09-11,1,1,1,57.89,70.2,1,1,24
3406,1,3406,variant_mid,12.99,10.0,2024-08-22,1,1,1,166.53,84.7,3,1,78
3407,1,3407,control,9.99,0.0,2025-05-08,0,0,0,36.18,0.0,1,0,80
3408,1,3408,control,9.99,0.0,2025-11-20,1,1,0,520.25,76.1,1,1,17
3409,1,3409,variant_mid,12.99,10.0,2024-07-21,0,0,0,29.95,40.5,3,1,42
3410,1,3410,variant_high,14.99,15.0,2025-11-19,0,0,0,322.23,3.6,1,1,57
3411,1,3411,variant_high,14.99,15.0,2025-10-28,1,1,0,477.98,73.2,3,1,72
3412,1,3412,variant_mid,12.99,10.0,2025-11-28,0,0,0,197.17,3.2,2,0,37
3413,1,3413,variant_high,14.99,15.0,2025-03-31,0,0,0,192.36,0.0,4,1,41
3414,1,3414,variant_mid,12.99,10.0,2024-01-14,0,0,0,89.56,16.9,5,1,77
3415,1,3415,control,9.99,0.0,2024-08-16,0,0,0,235.93,0.0,2,0,71
3416,1,3416,variant_mid,12.99,10.0,2025-01-19,1,0,0,237.12,99.6,3,1,25
3417,1,3417,variant_high,14.99,15.0,2025-08-24,1,1,0,134.15,45.6,2,1,22
3418,1,3418,variant_mid,12.99,10.0,2024-01-27,1,1,0,76.68,75.6,2,1,38
3419,1,3419,variant_high,14.99,15.0,2025-03-06,1,1,1,26.64,52.8,3,1,18
3420,1,3420,variant_mid,12.99,10.0,2025-04-06,1,0,0,197.72,63.9,1,1,18
3421,1,3421,variant_high,14.99,15.0,2024-02-03,1,1,0,8.6,30.2,3,1,43
3422,1,3422,variant_high,14.99,15.0,2025-01-25,1,0,0,116.7,69.4,1,0,31
3423,1,3423,variant_high,14.99,15.0,2024-11-01,0,0,0,129.42,11.8,4,1,55
3424,1,3424,variant_high,14.99,15.0,2024-11-18,0,0,0,498.08,5.1,3,1,70
3425,1,3425,control,9.99,0.0,2025-07-10,0,0,0,40.42,41.5,3,1,13
3426,1,3426,variant_mid,12.99,10.0,2024-02-23,1,1,0,102.16,62.7,3,1,63
3427,1,3427,control,9.99,0.0,2025-07-17,1,1,1,89.93,86.8,3,1,56
3428,1,3428,variant_high,14.99,15.0,2024-03-27,0,0,0,243.9,7.5,2,1,24
3429,1,3429,variant_mid,12.99,10.0,2025-06-22,0,0,0,39.43,0.0,0,0,25
3430,1,3430,control,9.99,0.0,2024-08-27,0,0,0,20.56,0.0,1,0,30
3431,1,3431,variant_mid,12.99,10.0,2025-01-31,1,1,1,1104.24,72.7,1,1,20
3432,1,3432,control,9.99,0.0,2024-07-08,0,0,0,135.77,12.5,2,1,7
3433,1,3433,variant_mid,12.99,10.0,2025-12-24,1,0,0,559.49,20.6,4,1,20
3434,1,3434,control,9.99,0.0,2024-05-19,1,1,1,681.53,57.8,3,1,50
3435,1,3435,variant_high,14.99,15.0,2024-11-06,1,0,0,232.88,64.8,1,1,10
3436,1,3436,variant_mid,12.99,10.0,2025-09-14,1,0,0,249.87,59.0,3,1,53
3437,1,3437,variant_high,14.99,15.0,2024-10-05,0,0,0,119.78,10.9,3,0,88
3438,1,3438,control,9.99,0.0,2024-01-26,1,1,1,28.7,64.4,1,1,80
3439,1,3439,variant_mid,12.99,10.0,2024-06-11,1,1,1,115.29,81.7,2,1,21
3440,1,3440,variant_high,14.99,15.0,2024-06-15,1,1,0,323.74,67.8,0,1,38
3441,1,3441,variant_high,14.99,15.0,2024-03-13,1,1,0,50.96,77.6,3,1,42
3442,1,3442,control,9.99,0.0,2025-11-07,1,0,0,94.94,73.7,3,0,73
3443,1,3443,variant_high,14.99,15.0,2025-09-14,0,0,0,82.18,16.5,6,1,3
3444,1,3444,control,9.99,0.0,2025-10-08,1,1,0,1089.73,84.4,3,1,6
3445,1,3445,control,9.99,0.0,2025-02-19,0,0,0,270.55,21.9,2,1,83
3446,1,3446,variant_high,14.99,15.0,2024-10-06,0,0,0,197.11,21.3,4,0,4
3447,1,3447,variant_high,14.99,15.0,2025-09-17,0,0,0,31.74,0.0,4,0,62
3448,1,3448,variant_mid,12.99,10.0,2025-08-25,0,0,0,170.39,10.8,5,1,47
3449,1,3449,control,9.99,0.0,2025-06-23,0,0,0,203.94,15.1,0,0,48
3450,1,3450,control,9.99,0.0,2024-04-30,1,0,0,11.02,87.3,2,1,82
3451,1,3451,variant_mid,12.99,10.0,2025-09-10,0,0,0,27.59,0.0,1,1,11
3452,1,3452,variant_mid,12.99,10.0,2025-04-21,0,0,0,59.5,41.6,1,1,73
3453,1,3453,control,9.99,0.0,2025-05-25,0,0,0,274.77,27.0,1,1,56
3454,1,3454,variant_high,14.99,15.0,2025-10-15,1,0,0,62.68,48.0,5,1,29
3455,1,3455,variant_high,14.99,15.0,2024-07-31,1,1,1,298.84,56.9,3,1,69
3456,1,3456,variant_high,14.99,15.0,2024-12-25,1,0,0,61.43,75.4,3,1,49
3457,1,3457,variant_high,14.99,15.0,2024-09-20,1,0,0,40.03,41.5,7,1,70
3458,1,3458,control,9.99,0.0,2024-05-14,0,0,0,77.68,1.6,0,1,34
3459,1,3459,variant_mid,12.99,10.0,2025-01-21,0,0,0,228.27,0.0,3,1,26
3460,1,3460,variant_high,14.99,15.0,2025-03-14,0,0,0,53.77,9.0,5,1,75
3461,1,3461,control,9.99,0.0,2024-07-27,0,0,0,96.41,0.0,4,1,40
3462,1,3462,control,9.99,0.0,2025-07-04,1,1,1,26.34,62.5,1,1,2
3463,1,3463,control,9.99,0.0,2024-08-16,0,0,0,113.69,12.9,1,1,8
3464,1,3464,variant_mid,12.99,10.0,2025-09-24,0,0,0,431.95,6.8,2,1,3
3465,1,3465,variant_high,14.99,15.0,2025-06-26,0,0,0,49.02,0.0,1,1,9
3466,1,3466,variant_mid,12.99,10.0,2024-10-15,1,1,0,133.7,51.0,2,1,31
3467,1,3467,variant_mid,12.99,10.0,2025-06-23,1,1,1,58.68,60.3,3,1,2
3468,1,3468,variant_mid,12.99,10.0,2024-08-07,1,0,0,90.21,47.4,4,1,7
3469,1,3469,variant_high,14.99,15.0,2025-03-28,1,1,1,71.87,52.5,1,0,7
3470,1,3470,control,9.99,0.0,2025-05-23,1,1,1,104.8,53.3,4,1,88
3471,1,3471,variant_mid,12.99,10.0,2024-06-10,0,0,0,289.13,18.5,3,1,83
3472,1,3472,variant_high,14.99,15.0,2024-07-12,1,0,0,60.08,63.3,4,0,25
3473,1,3473,variant_high,14.99,15.0,2024-04-19,0,0,0,212.2,0.0,3,1,55
3474,1,3474,variant_mid,12.99,10.0,2024-06-27,0,0,0,173.01,0.0,2,1,10
3475,1,3475,control,9.99,0.0,2025-06-12,1,0,0,20.85,70.6,1,1,45
3476,1,3476,variant_high,14.99,15.0,2024-05-23,0,0,0,84.14,6.4,1,1,12
3477,1,3477,variant_high,14.99,15.0,2025-10-25,1,1,1,72.46,40.6,3,1,69
3478,1,3478,control,9.99,0.0,2024-09-27,1,0,0,36.15,70.9,4,1,12
3479,1,3479,control,9.99,0.0,2024-08-25,1,1,1,29.41,42.1,3,1,61
3480,1,3480,control,9.99,0.0,2024-11-21,0,0,0,998.06,1.0,2,1,28
3481,1,3481,variant_mid,12.99,10.0,2025-04-19,1,1,1,57.13,68.7,2,1,87
3482,1,3482,control,9.99,0.0,2025-06-28,1,1,1,29.76,83.9,3,1,2
3483,1,3483,control,9.99,0.0,2025-05-18,0,0,0,216.02,0.0,1,0,16
3484,1,3484,variant_high,14.99,15.0,2024-04-08,1,0,0,168.55,50.8,2,1,13
3485,1,3485,control,9.99,0.0,2025-10-02,0,0,0,115.57,6.1,3,0,73
3486,1,3486,variant_high,14.99,15.0,2024-11-22,0,0,0,505.53,12.8,1,1,42
3487,1,3487,variant_mid,12.99,10.0,2025-09-28,1,1,1,182.85,39.9,3,1,17
3488,1,3488,variant_mid,12.99,10.0,2025-05-01,1,0,0,130.8,53.5,2,1,65
3489,1,3489,variant_high,14.99,15.0,2024-02-23,1,0,0,44.45,55.5,3,1,7
3490,1,3490,control,9.99,0.0,2025-02-06,0,0,0,76.45,37.5,1,1,70
3491,1,3491,control,9.99,0.0,2025-09-13,1,1,1,530.03,64.0,1,1,75
3492,1,3492,variant_mid,12.99,10.0,2025-08-01,0,0,0,96.84,18.2,5,1,25
3493,1,3493,variant_mid,12.99,10.0,2025-07-02,0,0,0,404.9,0.0,0,1,27
3494,1,3494,variant_mid,12.99,10.0,2025-11-01,0,0,0,64.98,12.5,2,1,48
3495,1,3495,variant_high,14.99,15.0,2025-03-01,0,0,0,78.18,9.5,3,1,84
3496,1,3496,variant_high,14.99,15.0,2024-06-07,0,0,0,298.1,60.4,2,1,84
3497,1,3497,control,9.99,0.0,2024-01-07,0,0,0,215.63,0.0,1,0,11
3498,1,3498,control,9.99,0.0,2025-11-13,1,0,0,1719.31,64.0,2,1,17
3499,1,3499,variant_mid,12.99,10.0,2025-05-03,1,1,0,36.11,43.0,6,0,44
3500,1,3500,variant_high,14.99,15.0,2025-10-10,0,0,0,108.81,13.2,1,1,36
3501,1,3501,control,9.99,0.0,2025-08-14,0,0,0,48.84,46.0,2,1,42
3502,1,3502,variant_mid,12.99,10.0,2024-10-05,1,1,0,357.77,80.2,3,1,14
3503,1,3503,control,9.99,0.0,2024-05-18,0,0,0,113.51,0.0,1,0,4
3504,1,3504,variant_high,14.99,15.0,2025-08-23,0,0,0,39.81,27.7,4,1,57
3505,1,3505,control,9.99,0.0,2025-09-23,1,0,0,96.62,55.9,2,1,77
3506,1,3506,variant_mid,12.99,10.0,2025-01-21,1,0,0,46.0,65.1,4,0,75
3507,1,3507,control,9.99,0.0,2024-07-05,1,1,1,39.22,52.1,3,1,28
3508,1,3508,variant_mid,12.99,10.0,2025-08-29,0,0,0,112.32,0.0,1,1,49
3509,1,3509,variant_mid,12.99,10.0,2025-09-05,0,0,0,141.25,0.0,2,1,37
3510,1,3510,variant_mid,12.99,10.0,2025-07-20,1,1,1,29.18,70.2,3,1,47
3511,1,3511,control,9.99,0.0,2025-02-06,1,0,0,84.91,64.7,2,1,46
3512,1,3512,control,9.99,0.0,2025-12-06,0,0,0,98.9,23.6,2,1,87
3513,1,3513,control,9.99,0.0,2025-11-21,1,1,1,173.55,81.9,3,1,83
3514,1,3514,variant_high,14.99,15.0,2024-06-25,0,0,0,104.3,0.0,2,1,80
3515,1,3515,variant_high,14.99,15.0,2024-09-05,0,0,0,40.82,0.0,3,0,32
3516,1,3516,control,9.99,0.0,2025-06-27,1,0,0,160.92,28.4,3,1,21
3517,1,3517,control,9.99,0.0,2024-04-24,1,1,1,432.6,91.7,1,1,0
3518,1,3518,variant_mid,12.99,10.0,2024-01-22,1,0,0,347.08,58.5,2,0,52
3519,1,3519,control,9.99,0.0,2025-01-16,1,0,0,69.52,68.7,1,1,48
3520,1,3520,variant_high,14.99,15.0,2025-11-19,1,0,0,154.91,25.1,2,1,0
3521,1,3521,variant_mid,12.99,10.0,2025-10-03,0,0,0,21.43,0.0,1,0,2
3522,1,3522,variant_high,14.99,15.0,2024-06-11,1,1,0,73.38,34.2,5,1,17
3523,1,3523,variant_mid,12.99,10.0,2024-06-16,1,1,1,157.76,47.8,2,1,50
3524,1,3524,variant_high,14.99,15.0,2024-09-29,0,0,0,670.59,31.0,2,1,88
3525,1,3525,variant_high,14.99,15.0,2025-11-25,1,1,1,13.16,71.6,2,1,0
3526,1,3526,control,9.99,0.0,2025-09-20,1,1,1,58.65,23.0,0,1,0
3527,1,3527,control,9.99,0.0,2025-11-12,1,1,1,258.41,49.8,3,1,15
3528,1,3528,variant_mid,12.99,10.0,2024-12-20,1,1,1,25.67,68.8,0,0,82
3529,1,3529,control,9.99,0.0,2024-03-06,0,0,0,40.93,0.0,2,1,32
3530,1,3530,variant_mid,12.99,10.0,2025-05-06,1,0,0,91.05,86.8,5,1,45
3531,1,3531,variant_high,14.99,15.0,2025-11-05,1,0,0,149.57,59.1,3,0,75
3532,1,3532,control,9.99,0.0,2024-10-06,0,0,0,99.01,12.4,7,0,72
3533,1,3533,variant_high,14.99,15.0,2024-07-01,0,0,0,70.53,21.1,1,1,65
3534,1,3534,control,9.99,0.0,2025-02-18,0,0,0,300.59,29.7,1,1,59
3535,1,3535,control,9.99,0.0,2024-07-01,1,1,1,76.09,60.8,3,1,73
3536,1,3536,control,9.99,0.0,2025-09-13,0,0,0,349.97,1.5,0,1,70
3537,1,3537,control,9.99,0.0,2024-10-21,1,1,0,102.56,46.7,1,1,19
3538,1,3538,control,9.99,0.0,2025-10-18,1,1,1,332.31,50.1,2,1,83
3539,1,3539,variant_high,14.99,15.0,2025-03-31,1,1,0,38.69,67.3,4,1,28
3540,1,3540,variant_mid,12.99,10.0,2024-12-08,0,0,0,369.77,0.0,5,1,38
3541,1,3541,control,9.99,0.0,2024-12-13,1,0,0,38.37,61.3,0,1,62
3542,1,3542,control,9.99,0.0,2025-06-23,1,0,0,106.39,63.4,4,1,81
3543,1,3543,variant_high,14.99,15.0,2024-07-17,0,0,0,891.47,42.7,2,1,70
3544,1,3544,control,9.99,0.0,2024-12-16,1,0,0,71.98,70.3,1,1,26
3545,1,3545,control,9.99,0.0,2025-09-24,1,1,1,144.84,60.4,3,1,88
3546,1,3546,variant_high,14.99,15.0,2025-12-06,0,0,0,105.09,0.0,1,1,24
3547,1,3547,variant_mid,12.99,10.0,2024-02-09,1,1,1,113.2,65.7,5,1,21
3548,1,3548,control,9.99,0.0,2025-06-26,0,0,0,528.3,15.6,0,1,23
3549,1,3549,variant_mid,12.99,10.0,2025-09-23,0,0,0,69.85,19.0,5,1,56
3550,1,3550,variant_mid,12.99,10.0,2024-11-27,0,0,0,222.14,0.0,5,1,47
3551,1,3551,variant_mid,12.99,10.0,2024-06-23,0,0,0,245.77,6.0,3,1,69
3552,1,3552,control,9.99,0.0,2025-01-03,0,0,0,73.81,0.0,0,1,57
3553,1,3553,variant_high,14.99,15.0,2025-10-21,0,0,0,361.12,46.7,1,0,62
3554,1,3554,variant_mid,12.99,10.0,2024-05-15,1,1,1,115.32,63.6,3,0,3
3555,1,3555,control,9.99,0.0,2024-09-07,1,1,1,51.41,43.6,2,1,16
3556,1,3556,variant_mid,12.99,10.0,2025-11-30,0,0,0,19.35,0.0,5,0,38
3557,1,3557,variant_mid,12.99,10.0,2025-05-16,0,0,0,42.45,8.6,2,1,67
3558,1,3558,variant_high,14.99,15.0,2024-07-13,1,1,0,800.45,65.6,6,1,61
3559,1,3559,control,9.99,0.0,2025-05-23,0,0,0,281.31,2.0,4,1,82
3560,1,3560,control,9.99,0.0,2024-05-28,0,0,0,197.78,5.4,2,0,52
3561,1,3561,variant_high,14.99,15.0,2025-06-20,1,1,0,65.89,51.1,7,0,74
3562,1,3562,control,9.99,0.0,2024-11-26,0,0,0,506.47,41.9,3,1,69
3563,1,3563,control,9.99,0.0,2025-10-06,1,1,0,112.25,63.8,1,1,67
3564,1,3564,variant_high,14.99,15.0,2025-07-04,0,0,0,104.36,0.0,6,1,77
3565,1,3565,variant_high,14.99,15.0,2024-04-12,1,0,0,40.99,32.3,3,0,89
3566,1,3566,variant_mid,12.99,10.0,2025-05-30,0,0,0,72.71,1.5,3,0,74
3567,1,3567,variant_mid,12.99,10.0,2025-05-05,1,0,0,177.96,62.1,5,1,42
3568,1,3568,variant_mid,12.99,10.0,2024-07-12,0,0,0,82.59,32.6,4,1,25
3569,1,3569,variant_high,14.99,15.0,2025-01-12,1,1,0,65.84,64.4,3,1,83
3570,1,3570,variant_mid,12.99,10.0,2024-07-15,0,0,0,120.31,0.0,1,1,3
3571,1,3571,variant_mid,12.99,10.0,2025-06-23,0,0,0,245.27,5.9,3,1,28
3572,1,3572,variant_high,14.99,15.0,2024-06-23,0,0,0,64.14,35.8,3,0,11
3573,1,3573,control,9.99,0.0,2024-11-08,1,1,1,84.26,60.2,3,1,58
3574,1,3574,variant_mid,12.99,10.0,2025-03-18,0,0,0,73.34,0.0,5,1,24
3575,1,3575,variant_high,14.99,15.0,2024-02-19,0,0,0,36.27,24.6,4,1,29
3576,1,3576,variant_mid,12.99,10.0,2025-12-13,1,1,1,153.23,40.5,4,1,50
3577,1,3577,variant_mid,12.99,10.0,2024-02-17,0,0,0,16.56,25.8,4,0,30
3578,1,3578,control,9.99,0.0,2025-10-12,0,0,0,118.76,24.7,4,1,31
3579,1,3579,variant_mid,12.99,10.0,2025-05-10,0,0,0,49.66,24.4,3,1,36
3580,1,3580,variant_mid,12.99,10.0,2025-01-06,0,0,0,69.96,0.0,0,1,76
3581,1,3581,variant_high,14.99,15.0,2025-01-11,1,0,0,110.09,53.7,4,1,68
3582,1,3582,control,9.99,0.0,2024-10-12,1,0,0,41.65,74.0,0,1,11
3583,1,3583,variant_high,14.99,15.0,2025-06-27,1,1,1,172.71,79.6,4,1,89
3584,1,3584,control,9.99,0.0,2024-10-17,1,1,0,52.69,97.5,0,1,85
3585,1,3585,variant_high,14.99,15.0,2025-01-20,1,0,0,417.39,60.3,6,1,8
3586,1,3586,variant_mid,12.99,10.0,2025-08-14,0,0,0,62.81,29.5,4,1,81
3587,1,3587,variant_mid,12.99,10.0,2025-05-08,1,0,0,204.18,65.2,1,1,58
3588,1,3588,variant_high,14.99,15.0,2025-05-02,0,0,0,252.32,0.0,4,1,31
3589,1,3589,variant_mid,12.99,10.0,2025-03-02,0,0,0,108.53,0.0,2,1,71
3590,1,3590,control,9.99,0.0,2024-02-12,1,0,0,350.18,41.6,3,0,0
3591,1,3591,variant_mid,12.99,10.0,2024-02-24,1,0,0,453.54,51.0,1,1,40
3592,1,3592,variant_mid,12.99,10.0,2024-03-01,0,0,0,81.19,0.0,1,0,74
3593,1,3593,variant_high,14.99,15.0,2024-07-24,0,0,0,39.43,11.5,2,1,32
3594,1,3594,variant_mid,12.99,10.0,2024-12-17,0,0,0,34.05,3.7,1,1,89
3595,1,3595,control,9.99,0.0,2024-07-06,1,0,0,223.13,60.3,4,1,12
3596,1,3596,variant_mid,12.99,10.0,2025-02-06,1,1,0,40.96,74.1,0,1,1
3597,1,3597,variant_mid,12.99,10.0,2025-10-13,0,0,0,92.21,18.8,0,1,18
3598,1,3598,variant_mid,12.99,10.0,2025-12-07,1,1,1,113.15,56.1,5,1,11
3599,1,3599,variant_high,14.99,15.0,2025-05-02,0,0,0,220.14,0.0,2,1,61
3600,1,3600,control,9.99,0.0,2024-04-15,0,0,0,148.48,0.0,0,1,78
3601,1,3601,variant_mid,12.99,10.0,2025-07-16,1,0,0,21.36,50.7,0,1,79
3602,1,3602,variant_high,14.99,15.0,2025-08-29,1,1,0,31.56,54.9,3,1,84
3603,1,3603,control,9.99,0.0,2025-08-01,1,1,1,12.05,70.1,4,1,19
3604,1,3604,variant_mid,12.99,10.0,2025-10-31,0,0,0,121.48,0.0,6,1,0
3605,1,3605,variant_high,14.99,15.0,2024-01-07,0,0,0,20.13,0.0,2,1,52
3606,1,3606,control,9.99,0.0,2024-10-11,1,1,0,151.53,30.6,2,1,73
3607,1,3607,variant_mid,12.99,10.0,2025-03-21,1,1,0,54.4,48.9,1,1,86
3608,1,3608,variant_mid,12.99,10.0,2024-04-30,0,0,0,330.24,0.0,3,0,22
3609,1,3609,control,9.99,0.0,2024-10-27,0,0,0,188.57,31.2,4,1,81
3610,1,3610,variant_high,14.99,15.0,2024-07-09,0,0,0,64.43,0.0,2,1,62
3611,1,3611,control,9.99,0.0,2024-06-11,1,0,0,47.57,99.6,3,1,71
3612,1,3612,variant_high,14.99,15.0,2025-05-14,1,1,0,43.39,46.6,2,1,15
3613,1,3613,variant_mid,12.99,10.0,2025-05-16,1,1,0,20.61,70.7,0,1,15
3614,1,3614,control,9.99,0.0,2024-03-06,1,0,0,40.14,54.3,2,1,49
3615,1,3615,control,9.99,0.0,2025-05-24,1,0,0,273.56,37.8,5,1,34
3616,1,3616,variant_high,14.99,15.0,2025-10-14,1,1,0,29.04,31.3,7,1,0
3617,1,3617,variant_mid,12.99,10.0,2024-02-02,1,1,1,78.76,52.7,0,1,89
3618,1,3618,control,9.99,0.0,2025-07-09,0,0,0,113.94,7.2,1,1,59
3619,1,3619,control,9.99,0.0,2025-06-01,0,0,0,150.93,0.0,1,0,53
3620,1,3620,variant_mid,12.99,10.0,2025-08-12,1,1,0,25.76,50.1,2,1,13
3621,1,3621,control,9.99,0.0,2025-12-13,0,0,0,29.35,0.0,4,1,49
3622,1,3622,variant_high,14.99,15.0,2025-06-24,1,0,0,63.76,68.7,3,1,60
3623,1,3623,control,9.99,0.0,2024-10-01,1,0,0,93.47,75.1,2,0,20
3624,1,3624,control,9.99,0.0,2024-04-20,0,0,0,37.63,0.0,0,1,30
3625,1,3625,variant_mid,12.99,10.0,2025-10-22,0,0,0,56.87,3.0,4,1,27
3626,1,3626,control,9.99,0.0,2025-07-06,0,0,0,182.66,28.1,1,1,30
3627,1,3627,variant_high,14.99,15.0,2024-11-22,0,0,0,63.06,0.0,1,0,18
3628,1,3628,variant_high,14.99,15.0,2025-03-28,0,0,0,676.83,6.8,5,1,61
3629,1,3629,variant_mid,12.99,10.0,2025-02-11,0,0,0,45.76,0.0,1,1,32
3630,1,3630,variant_high,14.99,15.0,2024-02-26,1,1,0,154.82,99.6,3,1,61
3631,1,3631,variant_high,14.99,15.0,2024-07-14,0,0,0,13.37,0.0,2,1,88
3632,1,3632,control,9.99,0.0,2024-08-14,1,1,0,422.2,28.0,0,1,11
3633,1,3633,control,9.99,0.0,2025-03-30,1,0,0,105.1,61.5,0,1,14
3634,1,3634,variant_mid,12.99,10.0,2024-11-05,0,0,0,29.78,8.1,4,1,0
3635,1,3635,variant_high,14.99,15.0,2024-11-04,1,1,1,73.65,76.8,7,1,39
3636,1,3636,variant_high,14.99,15.0,2025-02-05,0,0,0,369.67,49.9,3,0,70
3637,1,3637,variant_mid,12.99,10.0,2025-10-18,1,0,0,6.16,52.4,0,1,2
3638,1,3638,control,9.99,0.0,2024-05-26,1,1,1,126.8,39.4,3,0,37
3639,1,3639,variant_high,14.99,15.0,2024-04-01,1,1,1,398.52,40.1,4,1,58
3640,1,3640,variant_high,14.99,15.0,2025-02-07,0,0,0,77.9,32.6,5,0,52
3641,1,3641,variant_high,14.99,15.0,2025-10-02,0,0,0,251.83,21.9,3,0,76
3642,1,3642,variant_high,14.99,15.0,2025-12-13,1,1,1,259.27,69.0,1,1,41
3643,1,3643,control,9.99,0.0,2024-09-06,1,1,1,1379.74,41.9,3,0,38
3644,1,3644,variant_mid,12.99,10.0,2024-09-17,1,1,0,51.07,47.4,3,0,30
3645,1,3645,variant_mid,12.99,10.0,2025-09-02,0,0,0,600.96,23.0,0,1,68
3646,1,3646,variant_mid,12.99,10.0,2024-05-05,1,1,1,16.03,79.5,1,1,67
3647,1,3647,variant_mid,12.99,10.0,2024-10-10,1,0,0,51.74,59.5,3,1,78
3648,1,3648,variant_high,14.99,15.0,2024-12-23,0,0,0,159.64,8.3,3,1,55
3649,1,3649,variant_high,14.99,15.0,2024-08-14,1,0,0,75.71,50.6,3,1,12
3650,1,3650,control,9.99,0.0,2024-12-10,1,0,0,87.31,43.3,4,1,0
3651,1,3651,control,9.99,0.0,2026-01-03,0,0,0,129.26,24.1,1,0,13
3652,1,3652,variant_mid,12.99,10.0,2025-11-01,0,0,0,50.97,5.0,0,1,33
3653,1,3653,variant_high,14.99,15.0,2024-10-22,0,0,0,153.65,0.0,3,1,16
3654,1,3654,variant_mid,12.99,10.0,2024-12-12,1,1,1,42.3,53.5,1,1,10
3655,1,3655,variant_mid,12.99,10.0,2025-11-13,1,0,0,69.26,39.9,4,1,64
3656,1,3656,variant_mid,12.99,10.0,2024-06-29,0,0,0,94.05,2.8,1,1,29
3657,1,3657,variant_high,14.99,15.0,2025-02-21,0,0,0,26.02,24.6,3,0,60
3658,1,3658,control,9.99,0.0,2024-06-20,1,1,1,75.17,71.6,2,1,89
3659,1,3659,variant_mid,12.99,10.0,2025-04-15,1,1,0,269.31,71.5,2,0,22
3660,1,3660,variant_high,14.99,15.0,2024-02-06,1,0,0,113.57,46.2,1,0,73
3661,1,3661,control,9.99,0.0,2024-06-07,1,1,0,85.16,22.5,0,1,45
3662,1,3662,control,9.99,0.0,2025-07-09,1,0,0,43.13,45.6,1,1,9
3663,1,3663,variant_high,14.99,15.0,2025-06-08,1,1,0,239.95,45.0,5,0,14
3664,1,3664,control,9.99,0.0,2024-08-01,0,0,0,133.75,0.0,2,1,76
3665,1,3665,variant_mid,12.99,10.0,2024-06-06,0,0,0,103.45,33.3,2,1,57
3666,1,3666,variant_high,14.99,15.0,2025-08-09,0,0,0,241.05,17.5,3,1,63
3667,1,3667,control,9.99,0.0,2026-01-03,0,0,0,42.78,13.9,1,1,53
3668,1,3668,variant_high,14.99,15.0,2025-02-23,0,0,0,79.8,25.8,3,1,11
3669,1,3669,control,9.99,0.0,2025-06-27,1,0,0,117.1,69.9,3,1,78
3670,1,3670,variant_mid,12.99,10.0,2025-06-12,0,0,0,64.14,3.8,2,1,38
3671,1,3671,control,9.99,0.0,2025-11-04,1,1,1,207.56,82.8,2,1,41
3672,1,3672,variant_high,14.99,15.0,2024-06-04,1,1,1,125.38,83.0,2,1,76
3673,1,3673,variant_high,14.99,15.0,2025-02-27,0,0,0,214.85,4.1,0,1,34
3674,1,3674,control,9.99,0.0,2024-05-13,0,0,0,311.05,4.1,3,1,17
3675,1,3675,variant_high,14.99,15.0,2024-09-20,1,1,0,292.7,57.0,4,1,34
3676,1,3676,variant_high,14.99,15.0,2024-11-06,1,0,0,114.26,80.0,2,0,77
3677,1,3677,variant_high,14.99,15.0,2025-11-18,0,0,0,1008.63,4.7,5,1,57
3678,1,3678,variant_high,14.99,15.0,2024-09-19,1,1,0,93.72,75.1,3,1,22
3679,1,3679,variant_high,14.99,15.0,2024-01-21,1,0,0,168.04,65.0,4,0,64
3680,1,3680,variant_high,14.99,15.0,2025-01-08,1,1,0,39.09,86.3,3,1,84
3681,1,3681,variant_high,14.99,15.0,2024-11-18,1,1,0,59.35,50.8,3,1,74
3682,1,3682,variant_high,14.99,15.0,2025-07-17,0,0,0,337.16,33.8,6,1,17
3683,1,3683,control,9.99,0.0,2024-01-14,0,0,0,234.48,0.0,3,1,82
3684,1,3684,control,9.99,0.0,2025-11-06,0,0,0,754.01,18.2,5,1,74
3685,1,3685,variant_mid,12.99,10.0,2025-07-11,0,0,0,649.43,0.4,3,1,86
3686,1,3686,control,9.99,0.0,2025-03-13,1,1,1,87.19,55.0,1,1,80
3687,1,3687,variant_mid,12.99,10.0,2025-10-07,0,0,0,10.17,35.8,3,1,54
3688,1,3688,variant_high,14.99,15.0,2024-06-18,0,0,0,187.77,35.6,3,0,79
3689,1,3689,variant_mid,12.99,10.0,2024-10-21,0,0,0,64.96,10.2,0,1,6
3690,1,3690,variant_high,14.99,15.0,2024-08-18,0,0,0,259.51,0.0,1,0,56
3691,1,3691,variant_mid,12.99,10.0,2024-08-05,0,0,0,14.78,10.3,1,1,61
3692,1,3692,control,9.99,0.0,2025-11-09,0,0,0,15.64,33.6,4,1,11
3693,1,3693,control,9.99,0.0,2025-11-10,1,1,1,587.88,73.4,2,0,6
3694,1,3694,variant_high,14.99,15.0,2024-06-17,0,0,0,98.57,17.5,2,1,57
3695,1,3695,variant_mid,12.99,10.0,2024-07-19,0,0,0,163.24,3.1,2,1,34
3696,1,3696,variant_high,14.99,15.0,2024-03-15,1,1,1,45.28,78.6,1,0,45
3697,1,3697,variant_mid,12.99,10.0,2024-04-28,0,0,0,66.05,0.0,0,1,65
3698,1,3698,control,9.99,0.0,2025-11-05,1,1,1,58.09,76.3,7,0,37
3699,1,3699,variant_high,14.99,15.0,2024-05-27,1,1,0,93.46,55.7,4,1,33
3700,1,3700,variant_mid,12.99,10.0,2024-01-30,0,0,0,32.22,12.9,1,1,75
3701,1,3701,variant_mid,12.99,10.0,2025-10-15,1,0,0,48.97,35.9,4,1,71
3702,1,3702,variant_mid,12.99,10.0,2025-07-19,1,1,1,122.65,63.3,1,0,33
3703,1,3703,variant_mid,12.99,10.0,2025-06-20,0,0,0,242.02,4.0,1,1,41
3704,1,3704,variant_high,14.99,15.0,2024-04-26,1,1,1,194.47,63.9,2,0,51
3705,1,3705,control,9.99,0.0,2024-01-18,1,0,0,727.44,62.4,3,0,81
3706,1,3706,control,9.99,0.0,2025-05-11,0,0,0,72.53,0.0,4,1,69
3707,1,3707,control,9.99,0.0,2025-02-15,1,1,1,169.65,53.2,2,1,44
3708,1,3708,variant_mid,12.99,10.0,2024-05-19,1,1,0,34.69,31.2,4,0,15
3709,1,3709,variant_high,14.99,15.0,2024-12-06,0,0,0,45.61,23.5,2,0,40
3710,1,3710,variant_high,14.99,15.0,2025-10-23,1,0,0,366.09,95.1,0,1,69
3711,1,3711,variant_high,14.99,15.0,2025-10-27,0,0,0,158.91,4.7,5,1,61
3712,1,3712,variant_mid,12.99,10.0,2024-02-07,1,1,0,190.48,69.8,3,0,12
3713,1,3713,variant_mid,12.99,10.0,2024-01-31,0,0,0,119.91,8.6,1,1,86
3714,1,3714,variant_mid,12.99,10.0,2024-08-15,0,0,0,384.7,6.5,1,1,48
3715,1,3715,variant_high,14.99,15.0,2025-07-06,0,0,0,22.68,15.2,5,1,72
3716,1,3716,control,9.99,0.0,2025-07-31,1,0,0,165.56,44.5,1,0,59
3717,1,3717,variant_mid,12.99,10.0,2025-02-03,0,0,0,64.4,0.0,1,1,14
3718,1,3718,variant_mid,12.99,10.0,2025-02-21,1,0,0,50.64,61.5,6,0,32
3719,1,3719,variant_high,14.99,15.0,2024-12-13,1,0,0,47.9,80.2,3,1,52
3720,1,3720,control,9.99,0.0,2024-11-14,1,1,1,18.3,73.2,5,1,60
3721,1,3721,control,9.99,0.0,2024-04-02,1,0,0,665.76,87.5,1,1,75
3722,1,3722,variant_mid,12.99,10.0,2024-12-03,1,0,0,95.6,34.4,3,1,80
3723,1,3723,variant_mid,12.99,10.0,2025-12-24,0,0,0,21.55,2.1,4,0,68
3724,1,3724,control,9.99,0.0,2025-01-04,0,0,0,81.2,9.7,4,1,12
3725,1,3725,variant_mid,12.99,10.0,2025-03-11,0,0,0,222.19,0.0,2,1,5
3726,1,3726,variant_mid,12.99,10.0,2026-01-03,0,0,0,20.49,47.4,4,1,32
3727,1,3727,variant_mid,12.99,10.0,2024-02-08,0,0,0,112.1,0.0,1,1,87
3728,1,3728,variant_mid,12.99,10.0,2025-05-16,1,0,0,381.04,77.6,4,0,78
3729,1,3729,control,9.99,0.0,2024-07-20,0,0,0,229.86,0.0,5,1,5
3730,1,3730,variant_high,14.99,15.0,2024-12-29,1,1,0,585.25,66.6,5,0,85
3731,1,3731,variant_mid,12.99,10.0,2024-01-25,1,1,0,1786.24,70.8,2,1,4
3732,1,3732,variant_mid,12.99,10.0,2024-08-27,0,0,0,17.17,21.0,2,1,77
3733,1,3733,variant_mid,12.99,10.0,2025-02-01,0,0,0,173.58,0.0,1,1,54
3734,1,3734,control,9.99,0.0,2025-01-18,0,0,0,174.75,16.0,1,0,39
3735,1,3735,variant_high,14.99,15.0,2024-11-03,0,0,0,59.2,0.0,4,1,73
3736,1,3736,variant_mid,12.99,10.0,2025-11-11,1,1,0,97.95,65.5,1,1,34
3737,1,3737,control,9.99,0.0,2024-06-09,0,0,0,45.14,29.8,3,1,21
3738,1,3738,variant_high,14.99,15.0,2024-06-24,0,0,0,80.29,1.2,6,1,13
3739,1,3739,variant_high,14.99,15.0,2025-03-08,1,0,0,376.82,56.8,4,1,34
3740,1,3740,variant_high,14.99,15.0,2024-09-29,0,0,0,75.22,3.2,3,1,20
3741,1,3741,variant_mid,12.99,10.0,2024-07-27,0,0,0,60.43,20.2,2,1,28
3742,1,3742,variant_mid,12.99,10.0,2024-02-18,0,0,0,443.54,0.0,3,1,50
3743,1,3743,variant_mid,12.99,10.0,2025-02-02,0,0,0,68.78,35.2,2,1,73
3744,1,3744,control,9.99,0.0,2025-04-16,0,0,0,116.09,33.3,2,1,53
3745,1,3745,variant_mid,12.99,10.0,2025-02-22,1,1,0,58.92,52.8,1,1,16
3746,1,3746,variant_high,14.99,15.0,2025-07-20,0,0,0,31.07,13.5,4,0,18
3747,1,3747,variant_mid,12.99,10.0,2025-05-07,0,0,0,88.34,9.9,4,1,46
3748,1,3748,variant_high,14.99,15.0,2025-04-23,1,1,0,54.76,67.3,5,0,55
3749,1,3749,variant_mid,12.99,10.0,2024-09-01,0,0,0,290.31,1.5,3,0,4
3750,1,3750,variant_mid,12.99,10.0,2025-08-24,1,0,0,188.84,56.6,3,0,75
3751,1,3751,variant_mid,12.99,10.0,2025-10-15,0,0,0,101.56,0.0,1,1,15
3752,1,3752,variant_high,14.99,15.0,2025-07-23,1,1,1,328.45,36.9,4,1,58
3753,1,3753,control,9.99,0.0,2024-03-18,0,0,0,798.34,17.1,2,1,26
3754,1,3754,variant_mid,12.99,10.0,2025-12-26,0,0,0,38.74,2.3,2,1,21
3755,1,3755,variant_high,14.99,15.0,2025-02-08,1,1,0,311.93,30.2,4,1,87
3756,1,3756,variant_mid,12.99,10.0,2024-12-12,1,1,1,430.28,62.9,2,1,82
3757,1,3757,control,9.99,0.0,2024-06-28,0,0,0,341.84,0.0,2,0,41
3758,1,3758,variant_mid,12.99,10.0,2024-03-14,0,0,0,159.86,9.0,1,1,25
3759,1,3759,variant_high,14.99,15.0,2025-09-17,1,1,1,92.03,56.8,2,1,82
3760,1,3760,variant_mid,12.99,10.0,2025-01-25,1,1,1,86.42,59.1,1,1,32
3761,1,3761,variant_high,14.99,15.0,2025-11-07,0,0,0,534.74,26.4,4,0,59
3762,1,3762,control,9.99,0.0,2025-07-27,0,0,0,187.31,3.5,5,1,40
3763,1,3763,variant_mid,12.99,10.0,2025-08-15,0,0,0,13.22,0.0,8,1,48
3764,1,3764,control,9.99,0.0,2024-11-02,0,0,0,321.16,40.3,1,1,58
3765,1,3765,variant_high,14.99,15.0,2024-10-04,0,0,0,68.41,28.0,1,1,20
3766,1,3766,control,9.99,0.0,2024-11-23,1,1,1,72.26,48.0,0,1,53
3767,1,3767,variant_high,14.99,15.0,2024-01-07,1,1,0,30.5,67.5,3,1,7
3768,1,3768,variant_mid,12.99,10.0,2025-06-24,1,1,1,146.22,75.6,1,1,77
3769,1,3769,variant_mid,12.99,10.0,2025-10-23,0,0,0,184.94,29.5,2,1,58
3770,1,3770,variant_mid,12.99,10.0,2024-01-27,1,1,1,96.26,48.5,3,1,34
3771,1,3771,control,9.99,0.0,2025-10-17,1,1,0,161.74,96.7,1,1,36
3772,1,3772,control,9.99,0.0,2025-05-03,0,0,0,25.03,8.9,1,1,52
3773,1,3773,variant_mid,12.99,10.0,2025-02-11,1,1,0,54.4,88.4,1,0,52
3774,1,3774,variant_high,14.99,15.0,2025-06-08,1,1,1,12.27,61.6,1,0,5
3775,1,3775,variant_high,14.99,15.0,2024-01-30,1,1,0,42.7,76.3,2,0,3
3776,1,3776,variant_high,14.99,15.0,2025-12-12,1,1,1,274.62,88.5,1,1,16
3777,1,3777,control,9.99,0.0,2025-10-15,1,1,0,73.62,76.7,2,1,81
3778,1,3778,variant_high,14.99,15.0,2025-06-23,0,0,0,136.15,0.0,1,1,0
3779,1,3779,control,9.99,0.0,2024-09-01,1,1,0,96.72,39.0,1,1,76
3780,1,3780,variant_mid,12.99,10.0,2024-04-14,1,1,1,203.92,43.1,0,1,11
3781,1,3781,control,9.99,0.0,2024-08-24,1,1,0,69.88,83.2,4,1,31
3782,1,3782,variant_high,14.99,15.0,2024-12-30,1,1,0,144.24,46.9,3,1,46
3783,1,3783,variant_mid,12.99,10.0,2025-12-23,0,0,0,6.79,0.0,1,1,33
3784,1,3784,variant_mid,12.99,10.0,2024-10-30,1,0,0,50.12,42.3,2,1,32
3785,1,3785,control,9.99,0.0,2025-06-22,1,0,0,171.11,48.4,1,0,62
3786,1,3786,variant_mid,12.99,10.0,2024-10-31,1,0,0,372.41,62.9,3,1,87
3787,1,3787,control,9.99,0.0,2024-03-03,1,0,0,98.11,55.0,3,1,16
3788,1,3788,variant_high,14.99,15.0,2025-08-07,0,0,0,10.86,6.7,2,1,9
3789,1,3789,variant_mid,12.99,10.0,2024-09-21,0,0,0,210.63,2.0,6,1,15
3790,1,3790,control,9.99,0.0,2025-03-19,1,1,1,214.9,55.4,4,1,68
3791,1,3791,control,9.99,0.0,2024-09-15,0,0,0,153.46,31.9,3,1,16
3792,1,3792,control,9.99,0.0,2025-06-22,1,0,0,191.26,55.3,2,1,25
3793,1,3793,variant_mid,12.99,10.0,2025-09-06,1,0,0,275.72,78.3,2,1,18
3794,1,3794,control,9.99,0.0,2025-07-03,1,0,0,160.77,43.0,1,1,82
3795,1,3795,control,9.99,0.0,2025-10-25,1,0,0,40.8,43.1,1,0,45
3796,1,3796,control,9.99,0.0,2025-05-17,0,0,0,354.06,16.9,0,1,12
3797,1,3797,control,9.99,0.0,2025-02-04,0,0,0,421.31,0.0,0,1,22
3798,1,3798,variant_mid,12.99,10.0,2025-07-25,0,0,0,522.9,0.0,2,1,29
3799,1,3799,variant_high,14.99,15.0,2025-05-31,1,1,1,61.05,76.0,2,1,58
3800,1,3800,control,9.99,0.0,2024-06-17,0,0,0,69.84,0.0,1,1,66
3801,1,3801,variant_mid,12.99,10.0,2024-08-12,1,1,1,545.29,83.0,2,0,43
3802,1,3802,variant_mid,12.99,10.0,2024-04-01,0,0,0,105.6,38.1,1,1,3
3803,1,3803,variant_mid,12.99,10.0,2025-07-25,1,1,1,72.39,78.0,4,0,67
3804,1,3804,variant_high,14.99,15.0,2024-05-14,0,0,0,124.9,9.7,4,1,57
3805,1,3805,variant_high,14.99,15.0,2024-03-06,0,0,0,31.39,10.2,2,1,39
3806,1,3806,variant_mid,12.99,10.0,2025-08-16,1,0,0,155.57,37.8,2,1,69
3807,1,3807,variant_mid,12.99,10.0,2024-02-13,1,0,0,326.55,31.1,5,1,32
3808,1,3808,variant_mid,12.99,10.0,2025-12-05,0,0,0,56.56,34.5,1,1,37
3809,1,3809,control,9.99,0.0,2024-06-27,1,1,0,62.79,64.3,1,1,7
3810,1,3810,control,9.99,0.0,2025-11-29,0,0,0,41.24,0.0,1,1,66
3811,1,3811,variant_high,14.99,15.0,2025-04-27,0,0,0,183.24,20.6,2,1,70
3812,1,3812,variant_high,14.99,15.0,2024-01-20,1,0,0,245.82,72.3,2,1,53
3813,1,3813,variant_high,14.99,15.0,2025-07-25,0,0,0,64.29,25.3,6,0,36
3814,1,3814,variant_mid,12.99,10.0,2026-01-08,1,0,0,85.77,37.6,6,0,59
3815,1,3815,variant_high,14.99,15.0,2025-11-12,0,0,0,58.55,27.6,3,0,54
3816,1,3816,variant_high,14.99,15.0,2025-10-09,1,0,0,89.71,84.4,3,1,42
3817,1,3817,variant_mid,12.99,10.0,2024-07-10,1,1,0,12.47,56.2,2,1,41
3818,1,3818,variant_high,14.99,15.0,2024-06-06,1,1,0,266.75,56.8,4,1,1
3819,1,3819,variant_high,14.99,15.0,2024-09-03,0,0,0,240.57,17.0,0,1,41
3820,1,3820,variant_mid,12.99,10.0,2025-03-01,0,0,0,41.87,4.4,1,1,9
3821,1,3821,variant_high,14.99,15.0,2025-08-03,0,0,0,159.74,10.3,2,1,21
3822,1,3822,variant_high,14.99,15.0,2026-01-02,0,0,0,96.98,5.6,0,0,29
3823,1,3823,variant_mid,12.99,10.0,2024-12-22,1,1,1,75.88,46.4,4,0,6
3824,1,3824,variant_mid,12.99,10.0,2024-12-20,1,1,0,208.45,57.5,1,0,29
3825,1,3825,control,9.99,0.0,2025-10-01,0,0,0,131.84,12.2,1,1,60
3826,1,3826,variant_high,14.99,15.0,2025-12-08,1,0,0,100.37,76.2,4,1,82
3827,1,3827,control,9.99,0.0,2024-11-13,0,0,0,70.73,5.9,0,1,57
3828,1,3828,control,9.99,0.0,2025-02-04,1,1,0,60.07,53.9,3,1,89
3829,1,3829,variant_mid,12.99,10.0,2024-07-13,0,0,0,620.75,7.8,0,0,45
3830,1,3830,variant_mid,12.99,10.0,2024-09-18,0,0,0,397.54,36.4,4,1,84
3831,1,3831,control,9.99,0.0,2025-07-20,1,0,0,407.73,100.0,2,1,28
3832,1,3832,control,9.99,0.0,2024-05-14,0,0,0,190.08,26.2,1,1,53
3833,1,3833,variant_high,14.99,15.0,2024-08-05,1,1,1,75.67,100.0,1,0,84
3834,1,3834,variant_mid,12.99,10.0,2024-04-02,1,1,0,104.33,49.4,4,1,35
3835,1,3835,variant_high,14.99,15.0,2024-07-10,1,1,0,67.18,53.5,1,1,22
3836,1,3836,variant_high,14.99,15.0,2025-05-31,0,0,0,71.54,30.6,2,1,66
3837,1,3837,variant_mid,12.99,10.0,2025-10-07,1,0,0,47.52,65.4,5,1,74
3838,1,3838,variant_mid,12.99,10.0,2024-09-14,0,0,0,280.93,14.0,1,1,37
3839,1,3839,control,9.99,0.0,2025-10-21,1,0,0,292.39,77.1,3,1,0
3840,1,3840,variant_high,14.99,15.0,2024-10-26,0,0,0,73.22,27.8,2,1,43
3841,1,3841,variant_mid,12.99,10.0,2024-07-14,0,0,0,325.86,0.0,2,0,69
3842,1,3842,variant_high,14.99,15.0,2025-11-18,1,0,0,26.2,76.0,8,0,59
3843,1,3843,variant_high,14.99,15.0,2025-01-28,0,0,0,86.34,17.5,2,0,46
3844,1,3844,control,9.99,0.0,2024-05-29,1,1,1,118.23,88.4,2,1,42
3845,1,3845,variant_high,14.99,15.0,2024-06-27,1,1,0,48.88,65.1,3,1,62
3846,1,3846,variant_high,14.99,15.0,2024-10-10,1,0,0,65.67,52.0,4,1,43
3847,1,3847,variant_mid,12.99,10.0,2024-04-04,1,1,1,1295.31,49.9,4,0,88
3848,1,3848,variant_high,14.99,15.0,2025-10-26,1,1,1,354.61,59.4,4,1,8
3849,1,3849,variant_mid,12.99,10.0,2025-04-13,0,0,0,1111.91,8.4,2,1,81
3850,1,3850,variant_mid,12.99,10.0,2025-12-03,0,0,0,82.74,1.4,1,0,69
3851,1,3851,control,9.99,0.0,2024-07-13,0,0,0,273.75,46.2,2,1,75
3852,1,3852,variant_high,14.99,15.0,2025-08-26,0,0,0,58.45,0.0,3,1,58
3853,1,3853,variant_high,14.99,15.0,2025-05-23,0,0,0,282.21,0.0,4,1,83
3854,1,3854,control,9.99,0.0,2024-10-13,0,0,0,757.36,0.0,1,1,39
3855,1,3855,variant_mid,12.99,10.0,2024-09-15,0,0,0,14.26,0.3,2,0,11
3856,1,3856,control,9.99,0.0,2024-04-06,0,0,0,72.35,6.3,3,1,36
3857,1,3857,variant_mid,12.99,10.0,2025-08-08,1,0,0,46.77,38.4,2,1,85
3858,1,3858,variant_mid,12.99,10.0,2025-07-31,1,1,1,5.0,67.7,3,1,87
3859,1,3859,variant_high,14.99,15.0,2025-02-13,0,0,0,91.31,34.2,2,1,7
3860,1,3860,control,9.99,0.0,2025-09-24,1,0,0,173.35,47.8,2,1,84
3861,1,3861,control,9.99,0.0,2025-03-31,1,0,0,178.16,58.5,4,1,55
3862,1,3862,control,9.99,0.0,2025-06-05,0,0,0,50.7,12.9,1,1,21
3863,1,3863,variant_high,14.99,15.0,2026-01-17,0,0,0,120.69,12.9,2,1,78
3864,1,3864,variant_mid,12.99,10.0,2024-09-22,1,0,0,461.04,57.9,3,0,49
3865,1,3865,control,9.99,0.0,2025-05-01,0,0,0,67.61,0.0,1,0,47
3866,1,3866,control,9.99,0.0,2025-05-03,1,0,0,102.5,98.2,0,1,38
3867,1,3867,control,9.99,0.0,2025-11-10,1,0,0,241.33,56.5,4,1,7
3868,1,3868,variant_high,14.99,15.0,2025-06-09,1,1,1,316.33,34.3,2,1,79
3869,1,3869,variant_mid,12.99,10.0,2024-07-18,0,0,0,16.59,11.1,3,1,68
3870,1,3870,variant_high,14.99,15.0,2025-10-23,0,0,0,94.85,26.6,3,1,84
3871,1,3871,control,9.99,0.0,2025-09-02,1,1,1,29.59,56.0,1,0,26
3872,1,3872,variant_mid,12.99,10.0,2024-04-15,0,0,0,58.77,24.2,3,1,87
3873,1,3873,variant_mid,12.99,10.0,2025-06-27,0,0,0,11.48,6.4,5,1,1
3874,1,3874,control,9.99,0.0,2024-07-24,0,0,0,175.26,41.4,0,1,24
3875,1,3875,control,9.99,0.0,2024-08-01,0,0,0,211.59,35.9,0,1,79
3876,1,3876,control,9.99,0.0,2024-11-05,1,0,0,43.83,60.1,4,1,82
3877,1,3877,variant_high,14.99,15.0,2024-08-26,1,0,0,67.73,43.2,5,0,45
3878,1,3878,variant_mid,12.99,10.0,2025-09-04,1,0,0,68.88,85.4,1,1,80
3879,1,3879,variant_mid,12.99,10.0,2024-05-25,0,0,0,265.18,30.6,3,1,44
3880,1,3880,variant_mid,12.99,10.0,2025-10-16,1,1,0,114.52,60.4,2,1,40
3881,1,3881,control,9.99,0.0,2024-02-19,1,1,0,78.2,72.6,1,1,60
3882,1,3882,variant_high,14.99,15.0,2024-08-09,1,1,1,17.02,24.9,4,1,36
3883,1,3883,variant_high,14.99,15.0,2024-12-11,1,1,0,28.73,49.9,9,1,54
3884,1,3884,control,9.99,0.0,2025-01-15,1,0,0,169.79,73.5,2,0,42
3885,1,3885,variant_high,14.99,15.0,2025-10-11,0,0,0,67.66,22.3,1,1,82
3886,1,3886,variant_mid,12.99,10.0,2025-04-03,1,0,0,1194.13,64.5,5,0,15
3887,1,3887,variant_mid,12.99,10.0,2025-02-02,1,1,0,73.49,83.1,4,1,58
3888,1,3888,variant_mid,12.99,10.0,2024-05-06,1,1,0,174.2,74.5,1,0,42
3889,1,3889,variant_high,14.99,15.0,2024-02-18,1,1,1,1431.84,10.8,5,1,85
3890,1,3890,control,9.99,0.0,2025-08-19,0,0,0,220.8,17.4,2,0,15
3891,1,3891,control,9.99,0.0,2025-03-03,0,0,0,417.18,0.0,3,1,69
3892,1,3892,variant_high,14.99,15.0,2024-12-25,0,0,0,9.07,32.4,3,1,54
3893,1,3893,variant_high,14.99,15.0,2025-01-19,1,0,0,295.36,59.2,5,1,86
3894,1,3894,variant_high,14.99,15.0,2025-10-17,1,0,0,84.43,90.0,7,1,34
3895,1,3895,control,9.99,0.0,2024-12-03,1,1,1,180.12,90.5,2,1,59
3896,1,3896,variant_mid,12.99,10.0,2025-02-13,1,1,1,217.16,50.5,2,0,34
3897,1,3897,variant_mid,12.99,10.0,2025-01-13,0,0,0,111.75,0.0,1,1,29
3898,1,3898,control,9.99,0.0,2025-09-05,1,1,0,38.8,61.0,3,1,17
3899,1,3899,control,9.99,0.0,2024-06-22,1,0,0,9.4,59.1,1,1,9
3900,1,3900,variant_high,14.99,15.0,2024-02-23,1,0,0,182.54,67.6,3,1,44
3901,1,3901,control,9.99,0.0,2025-12-03,0,0,0,107.57,0.0,4,0,81
3902,1,3902,control,9.99,0.0,2024-11-24,0,0,0,16.12,0.0,3,1,69
3903,1,3903,control,9.99,0.0,2025-03-01,1,0,0,11.94,71.8,0,0,49
3904,1,3904,variant_mid,12.99,10.0,2024-11-15,1,0,0,16.63,46.1,1,1,9
3905,1,3905,variant_high,14.99,15.0,2024-08-14,1,1,0,67.99,72.7,1,1,8
3906,1,3906,control,9.99,0.0,2024-06-05,0,0,0,33.75,44.7,1,1,79
3907,1,3907,variant_high,14.99,15.0,2025-05-25,1,0,0,29.0,75.1,3,1,31
3908,1,3908,control,9.99,0.0,2025-02-14,1,1,1,62.44,68.9,2,1,71
3909,1,3909,variant_mid,12.99,10.0,2025-04-04,0,0,0,235.73,0.0,4,1,51
3910,1,3910,control,9.99,0.0,2025-07-10,1,0,0,191.08,83.1,2,1,60
3911,1,3911,variant_mid,12.99,10.0,2024-08-11,0,0,0,34.83,0.0,3,1,79
3912,1,3912,variant_high,14.99,15.0,2025-01-15,0,0,0,125.23,0.0,2,0,14
3913,1,3913,variant_high,14.99,15.0,2025-03-15,1,0,0,290.23,43.1,5,1,37
3914,1,3914,control,9.99,0.0,2025-09-10,0,0,0,27.62,19.3,2,1,29
3915,1,3915,variant_high,14.99,15.0,2024-03-19,0,0,0,78.74,25.5,0,1,26
3916,1,3916,variant_high,14.99,15.0,2024-08-02,0,0,0,206.13,13.2,1,1,29
3917,1,3917,variant_mid,12.99,10.0,2024-06-04,1,0,0,127.76,80.4,1,1,32
3918,1,3918,variant_high,14.99,15.0,2024-08-22,0,0,0,41.1,15.3,4,1,41
3919,1,3919,variant_high,14.99,15.0,2025-11-23,1,1,1,69.55,51.7,3,0,26
3920,1,3920,variant_high,14.99,15.0,2024-05-13,0,0,0,494.05,4.0,3,1,10
3921,1,3921,control,9.99,0.0,2025-07-17,0,0,0,48.65,27.5,5,1,42
3922,1,3922,control,9.99,0.0,2025-08-04,0,0,0,32.74,0.0,3,0,66
3923,1,3923,variant_high,14.99,15.0,2025-06-29,1,1,1,52.59,56.6,3,1,27
3924,1,3924,variant_high,14.99,15.0,2024-04-25,0,0,0,72.79,25.3,2,1,68
3925,1,3925,variant_high,14.99,15.0,2024-03-18,0,0,0,101.72,30.2,5,1,50
3926,1,3926,variant_high,14.99,15.0,2024-05-02,0,0,0,51.59,8.3,4,1,33
3927,1,3927,variant_high,14.99,15.0,2025-09-14,0,0,0,89.94,18.7,3,1,10
3928,1,3928,variant_mid,12.99,10.0,2024-01-21,0,0,0,48.51,4.0,2,1,34
3929,1,3929,variant_mid,12.99,10.0,2025-06-20,0,0,0,11.68,30.5,2,1,79
3930,1,3930,control,9.99,0.0,2024-10-20,1,1,0,165.51,42.5,2,0,36
3931,1,3931,control,9.99,0.0,2025-12-04,1,1,1,102.77,51.8,2,0,63
3932,1,3932,variant_mid,12.99,10.0,2024-11-28,0,0,0,84.62,27.2,4,1,77
3933,1,3933,variant_mid,12.99,10.0,2024-12-07,1,0,0,26.23,76.2,4,1,37
3934,1,3934,control,9.99,0.0,2024-12-11,1,1,1,358.01,57.2,2,1,48
3935,1,3935,variant_mid,12.99,10.0,2025-08-17,0,0,0,178.87,52.0,2,1,62
3936,1,3936,variant_mid,12.99,10.0,2025-07-27,0,0,0,74.12,49.0,0,1,80
3937,1,3937,variant_mid,12.99,10.0,2025-12-09,1,0,0,58.39,92.9,3,1,11
3938,1,3938,variant_mid,12.99,10.0,2024-11-18,1,0,0,16.89,38.0,1,1,40
3939,1,3939,control,9.99,0.0,2025-09-19,0,0,0,321.4,27.9,0,0,40
3940,1,3940,variant_high,14.99,15.0,2024-01-13,0,0,0,253.03,19.4,3,0,53
3941,1,3941,variant_mid,12.99,10.0,2025-03-29,0,0,0,67.82,0.0,3,1,4
3942,1,3942,variant_mid,12.99,10.0,2025-04-08,0,0,0,170.72,0.0,5,1,7
3943,1,3943,variant_mid,12.99,10.0,2024-02-17,1,0,0,90.18,84.4,2,1,86
3944,1,3944,control,9.99,0.0,2024-05-15,1,0,0,146.26,74.9,3,1,20
3945,1,3945,variant_high,14.99,15.0,2025-12-25,1,1,0,23.27,50.9,2,1,10
3946,1,3946,variant_high,14.99,15.0,2024-02-08,1,0,0,564.15,52.2,2,1,33
3947,1,3947,control,9.99,0.0,2025-01-15,1,1,1,160.24,50.1,1,0,62
3948,1,3948,control,9.99,0.0,2025-07-21,0,0,0,268.95,9.4,1,1,52
3949,1,3949,variant_high,14.99,15.0,2025-12-26,0,0,0,95.87,0.0,2,1,44
3950,1,3950,variant_high,14.99,15.0,2024-07-08,0,0,0,133.91,21.4,5,1,17
3951,1,3951,control,9.99,0.0,2025-04-18,0,0,0,77.36,13.9,1,0,41
3952,1,3952,variant_mid,12.99,10.0,2025-07-16,1,1,1,222.72,74.2,3,1,36
3953,1,3953,variant_high,14.99,15.0,2025-11-01,0,0,0,53.67,36.5,1,1,28
3954,1,3954,control,9.99,0.0,2025-04-28,0,0,0,51.11,21.2,3,1,66
3955,1,3955,variant_high,14.99,15.0,2024-06-25,1,1,0,129.72,80.6,3,1,16
3956,1,3956,variant_high,14.99,15.0,2025-10-13,1,0,0,124.27,35.4,4,1,56
3957,1,3957,control,9.99,0.0,2025-11-29,1,1,0,23.01,50.3,2,1,87
3958,1,3958,variant_high,14.99,15.0,2024-09-28,0,0,0,22.93,30.2,5,1,49
3959,1,3959,variant_high,14.99,15.0,2025-01-05,1,1,0,22.5,35.0,5,1,45
3960,1,3960,variant_high,14.99,15.0,2025-04-21,1,1,1,1104.23,45.4,3,1,72
3961,1,3961,variant_mid,12.99,10.0,2025-09-07,1,1,1,143.37,51.9,2,1,57
3962,1,3962,variant_mid,12.99,10.0,2025-03-07,0,0,0,35.3,23.2,2,1,55
3963,1,3963,variant_mid,12.99,10.0,2025-07-13,1,1,1,67.51,50.7,2,0,19
3964,1,3964,control,9.99,0.0,2025-07-31,1,0,0,197.43,58.8,1,1,26
3965,1,3965,control,9.99,0.0,2024-06-05,1,0,0,135.97,39.8,0,0,33
3966,1,3966,control,9.99,0.0,2024-09-02,1,1,1,30.1,75.3,5,0,75
3967,1,3967,variant_mid,12.99,10.0,2025-09-10,1,0,0,89.31,34.5,3,1,76
3968,1,3968,variant_high,14.99,15.0,2025-03-25,0,0,0,92.94,30.3,2,1,25
3969,1,3969,variant_high,14.99,15.0,2024-06-06,0,0,0,120.63,0.0,4,1,11
3970,1,3970,variant_mid,12.99,10.0,2025-02-02,0,0,0,60.12,29.3,2,1,15
3971,1,3971,variant_mid,12.99,10.0,2024-06-20,1,0,0,417.96,38.9,1,1,43
3972,1,3972,variant_mid,12.99,10.0,2024-02-12,1,1,1,98.19,69.3,0,1,12
3973,1,3973,variant_mid,12.99,10.0,2024-12-18,1,0,0,15.37,43.0,3,1,60
3974,1,3974,variant_high,14.99,15.0,2024-02-10,1,0,0,691.28,60.4,4,1,19
3975,1,3975,control,9.99,0.0,2025-12-02,0,0,0,489.91,0.0,2,1,26
3976,1,3976,control,9.99,0.0,2025-11-07,1,0,0,597.13,70.4,2,0,79
3977,1,3977,variant_mid,12.99,10.0,2024-06-27,0,0,0,162.5,5.5,3,1,7
3978,1,3978,variant_high,14.99,15.0,2025-04-21,1,1,0,400.78,73.7,5,1,80
3979,1,3979,variant_high,14.99,15.0,2024-10-23,0,0,0,21.96,23.3,4,1,83
3980,1,3980,variant_mid,12.99,10.0,2025-03-24,1,0,0,344.86,59.1,5,1,67
3981,1,3981,variant_mid,12.99,10.0,2025-01-16,0,0,0,132.55,0.7,4,1,54
3982,1,3982,variant_mid,12.99,10.0,2025-06-28,1,1,0,56.41,60.3,3,1,63
3983,1,3983,variant_mid,12.99,10.0,2025-07-27,1,0,0,665.15,86.3,1,1,76
3984,1,3984,control,9.99,0.0,2024-01-20,0,0,0,1290.64,0.0,3,1,9
3985,1,3985,control,9.99,0.0,2025-09-22,1,0,0,62.6,80.7,2,1,66
3986,1,3986,control,9.99,0.0,2024-06-19,1,1,1,132.04,65.1,1,1,45
3987,1,3987,variant_high,14.99,15.0,2025-04-11,1,0,0,156.98,94.2,3,1,86
3988,1,3988,variant_high,14.99,15.0,2025-04-24,1,1,0,188.89,55.7,7,1,58
3989,1,3989,variant_high,14.99,15.0,2025-04-07,0,0,0,95.5,11.3,3,0,76
3990,1,3990,variant_high,14.99,15.0,2025-06-19,1,0,0,52.48,86.3,3,1,78
3991,1,3991,variant_mid,12.99,10.0,2024-04-17,0,0,0,114.19,0.0,3,1,72
3992,1,3992,variant_mid,12.99,10.0,2025-04-10,0,0,0,1181.97,20.1,1,0,48
3993,1,3993,variant_high,14.99,15.0,2024-10-03,1,1,0,57.04,74.1,4,1,49
3994,1,3994,control,9.99,0.0,2024-11-08,1,1,1,508.82,65.9,1,0,21
3995,1,3995,control,9.99,0.0,2024-04-21,1,1,1,189.96,54.3,1,1,17
3996,1,3996,variant_mid,12.99,10.0,2025-03-09,0,0,0,417.74,13.8,2,1,78
3997,1,3997,control,9.99,0.0,2024-08-28,1,1,0,80.15,66.4,3,0,80
3998,1,3998,variant_mid,12.99,10.0,2025-06-03,1,0,0,63.75,85.7,9,1,86
3999,1,3999,variant_high,14.99,15.0,2024-12-31,1,1,1,193.79,46.9,2,0,47
4000,1,4000,variant_high,14.99,15.0,2024-11-08,1,0,0,74.24,94.0,1,1,64
4001,1,4001,control,9.99,0.0,2025-01-25,1,0,0,67.76,52.8,1,1,24
4002,1,4002,control,9.99,0.0,2025-02-28,1,0,0,23.85,57.2,4,1,44
4003,1,4003,variant_high,14.99,15.0,2025-05-20,0,0,0,50.47,23.9,2,0,44
4004,1,4004,variant_high,14.99,15.0,2024-03-17,0,0,0,36.59,0.0,3,1,57
4005,1,4005,control,9.99,0.0,2025-08-11,0,0,0,249.13,0.0,1,0,5
4006,1,4006,variant_high,14.99,15.0,2024-05-18,0,0,0,31.86,18.4,6,1,82
4007,1,4007,variant_high,14.99,15.0,2024-06-28,0,0,0,172.09,0.0,2,0,86
4008,1,4008,control,9.99,0.0,2025-07-23,0,0,0,115.72,0.0,0,1,55
4009,1,4009,variant_mid,12.99,10.0,2024-01-16,1,0,0,666.03,66.9,8,0,85
4010,1,4010,variant_high,14.99,15.0,2024-10-07,1,0,0,28.3,56.8,2,1,41
4011,1,4011,variant_high,14.99,15.0,2025-05-03,1,0,0,47.77,64.6,1,1,82
4012,1,4012,variant_mid,12.99,10.0,2025-07-25,0,0,0,35.32,20.8,0,1,19
4013,1,4013,variant_high,14.99,15.0,2025-11-03,0,0,0,39.37,4.9,5,0,82
4014,1,4014,variant_high,14.99,15.0,2025-05-26,1,1,0,128.88,23.7,4,1,2
4015,1,4015,control,9.99,0.0,2024-07-08,1,0,0,49.03,55.3,1,0,10
4016,1,4016,variant_mid,12.99,10.0,2024-10-11,1,0,0,32.52,39.4,0,1,54
4017,1,4017,variant_high,14.99,15.0,2024-01-31,1,1,1,116.91,44.6,5,1,56
4018,1,4018,control,9.99,0.0,2025-07-22,0,0,0,441.54,7.8,4,1,24
4019,1,4019,control,9.99,0.0,2024-01-24,0,0,0,14.73,17.8,2,1,8
4020,1,4020,variant_high,14.99,15.0,2024-04-11,0,0,0,282.1,3.6,3,1,48
4021,1,4021,variant_high,14.99,15.0,2025-12-11,1,0,0,412.26,43.2,0,1,85
4022,1,4022,control,9.99,0.0,2024-05-05,0,0,0,174.26,7.6,1,1,56
4023,1,4023,control,9.99,0.0,2024-08-01,1,0,0,73.07,68.6,4,1,34
4024,1,4024,variant_high,14.99,15.0,2024-11-06,0,0,0,126.76,23.7,6,0,1
4025,1,4025,control,9.99,0.0,2024-04-16,1,0,0,29.32,97.8,1,1,3
4026,1,4026,control,9.99,0.0,2025-04-23,0,0,0,365.0,45.1,3,0,28
4027,1,4027,variant_high,14.99,15.0,2024-09-03,0,0,0,81.81,37.1,1,1,21
4028,1,4028,variant_high,14.99,15.0,2024-08-23,0,0,0,16.92,16.4,3,1,75
4029,1,4029,variant_mid,12.99,10.0,2025-02-24,0,0,0,295.59,18.2,2,1,77
4030,1,4030,variant_mid,12.99,10.0,2024-08-26,1,0,0,273.22,50.9,1,1,85
4031,1,4031,variant_mid,12.99,10.0,2024-06-18,1,1,1,23.81,61.1,0,1,9
4032,1,4032,control,9.99,0.0,2025-09-24,0,0,0,259.27,3.3,5,1,81
4033,1,4033,variant_high,14.99,15.0,2025-03-11,1,0,0,354.58,70.6,3,0,45
4034,1,4034,variant_mid,12.99,10.0,2025-11-01,1,0,0,49.88,64.8,4,0,10
4035,1,4035,variant_mid,12.99,10.0,2024-09-29,1,0,0,125.55,49.2,2,0,62
4036,1,4036,variant_mid,12.99,10.0,2025-10-28,0,0,0,2969.2,0.0,1,1,30
4037,1,4037,variant_mid,12.99,10.0,2025-10-30,0,0,0,73.35,0.0,3,1,6
4038,1,4038,control,9.99,0.0,2024-01-29,1,0,0,270.77,60.7,4,1,57
4039,1,4039,variant_mid,12.99,10.0,2024-04-11,0,0,0,15.32,35.7,5,1,36
4040,1,4040,variant_mid,12.99,10.0,2025-08-12,1,1,1,149.24,55.9,2,1,29
4041,1,4041,variant_high,14.99,15.0,2024-08-08,0,0,0,67.11,4.3,1,1,41
4042,1,4042,variant_high,14.99,15.0,2025-07-13,1,1,0,387.36,49.0,3,0,71
4043,1,4043,control,9.99,0.0,2024-11-26,1,1,1,71.86,53.3,4,1,14
4044,1,4044,variant_mid,12.99,10.0,2024-07-23,0,0,0,619.09,0.0,2,1,82
4045,1,4045,variant_mid,12.99,10.0,2024-06-13,1,1,0,191.2,56.7,0,1,49
4046,1,4046,variant_mid,12.99,10.0,2024-06-25,0,0,0,53.94,25.5,3,1,17
4047,1,4047,variant_high,14.99,15.0,2025-05-14,0,0,0,177.44,0.5,6,1,69
4048,1,4048,variant_high,14.99,15.0,2024-02-08,0,0,0,39.84,6.7,1,0,54
4049,1,4049,control,9.99,0.0,2024-06-06,1,0,0,547.5,37.4,3,1,47
4050,1,4050,variant_high,14.99,15.0,2025-08-27,0,0,0,62.26,12.9,4,1,70
4051,1,4051,control,9.99,0.0,2024-08-21,0,0,0,17.11,14.2,3,1,10
4052,1,4052,control,9.99,0.0,2025-03-23,1,0,0,237.43,44.3,3,1,39
4053,1,4053,control,9.99,0.0,2024-08-23,1,1,0,222.18,100.0,2,1,77
4054,1,4054,variant_mid,12.99,10.0,2024-01-15,0,0,0,225.87,0.0,7,0,1
4055,1,4055,variant_mid,12.99,10.0,2024-12-10,0,0,0,64.56,0.0,2,1,50
4056,1,4056,variant_mid,12.99,10.0,2024-06-20,1,1,1,87.73,79.1,1,0,25
4057,1,4057,variant_mid,12.99,10.0,2025-07-05,0,0,0,466.95,28.0,2,1,14
4058,1,4058,control,9.99,0.0,2025-09-17,0,0,0,78.68,0.0,1,1,48
4059,1,4059,variant_mid,12.99,10.0,2025-10-11,1,1,0,262.05,88.3,2,1,20
4060,1,4060,control,9.99,0.0,2025-04-01,0,0,0,18.98,18.5,3,1,0
4061,1,4061,variant_mid,12.99,10.0,2024-03-13,0,0,0,371.79,7.3,1,0,71
4062,1,4062,variant_mid,12.99,10.0,2025-09-23,0,0,0,768.18,23.8,3,1,50
4063,1,4063,control,9.99,0.0,2025-09-21,1,1,1,74.61,50.0,1,1,0
4064,1,4064,variant_mid,12.99,10.0,2024-05-02,1,0,0,522.9,80.8,3,0,22
4065,1,4065,variant_high,14.99,15.0,2024-10-28,1,1,0,112.57,88.0,3,1,32
4066,1,4066,control,9.99,0.0,2025-12-09,0,0,0,99.34,12.3,2,1,58
4067,1,4067,variant_high,14.99,15.0,2025-08-20,1,0,0,611.61,49.5,3,1,15
4068,1,4068,control,9.99,0.0,2024-06-13,1,0,0,35.94,84.5,1,1,2
4069,1,4069,variant_high,14.99,15.0,2025-04-19,1,1,1,497.37,63.6,4,1,76
4070,1,4070,control,9.99,0.0,2024-08-22,0,0,0,141.95,0.0,1,1,65
4071,1,4071,variant_high,14.99,15.0,2025-10-05,0,0,0,15.5,0.0,4,1,36
4072,1,4072,control,9.99,0.0,2025-11-13,1,0,0,66.85,81.6,3,1,55
4073,1,4073,variant_high,14.99,15.0,2025-08-07,0,0,0,66.74,33.8,1,1,82
4074,1,4074,control,9.99,0.0,2024-08-25,0,0,0,253.21,20.4,1,1,5
4075,1,4075,variant_high,14.99,15.0,2024-10-26,0,0,0,71.29,0.0,3,1,13
4076,1,4076,control,9.99,0.0,2025-03-14,0,0,0,184.57,0.0,2,1,87
4077,1,4077,control,9.99,0.0,2025-12-05,0,0,0,272.57,0.0,3,1,72
4078,1,4078,control,9.99,0.0,2024-09-28,1,1,0,7.26,16.3,1,1,3
4079,1,4079,control,9.99,0.0,2025-02-15,0,0,0,116.88,41.1,2,1,73
4080,1,4080,variant_mid,12.99,10.0,2025-06-28,1,0,0,436.06,80.3,0,1,26
4081,1,4081,variant_mid,12.99,10.0,2024-10-06,0,0,0,15.45,16.6,3,1,10
4082,1,4082,variant_mid,12.99,10.0,2024-08-26,1,0,0,800.08,80.3,2,1,7
4083,1,4083,variant_mid,12.99,10.0,2024-10-22,1,1,1,107.37,50.8,3,1,36
4084,1,4084,control,9.99,0.0,2024-12-01,1,1,1,57.9,57.3,2,0,51
4085,1,4085,variant_high,14.99,15.0,2024-03-12,0,0,0,855.62,0.0,4,1,82
4086,1,4086,variant_high,14.99,15.0,2024-03-11,1,0,0,700.79,29.7,3,1,36
4087,1,4087,control,9.99,0.0,2025-06-12,1,0,0,72.44,56.0,0,1,82
4088,1,4088,variant_high,14.99,15.0,2025-11-03,0,0,0,140.47,10.6,1,1,0
4089,1,4089,control,9.99,0.0,2025-08-24,0,0,0,32.04,0.0,1,1,50
4090,1,4090,variant_mid,12.99,10.0,2025-10-26,1,0,0,168.89,46.5,3,1,53
4091,1,4091,variant_high,14.99,15.0,2025-09-20,1,1,0,173.33,50.5,3,1,69
4092,1,4092,variant_high,14.99,15.0,2025-08-28,1,0,0,231.27,62.1,2,1,83
4093,1,4093,variant_mid,12.99,10.0,2024-02-27,0,0,0,62.02,31.8,4,1,81
4094,1,4094,variant_mid,12.99,10.0,2025-10-14,0,0,0,252.23,5.6,3,1,60
4095,1,4095,variant_mid,12.99,10.0,2024-12-05,1,1,1,123.82,39.9,1,1,4
4096,1,4096,variant_mid,12.99,10.0,2025-04-03,0,0,0,100.29,0.0,8,0,72
4097,1,4097,variant_high,14.99,15.0,2025-10-19,1,0,0,487.73,59.4,2,0,46
4098,1,4098,variant_high,14.99,15.0,2024-03-05,1,0,0,470.65,66.5,1,1,13
4099,1,4099,control,9.99,0.0,2024-07-14,1,0,0,773.17,41.9,3,1,47
4100,1,4100,variant_mid,12.99,10.0,2024-02-28,0,0,0,85.93,18.3,3,0,3
4101,1,4101,variant_mid,12.99,10.0,2024-11-09,1,0,0,14.13,76.8,4,1,1
4102,1,4102,variant_high,14.99,15.0,2025-08-15,0,0,0,21.52,0.0,3,1,20
4103,1,4103,control,9.99,0.0,2025-01-01,1,1,1,208.85,48.5,1,1,70
4104,1,4104,variant_high,14.99,15.0,2025-01-22,1,0,0,462.88,47.6,0,1,0
4105,1,4105,variant_mid,12.99,10.0,2024-06-25,0,0,0,79.37,48.1,5,1,67
4106,1,4106,control,9.99,0.0,2024-08-06,0,0,0,38.29,17.8,0,1,76
4107,1,4107,control,9.99,0.0,2025-02-15,0,0,0,13.97,14.7,5,1,71
4108,1,4108,variant_high,14.99,15.0,2024-02-11,1,0,0,236.06,65.6,1,1,34
4109,1,4109,variant_high,14.99,15.0,2024-11-20,0,0,0,23.25,35.2,4,1,10
4110,1,4110,control,9.99,0.0,2026-01-01,1,1,0,39.55,64.2,1,0,81
4111,1,4111,control,9.99,0.0,2025-03-02,1,1,0,205.27,79.1,2,1,19
4112,1,4112,control,9.99,0.0,2024-03-31,0,0,0,159.44,0.0,4,1,85
4113,1,4113,variant_mid,12.99,10.0,2024-11-14,1,1,0,23.99,57.1,3,1,86
4114,1,4114,variant_mid,12.99,10.0,2024-09-26,1,0,0,307.39,57.9,2,1,52
4115,1,4115,control,9.99,0.0,2025-06-02,1,1,0,79.66,26.3,3,1,54
4116,1,4116,variant_high,14.99,15.0,2025-05-19,0,0,0,19.19,0.0,7,1,63
4117,1,4117,control,9.99,0.0,2025-12-19,1,0,0,177.8,62.8,2,1,1
4118,1,4118,variant_high,14.99,15.0,2025-04-15,0,0,0,81.52,25.2,2,0,81
4119,1,4119,variant_high,14.99,15.0,2024-07-08,1,0,0,246.26,97.2,1,1,34
4120,1,4120,control,9.99,0.0,2024-04-11,0,0,0,481.54,1.7,2,0,28
4121,1,4121,variant_high,14.99,15.0,2024-05-05,1,0,0,69.99,49.6,3,1,18
4122,1,4122,variant_high,14.99,15.0,2025-04-12,1,1,1,123.48,83.7,3,1,56
4123,1,4123,variant_high,14.99,15.0,2025-03-27,1,1,0,81.79,59.8,8,1,58
4124,1,4124,variant_mid,12.99,10.0,2024-09-02,0,0,0,39.41,4.6,1,1,2
4125,1,4125,variant_high,14.99,15.0,2025-07-10,1,0,0,62.79,73.1,2,0,48
4126,1,4126,variant_mid,12.99,10.0,2024-05-04,0,0,0,35.31,35.3,1,1,7
4127,1,4127,control,9.99,0.0,2025-06-10,0,0,0,31.35,0.0,1,1,86
4128,1,4128,variant_high,14.99,15.0,2025-04-10,0,0,0,51.74,29.9,5,1,9
4129,1,4129,variant_high,14.99,15.0,2024-05-24,1,0,0,106.97,60.2,4,1,64
4130,1,4130,control,9.99,0.0,2025-10-31,1,1,0,106.67,45.0,4,0,5
4131,1,4131,variant_mid,12.99,10.0,2025-10-07,1,0,0,128.76,64.2,2,1,80
4132,1,4132,variant_high,14.99,15.0,2025-07-15,0,0,0,122.7,0.0,2,1,66
4133,1,4133,variant_mid,12.99,10.0,2025-05-11,1,1,1,291.0,100.0,7,0,56
4134,1,4134,variant_mid,12.99,10.0,2024-05-12,0,0,0,541.17,10.6,1,1,72
4135,1,4135,control,9.99,0.0,2025-12-14,0,0,0,24.52,0.0,2,1,39
4136,1,4136,variant_mid,12.99,10.0,2024-05-20,1,0,0,36.6,45.9,4,1,3
4137,1,4137,variant_mid,12.99,10.0,2025-08-31,1,1,1,48.86,75.5,2,1,58
4138,1,4138,variant_high,14.99,15.0,2024-12-09,1,0,0,1343.41,53.3,6,1,75
4139,1,4139,variant_mid,12.99,10.0,2025-05-23,1,1,1,311.46,60.0,0,1,63
4140,1,4140,variant_mid,12.99,10.0,2024-01-25,0,0,0,85.5,9.8,1,1,10
4141,1,4141,control,9.99,0.0,2024-09-04,0,0,0,51.08,28.5,4,1,63
4142,1,4142,variant_high,14.99,15.0,2024-01-21,0,0,0,206.44,30.1,1,0,77
4143,1,4143,control,9.99,0.0,2025-06-26,1,0,0,259.24,24.9,3,0,3
4144,1,4144,variant_mid,12.99,10.0,2024-07-09,0,0,0,175.72,15.0,3,0,1
4145,1,4145,variant_high,14.99,15.0,2024-08-29,0,0,0,144.08,16.8,4,1,87
4146,1,4146,variant_high,14.99,15.0,2024-03-27,1,0,0,81.66,34.9,3,1,3
4147,1,4147,control,9.99,0.0,2024-04-17,0,0,0,188.02,23.0,0,1,5
4148,1,4148,variant_high,14.99,15.0,2025-02-07,0,0,0,57.74,1.9,4,1,83
4149,1,4149,control,9.99,0.0,2024-09-15,1,1,1,71.82,77.9,3,1,77
4150,1,4150,control,9.99,0.0,2024-02-14,1,1,1,76.72,64.5,4,0,37
4151,1,4151,variant_high,14.99,15.0,2025-09-05,1,1,0,213.81,51.2,4,1,37
4152,1,4152,control,9.99,0.0,2024-07-07,1,1,1,81.62,54.5,1,1,51
4153,1,4153,variant_mid,12.99,10.0,2024-02-16,0,0,0,28.57,0.0,2,0,41
4154,1,4154,variant_high,14.99,15.0,2024-02-21,1,0,0,103.58,67.5,6,1,75
4155,1,4155,control,9.99,0.0,2024-10-26,0,0,0,80.96,0.0,2,1,55
4156,1,4156,variant_high,14.99,15.0,2025-02-07,1,0,0,92.58,69.7,1,1,35
4157,1,4157,variant_mid,12.99,10.0,2024-04-16,0,0,0,21.3,1.2,1,1,74
4158,1,4158,variant_mid,12.99,10.0,2024-09-15,0,0,0,14.23,11.7,2,1,79
4159,1,4159,variant_mid,12.99,10.0,2024-09-29,1,0,0,27.52,53.8,2,1,10
4160,1,4160,variant_mid,12.99,10.0,2024-03-17,1,0,0,157.91,56.1,2,0,86
4161,1,4161,variant_high,14.99,15.0,2025-04-30,1,0,0,760.36,74.9,3,1,71
4162,1,4162,variant_high,14.99,15.0,2024-09-28,0,0,0,210.67,24.7,3,1,60
4163,1,4163,variant_mid,12.99,10.0,2025-06-06,1,0,0,164.14,48.1,2,1,71
4164,1,4164,variant_high,14.99,15.0,2024-01-16,0,0,0,75.54,40.7,6,1,37
4165,1,4165,variant_mid,12.99,10.0,2024-02-05,1,0,0,71.64,32.8,2,1,29
4166,1,4166,variant_high,14.99,15.0,2025-09-14,1,0,0,609.71,56.2,4,1,58
4167,1,4167,control,9.99,0.0,2024-09-10,0,0,0,170.88,0.0,3,1,58
4168,1,4168,control,9.99,0.0,2024-09-25,0,0,0,101.94,27.4,0,1,39
4169,1,4169,control,9.99,0.0,2024-11-12,1,1,0,131.01,30.7,2,1,67
4170,1,4170,variant_mid,12.99,10.0,2025-05-20,1,0,0,338.95,42.9,1,0,26
4171,1,4171,control,9.99,0.0,2025-06-04,0,0,0,61.79,0.0,1,1,83
4172,1,4172,variant_mid,12.99,10.0,2025-06-05,0,0,0,35.09,0.0,5,1,42
4173,1,4173,variant_high,14.99,15.0,2025-10-08,1,1,0,104.77,56.2,4,1,78
4174,1,4174,control,9.99,0.0,2025-02-21,1,0,0,93.81,80.2,0,1,60
4175,1,4175,variant_mid,12.99,10.0,2024-07-22,1,0,0,29.95,65.2,3,1,50
4176,1,4176,control,9.99,0.0,2025-03-17,0,0,0,23.05,24.2,4,1,62
4177,1,4177,variant_mid,12.99,10.0,2024-08-11,0,0,0,151.95,26.2,3,1,87
4178,1,4178,control,9.99,0.0,2024-11-22,0,0,0,33.23,13.1,3,1,20
4179,1,4179,variant_high,14.99,15.0,2024-02-01,0,0,0,207.15,35.0,2,1,23
4180,1,4180,control,9.99,0.0,2024-11-05,0,0,0,335.89,21.3,0,0,9
4181,1,4181,variant_high,14.99,15.0,2025-03-19,0,0,0,53.9,0.0,4,1,50
4182,1,4182,control,9.99,0.0,2024-08-17,1,0,0,121.89,81.1,3,0,7
4183,1,4183,variant_high,14.99,15.0,2024-03-29,0,0,0,238.13,0.0,2,1,42
4184,1,4184,control,9.99,0.0,2024-02-27,0,0,0,645.98,7.2,1,1,30
4185,1,4185,control,9.99,0.0,2024-04-14,0,0,0,211.26,0.0,3,1,56
4186,1,4186,variant_high,14.99,15.0,2024-09-26,0,0,0,24.52,8.8,4,1,81
4187,1,4187,control,9.99,0.0,2026-01-05,1,0,0,25.51,62.3,5,1,62
4188,1,4188,variant_mid,12.99,10.0,2024-12-20,0,0,0,231.32,15.2,2,1,46
4189,1,4189,variant_high,14.99,15.0,2025-10-29,1,1,1,49.64,76.0,4,1,76
4190,1,4190,variant_mid,12.99,10.0,2024-04-21,1,0,0,35.27,100.0,5,1,8
4191,1,4191,control,9.99,0.0,2025-12-28,0,0,0,34.38,20.6,4,1,67
4192,1,4192,variant_high,14.99,15.0,2025-11-09,1,1,0,11.97,70.4,3,0,19
4193,1,4193,variant_mid,12.99,10.0,2024-03-17,0,0,0,658.51,15.1,2,1,37
4194,1,4194,variant_high,14.99,15.0,2024-01-10,0,0,0,48.39,30.1,6,1,72
4195,1,4195,variant_high,14.99,15.0,2025-04-16,0,0,0,86.28,17.5,1,1,38
4196,1,4196,variant_high,14.99,15.0,2024-07-02,1,0,0,113.41,74.5,6,1,86
4197,1,4197,variant_mid,12.99,10.0,2025-04-12,0,0,0,200.6,0.0,6,1,76
4198,1,4198,control,9.99,0.0,2025-05-19,0,0,0,71.28,49.3,2,0,41
4199,1,4199,variant_high,14.99,15.0,2024-03-05,0,0,0,242.16,0.0,5,1,24
4200,1,4200,variant_high,14.99,15.0,2025-09-13,0,0,0,54.82,0.0,2,1,79
4201,1,4201,variant_high,14.99,15.0,2025-09-29,0,0,0,70.72,23.8,4,1,20
4202,1,4202,variant_high,14.99,15.0,2024-12-24,1,1,1,41.97,66.7,3,1,32
4203,1,4203,control,9.99,0.0,2025-11-11,0,0,0,26.91,0.0,4,1,48
4204,1,4204,control,9.99,0.0,2025-03-08,1,0,0,33.98,54.6,2,1,77
4205,1,4205,control,9.99,0.0,2025-07-02,0,0,0,54.91,30.9,2,1,25
4206,1,4206,variant_mid,12.99,10.0,2024-07-27,0,0,0,118.07,0.0,1,0,77
4207,1,4207,variant_mid,12.99,10.0,2025-04-09,1,1,1,9.79,45.9,1,1,23
4208,1,4208,control,9.99,0.0,2025-11-30,0,0,0,137.99,40.5,1,1,69
4209,1,4209,variant_mid,12.99,10.0,2025-07-22,0,0,0,86.1,22.8,5,1,4
4210,1,4210,control,9.99,0.0,2025-04-22,0,0,0,539.82,36.3,4,1,52
4211,1,4211,variant_mid,12.99,10.0,2024-10-31,1,0,0,112.57,53.9,1,1,80
4212,1,4212,control,9.99,0.0,2024-04-05,0,0,0,782.26,0.0,1,1,81
4213,1,4213,control,9.99,0.0,2024-09-23,1,0,0,73.42,53.1,4,1,55
4214,1,4214,variant_mid,12.99,10.0,2025-06-28,1,0,0,39.14,96.0,0,1,73
4215,1,4215,control,9.99,0.0,2025-01-29,1,1,1,26.16,97.4,3,1,3
4216,1,4216,variant_mid,12.99,10.0,2024-04-05,0,0,0,64.25,0.0,2,1,68
4217,1,4217,variant_mid,12.99,10.0,2024-06-27,1,1,0,115.53,66.9,1,1,4
4218,1,4218,variant_high,14.99,15.0,2024-11-03,1,1,1,74.39,52.5,3,1,10
4219,1,4219,control,9.99,0.0,2024-02-15,1,1,1,214.08,71.6,1,1,84
4220,1,4220,control,9.99,0.0,2025-01-13,0,0,0,125.72,36.6,2,0,22
4221,1,4221,variant_high,14.99,15.0,2025-11-03,1,0,0,34.97,44.6,5,1,44
4222,1,4222,control,9.99,0.0,2025-06-21,0,0,0,50.12,37.2,2,1,87
4223,1,4223,variant_mid,12.99,10.0,2025-11-17,0,0,0,93.64,14.0,3,0,62
4224,1,4224,variant_high,14.99,15.0,2026-01-16,1,1,1,32.73,33.8,2,1,16
4225,1,4225,control,9.99,0.0,2024-02-18,0,0,0,57.36,39.8,3,1,43
4226,1,4226,variant_high,14.99,15.0,2024-10-03,1,1,1,16.72,59.2,4,1,42
4227,1,4227,variant_mid,12.99,10.0,2024-06-09,1,0,0,54.42,53.2,2,1,69
4228,1,4228,variant_high,14.99,15.0,2025-05-14,1,0,0,94.29,71.7,3,1,38
4229,1,4229,variant_high,14.99,15.0,2024-01-31,1,1,1,99.54,56.8,3,1,54
4230,1,4230,variant_high,14.99,15.0,2025-05-16,1,1,0,141.32,52.4,3,1,82
4231,1,4231,control,9.99,0.0,2024-10-09,0,0,0,14.14,29.2,0,1,53
4232,1,4232,variant_mid,12.99,10.0,2024-06-01,1,0,0,342.3,66.1,4,1,61
4233,1,4233,variant_mid,12.99,10.0,2024-06-04,0,0,0,13.17,0.0,3,0,73
4234,1,4234,variant_mid,12.99,10.0,2025-04-19,1,1,1,22.93,100.0,4,1,58
4235,1,4235,variant_high,14.99,15.0,2024-12-16,1,0,0,14.31,73.4,2,1,10
4236,1,4236,variant_mid,12.99,10.0,2025-10-15,0,0,0,36.87,11.2,3,1,59
4237,1,4237,variant_mid,12.99,10.0,2025-12-27,0,0,0,25.96,7.0,0,1,15
4238,1,4238,variant_mid,12.99,10.0,2025-02-27,1,0,0,243.92,94.4,4,1,51
4239,1,4239,control,9.99,0.0,2025-06-03,1,0,0,111.24,68.5,0,0,41
4240,1,4240,variant_mid,12.99,10.0,2025-01-01,1,1,0,52.92,72.4,3,0,42
4241,1,4241,control,9.99,0.0,2024-10-29,1,0,0,821.16,71.9,1,1,61
4242,1,4242,variant_mid,12.99,10.0,2025-04-24,0,0,0,132.28,1.3,1,1,5
4243,1,4243,control,9.99,0.0,2024-01-10,1,0,0,176.84,69.0,2,1,82
4244,1,4244,variant_high,14.99,15.0,2025-08-16,0,0,0,51.48,23.8,4,1,55
4245,1,4245,control,9.99,0.0,2025-05-29,1,1,1,93.79,60.1,0,0,70
4246,1,4246,variant_mid,12.99,10.0,2024-06-19,0,0,0,178.24,2.9,2,1,18
4247,1,4247,variant_mid,12.99,10.0,2024-01-17,0,0,0,63.54,0.0,4,1,73
4248,1,4248,variant_mid,12.99,10.0,2024-05-11,0,0,0,62.19,34.2,3,0,17
4249,1,4249,variant_mid,12.99,10.0,2025-05-27,0,0,0,231.1,0.0,2,1,59
4250,1,4250,variant_high,14.99,15.0,2025-05-03,0,0,0,145.49,1.5,1,0,38
4251,1,4251,control,9.99,0.0,2025-05-01,1,0,0,6.73,84.3,2,0,76
4252,1,4252,variant_high,14.99,15.0,2024-02-09,0,0,0,211.32,28.6,4,1,80
4253,1,4253,variant_mid,12.99,10.0,2024-01-31,1,0,0,52.13,39.7,2,1,79
4254,1,4254,variant_high,14.99,15.0,2025-08-26,1,0,0,33.57,61.9,5,1,54
4255,1,4255,variant_high,14.99,15.0,2024-12-13,1,0,0,123.91,66.4,0,1,38
4256,1,4256,variant_mid,12.99,10.0,2024-08-12,1,0,0,98.02,60.9,3,0,32
4257,1,4257,control,9.99,0.0,2024-02-27,1,1,0,114.32,75.3,1,1,71
4258,1,4258,variant_mid,12.99,10.0,2024-03-28,0,0,0,43.51,12.5,3,1,7
4259,1,4259,variant_mid,12.99,10.0,2025-07-06,1,0,0,57.08,60.6,2,1,67
4260,1,4260,control,9.99,0.0,2025-07-21,0,0,0,123.28,14.6,1,1,22
4261,1,4261,variant_mid,12.99,10.0,2024-08-09,0,0,0,209.5,2.4,2,0,26
4262,1,4262,variant_high,14.99,15.0,2024-06-14,1,0,0,32.64,88.5,5,1,76
4263,1,4263,variant_high,14.99,15.0,2024-08-19,0,0,0,52.71,0.0,2,0,15
4264,1,4264,control,9.99,0.0,2024-11-06,0,0,0,115.82,0.0,4,1,47
4265,1,4265,variant_high,14.99,15.0,2025-09-12,1,0,0,149.08,82.7,2,1,62
4266,1,4266,variant_mid,12.99,10.0,2024-11-10,0,0,0,106.38,0.0,2,1,65
4267,1,4267,control,9.99,0.0,2025-07-24,1,0,0,203.35,56.0,1,0,1
4268,1,4268,variant_mid,12.99,10.0,2025-08-29,0,0,0,479.71,0.0,3,0,46
4269,1,4269,variant_mid,12.99,10.0,2025-03-12,0,0,0,46.03,26.6,1,1,56
4270,1,4270,variant_mid,12.99,10.0,2024-07-18,0,0,0,36.94,0.0,3,0,57
4271,1,4271,variant_high,14.99,15.0,2026-01-08,1,0,0,97.21,52.8,3,0,15
4272,1,4272,control,9.99,0.0,2025-04-16,1,1,1,39.45,33.5,2,1,89
4273,1,4273,variant_mid,12.99,10.0,2025-05-30,0,0,0,1723.6,10.5,1,1,66
4274,1,4274,control,9.99,0.0,2026-01-09,0,0,0,1149.51,16.3,2,1,64
4275,1,4275,control,9.99,0.0,2025-04-11,0,0,0,103.98,18.3,1,1,60
4276,1,4276,control,9.99,0.0,2025-03-18,0,0,0,64.99,16.2,2,1,85
4277,1,4277,variant_high,14.99,15.0,2025-09-08,0,0,0,115.3,0.0,4,1,8
4278,1,4278,variant_mid,12.99,10.0,2024-05-01,1,0,0,74.75,23.7,2,1,51
4279,1,4279,variant_mid,12.99,10.0,2025-12-12,0,0,0,94.57,38.5,3,1,48
4280,1,4280,variant_mid,12.99,10.0,2024-08-01,0,0,0,97.82,2.5,2,1,89
4281,1,4281,control,9.99,0.0,2025-12-08,1,1,0,50.83,61.6,3,1,85
4282,1,4282,control,9.99,0.0,2025-02-02,1,0,0,21.09,59.0,3,1,61
4283,1,4283,variant_mid,12.99,10.0,2025-10-12,1,1,0,291.2,42.3,4,1,64
4284,1,4284,variant_high,14.99,15.0,2024-08-31,1,1,0,32.15,51.3,6,1,8
4285,1,4285,variant_high,14.99,15.0,2025-07-18,1,1,1,280.48,30.9,4,1,67
4286,1,4286,control,9.99,0.0,2025-01-19,0,0,0,246.0,0.0,1,1,26
4287,1,4287,variant_mid,12.99,10.0,2025-04-24,1,0,0,157.29,87.6,5,1,30
4288,1,4288,variant_mid,12.99,10.0,2025-02-06,1,1,1,51.45,87.0,1,0,1
4289,1,4289,variant_high,14.99,15.0,2025-12-27,1,0,0,86.07,74.9,3,0,38
4290,1,4290,control,9.99,0.0,2025-06-20,0,0,0,44.88,18.9,2,1,74
4291,1,4291,control,9.99,0.0,2024-07-17,1,1,1,81.71,59.7,2,1,5
4292,1,4292,variant_high,14.99,15.0,2025-04-14,0,0,0,1729.16,32.9,5,1,0
4293,1,4293,control,9.99,0.0,2024-10-14,0,0,0,27.39,2.8,4,1,1
4294,1,4294,variant_high,14.99,15.0,2025-06-08,1,0,0,135.26,74.3,3,1,35
4295,1,4295,variant_mid,12.99,10.0,2024-12-29,1,0,0,73.56,100.0,1,0,0
4296,1,4296,variant_mid,12.99,10.0,2024-06-19,1,1,0,60.98,48.5,2,1,6
4297,1,4297,control,9.99,0.0,2024-06-14,1,1,1,117.87,65.0,0,1,76
4298,1,4298,variant_high,14.99,15.0,2024-11-18,0,0,0,332.46,25.3,5,1,56
4299,1,4299,control,9.99,0.0,2024-12-18,0,0,0,331.06,37.4,1,1,33
4300,1,4300,variant_mid,12.99,10.0,2025-09-10,0,0,0,663.9,11.4,3,1,23
4301,1,4301,control,9.99,0.0,2025-04-20,0,0,0,35.12,23.6,1,1,82
4302,1,4302,control,9.99,0.0,2025-07-13,0,0,0,90.4,3.8,1,1,62
4303,1,4303,variant_high,14.99,15.0,2024-04-24,0,0,0,7.71,30.3,6,1,78
4304,1,4304,control,9.99,0.0,2024-05-25,1,1,1,37.89,74.6,1,1,75
4305,1,4305,variant_mid,12.99,10.0,2024-02-16,1,1,0,306.65,57.7,6,1,18
4306,1,4306,variant_high,14.99,15.0,2024-03-03,0,0,0,296.97,0.0,2,1,82
4307,1,4307,variant_mid,12.99,10.0,2024-04-24,0,0,0,98.94,22.6,2,1,48
4308,1,4308,variant_mid,12.99,10.0,2025-04-23,0,0,0,46.91,27.7,4,1,27
4309,1,4309,control,9.99,0.0,2024-12-13,1,1,1,364.75,49.4,2,1,47
4310,1,4310,variant_high,14.99,15.0,2024-11-29,0,0,0,197.88,9.8,4,1,9
4311,1,4311,control,9.99,0.0,2025-07-09,0,0,0,52.0,3.2,4,1,82
4312,1,4312,variant_mid,12.99,10.0,2024-10-28,1,1,0,175.3,70.0,2,1,6
4313,1,4313,variant_high,14.99,15.0,2024-01-15,1,0,0,138.69,49.2,1,1,88
4314,1,4314,variant_high,14.99,15.0,2024-01-25,0,0,0,23.74,3.1,1,0,46
4315,1,4315,control,9.99,0.0,2024-05-12,1,0,0,274.51,67.6,2,1,11
4316,1,4316,variant_mid,12.99,10.0,2024-10-17,0,0,0,15.97,22.1,0,1,1
4317,1,4317,variant_high,14.99,15.0,2025-10-11,0,0,0,59.18,32.9,2,1,82
4318,1,4318,variant_high,14.99,15.0,2024-05-18,1,1,0,884.74,49.9,4,0,69
4319,1,4319,variant_mid,12.99,10.0,2025-06-26,1,0,0,131.27,73.6,0,1,1
4320,1,4320,control,9.99,0.0,2024-02-05,0,0,0,80.19,13.7,2,0,14
4321,1,4321,variant_mid,12.99,10.0,2024-03-31,0,0,0,54.56,0.0,2,1,17
4322,1,4322,variant_high,14.99,15.0,2024-11-03,0,0,0,43.61,6.1,3,0,40
4323,1,4323,control,9.99,0.0,2025-04-10,1,0,0,164.02,38.2,1,0,9
4324,1,4324,variant_high,14.99,15.0,2025-09-06,0,0,0,25.69,38.4,6,1,88
4325,1,4325,variant_mid,12.99,10.0,2025-07-10,0,0,0,105.56,0.2,2,0,26
4326,1,4326,variant_high,14.99,15.0,2025-10-14,1,0,0,49.13,23.7,3,1,45
4327,1,4327,control,9.99,0.0,2024-11-25,1,0,0,120.9,87.7,1,1,63
4328,1,4328,control,9.99,0.0,2024-07-03,1,0,0,190.01,59.2,5,1,83
4329,1,4329,control,9.99,0.0,2024-11-04,0,0,0,43.2,30.2,1,0,8
4330,1,4330,variant_high,14.99,15.0,2024-08-01,1,0,0,26.15,39.0,2,1,41
4331,1,4331,variant_high,14.99,15.0,2024-09-25,0,0,0,979.43,10.4,3,1,34
4332,1,4332,variant_mid,12.99,10.0,2024-03-26,1,0,0,114.3,69.6,3,1,35
4333,1,4333,variant_high,14.99,15.0,2025-08-02,0,0,0,66.97,0.0,3,0,72
4334,1,4334,variant_mid,12.99,10.0,2025-11-04,0,0,0,49.02,19.0,0,1,73
4335,1,4335,variant_high,14.99,15.0,2024-03-15,0,0,0,133.53,17.4,3,1,15
4336,1,4336,control,9.99,0.0,2024-03-07,0,0,0,119.57,67.5,0,1,83
4337,1,4337,control,9.99,0.0,2025-08-10,0,0,0,127.42,26.2,0,1,80
4338,1,4338,variant_mid,12.99,10.0,2025-11-16,1,0,0,1133.03,55.6,3,1,36
4339,1,4339,variant_high,14.99,15.0,2024-01-25,1,0,0,140.92,65.5,6,1,46
4340,1,4340,variant_high,14.99,15.0,2025-04-22,0,0,0,70.93,27.1,5,1,23
4341,1,4341,control,9.99,0.0,2024-10-29,1,0,0,185.83,64.9,0,0,45
4342,1,4342,variant_high,14.99,15.0,2025-08-07,1,0,0,94.2,60.8,1,1,58
4343,1,4343,variant_high,14.99,15.0,2025-01-12,1,1,0,84.89,43.3,5,1,26
4344,1,4344,variant_high,14.99,15.0,2024-06-15,0,0,0,62.21,39.3,2,1,50
4345,1,4345,variant_mid,12.99,10.0,2024-08-17,0,0,0,29.27,4.7,6,0,26
4346,1,4346,variant_mid,12.99,10.0,2025-04-03,0,0,0,257.8,0.0,4,1,46
4347,1,4347,control,9.99,0.0,2024-07-09,1,0,0,483.97,69.5,2,1,55
4348,1,4348,variant_mid,12.99,10.0,2024-03-24,1,1,1,31.48,62.3,3,0,33
4349,1,4349,control,9.99,0.0,2025-01-28,0,0,0,33.99,3.2,2,1,22
4350,1,4350,variant_mid,12.99,10.0,2025-05-14,0,0,0,25.88,14.2,1,1,85
4351,1,4351,variant_mid,12.99,10.0,2025-08-16,1,0,0,93.26,46.9,3,1,6
4352,1,4352,variant_mid,12.99,10.0,2025-03-31,1,0,0,444.35,80.4,0,1,49
4353,1,4353,variant_high,14.99,15.0,2024-10-29,0,0,0,68.72,2.0,2,1,23
4354,1,4354,variant_mid,12.99,10.0,2025-09-05,1,0,0,325.09,64.3,3,1,63
4355,1,4355,variant_mid,12.99,10.0,2024-12-09,0,0,0,80.13,0.0,1,1,7
4356,1,4356,control,9.99,0.0,2025-04-28,0,0,0,379.58,22.8,2,1,51
4357,1,4357,control,9.99,0.0,2025-10-24,0,0,0,83.03,8.4,0,1,39
4358,1,4358,control,9.99,0.0,2025-12-13,0,0,0,384.1,16.0,2,1,3
4359,1,4359,control,9.99,0.0,2024-11-21,1,0,0,10.19,53.8,1,1,85
4360,1,4360,variant_mid,12.99,10.0,2025-01-08,1,1,1,117.98,60.2,1,1,4
4361,1,4361,variant_mid,12.99,10.0,2025-10-08,1,0,0,92.65,57.9,0,1,55
4362,1,4362,variant_high,14.99,15.0,2025-02-24,0,0,0,48.52,25.0,4,1,77
4363,1,4363,control,9.99,0.0,2025-07-12,0,0,0,101.46,22.4,2,0,54
4364,1,4364,control,9.99,0.0,2024-03-15,0,0,0,64.32,0.0,2,1,18
4365,1,4365,variant_high,14.99,15.0,2025-09-08,0,0,0,51.3,12.8,1,1,53
4366,1,4366,control,9.99,0.0,2024-04-08,1,0,0,87.13,60.7,0,0,65
4367,1,4367,variant_mid,12.99,10.0,2024-10-15,1,0,0,58.52,50.7,2,0,74
4368,1,4368,variant_high,14.99,15.0,2024-05-10,0,0,0,175.49,18.5,4,0,12
4369,1,4369,variant_mid,12.99,10.0,2025-11-14,1,1,1,586.24,62.5,3,1,86
4370,1,4370,control,9.99,0.0,2024-04-09,0,0,0,43.12,7.0,2,1,33
4371,1,4371,control,9.99,0.0,2025-02-07,1,1,1,41.86,48.6,1,1,4
4372,1,4372,variant_high,14.99,15.0,2024-04-30,1,1,0,23.22,70.0,2,1,9
4373,1,4373,variant_high,14.99,15.0,2024-01-17,1,1,1,650.15,59.2,0,1,84
4374,1,4374,variant_high,14.99,15.0,2024-07-10,0,0,0,130.07,0.0,2,1,48
4375,1,4375,control,9.99,0.0,2024-03-16,1,0,0,55.14,61.5,0,1,25
4376,1,4376,variant_mid,12.99,10.0,2024-08-06,1,1,1,36.61,80.3,4,1,17
4377,1,4377,variant_high,14.99,15.0,2024-05-07,1,1,1,311.84,52.3,1,0,13
4378,1,4378,control,9.99,0.0,2025-05-22,1,0,0,248.74,71.5,3,0,78
4379,1,4379,variant_high,14.99,15.0,2024-05-24,1,0,0,87.49,49.6,0,1,68
4380,1,4380,variant_high,14.99,15.0,2025-01-04,0,0,0,196.65,0.0,4,0,50
4381,1,4381,control,9.99,0.0,2024-01-07,0,0,0,425.1,7.4,2,1,53
4382,1,4382,control,9.99,0.0,2025-11-12,0,0,0,60.34,3.7,1,0,31
4383,1,4383,variant_mid,12.99,10.0,2024-11-29,0,0,0,49.5,7.3,3,1,7
4384,1,4384,variant_mid,12.99,10.0,2024-09-18,0,0,0,128.64,36.2,6,1,34
4385,1,4385,variant_mid,12.99,10.0,2024-08-29,1,0,0,264.26,46.0,0,1,58
4386,1,4386,variant_high,14.99,15.0,2024-02-19,1,0,0,30.72,72.8,5,1,38
4387,1,4387,variant_mid,12.99,10.0,2024-07-25,0,0,0,81.51,0.0,2,1,31
4388,1,4388,control,9.99,0.0,2025-09-28,1,1,1,28.74,33.2,1,0,47
4389,1,4389,control,9.99,0.0,2024-10-14,0,0,0,461.04,0.0,3,1,3
4390,1,4390,variant_mid,12.99,10.0,2025-09-07,1,1,1,18.99,77.5,0,1,3
4391,1,4391,variant_mid,12.99,10.0,2024-05-29,1,1,1,61.48,55.2,5,0,15
4392,1,4392,variant_high,14.99,15.0,2024-10-03,1,0,0,80.21,82.6,3,1,4
4393,1,4393,control,9.99,0.0,2025-04-08,1,0,0,91.14,54.4,2,0,5
4394,1,4394,variant_high,14.99,15.0,2024-03-06,0,0,0,33.86,10.6,6,1,2
4395,1,4395,control,9.99,0.0,2024-09-21,0,0,0,248.45,0.0,4,1,54
4396,1,4396,variant_high,14.99,15.0,2025-10-12,0,0,0,416.74,22.9,4,1,17
4397,1,4397,control,9.99,0.0,2025-01-09,0,0,0,45.36,9.3,2,0,1
4398,1,4398,variant_mid,12.99,10.0,2025-11-19,1,0,0,145.29,87.7,3,1,17
4399,1,4399,variant_mid,12.99,10.0,2024-04-23,1,1,0,72.53,81.9,5,0,7
4400,1,4400,variant_high,14.99,15.0,2026-01-15,0,0,0,11.38,3.6,2,0,46
4401,1,4401,control,9.99,0.0,2025-10-15,1,1,0,274.84,100.0,2,1,49
4402,1,4402,variant_mid,12.99,10.0,2024-10-21,1,0,0,77.29,81.6,2,1,36
4403,1,4403,variant_mid,12.99,10.0,2025-03-01,0,0,0,21.64,8.6,0,1,76
4404,1,4404,variant_mid,12.99,10.0,2024-04-06,0,0,0,203.84,12.0,1,0,54
4405,1,4405,control,9.99,0.0,2024-04-30,0,0,0,47.6,1.8,2,1,84
4406,1,4406,control,9.99,0.0,2024-10-10,0,0,0,45.32,56.8,3,0,39
4407,1,4407,variant_high,14.99,15.0,2024-09-03,1,1,1,33.11,94.3,3,1,85
4408,1,4408,variant_mid,12.99,10.0,2025-03-10,0,0,0,227.59,14.4,6,0,47
4409,1,4409,control,9.99,0.0,2025-11-02,0,0,0,88.15,0.0,5,1,12
4410,1,4410,control,9.99,0.0,2024-02-14,1,0,0,174.24,30.9,2,1,1
4411,1,4411,variant_mid,12.99,10.0,2025-09-09,1,0,0,139.58,60.4,4,1,57
4412,1,4412,variant_high,14.99,15.0,2024-07-30,0,0,0,56.03,3.6,2,1,80
4413,1,4413,variant_high,14.99,15.0,2025-05-02,0,0,0,16.72,34.4,1,1,21
4414,1,4414,variant_high,14.99,15.0,2025-11-24,0,0,0,103.56,0.0,4,1,54
4415,1,4415,variant_mid,12.99,10.0,2025-07-09,1,1,0,330.33,62.6,4,1,70
4416,1,4416,variant_mid,12.99,10.0,2024-02-08,1,1,1,88.33,72.4,2,0,9
4417,1,4417,variant_high,14.99,15.0,2025-03-20,1,0,0,76.98,60.5,5,0,13
4418,1,4418,control,9.99,0.0,2024-05-04,0,0,0,62.85,19.9,4,1,14
4419,1,4419,variant_high,14.99,15.0,2024-07-06,1,1,0,165.06,50.9,3,1,42
4420,1,4420,control,9.99,0.0,2025-03-06,0,0,0,100.67,22.5,1,1,80
4421,1,4421,variant_mid,12.99,10.0,2025-03-07,1,1,1,102.92,83.5,0,1,56
4422,1,4422,variant_high,14.99,15.0,2025-12-07,1,1,0,13.97,50.2,6,1,49
4423,1,4423,variant_high,14.99,15.0,2024-08-01,1,1,1,18.94,58.5,1,1,68
4424,1,4424,variant_high,14.99,15.0,2025-11-18,1,1,0,290.75,61.3,4,0,60
4425,1,4425,variant_high,14.99,15.0,2024-11-18,0,0,0,211.66,24.3,2,0,16
4426,1,4426,variant_mid,12.99,10.0,2024-07-19,1,0,0,268.02,72.2,4,0,33
4427,1,4427,variant_mid,12.99,10.0,2025-04-04,1,0,0,53.09,39.2,3,1,18
4428,1,4428,variant_mid,12.99,10.0,2025-03-29,1,1,1,149.65,64.2,2,1,4
4429,1,4429,control,9.99,0.0,2025-10-22,0,0,0,512.68,3.9,4,1,41
4430,1,4430,variant_mid,12.99,10.0,2025-12-10,1,1,0,72.42,73.5,3,1,8
4431,1,4431,control,9.99,0.0,2025-05-15,1,1,1,45.78,53.9,0,0,87
4432,1,4432,variant_high,14.99,15.0,2025-04-11,0,0,0,252.08,12.7,3,1,51
4433,1,4433,variant_high,14.99,15.0,2024-08-08,0,0,0,17.69,0.0,5,1,85
4434,1,4434,control,9.99,0.0,2024-06-18,0,0,0,62.67,39.8,4,1,8
4435,1,4435,variant_mid,12.99,10.0,2025-03-17,0,0,0,148.26,14.8,1,1,61
4436,1,4436,variant_high,14.99,15.0,2025-06-06,0,0,0,347.32,23.3,6,1,77
4437,1,4437,variant_high,14.99,15.0,2024-10-11,0,0,0,33.37,17.7,4,1,79
4438,1,4438,control,9.99,0.0,2025-01-28,1,1,0,64.86,91.3,0,1,71
4439,1,4439,variant_mid,12.99,10.0,2025-02-24,1,1,1,106.58,46.3,1,1,27
4440,1,4440,control,9.99,0.0,2025-01-10,0,0,0,166.21,0.0,4,1,57
4441,1,4441,variant_high,14.99,15.0,2024-02-14,0,0,0,47.68,1.1,6,1,40
4442,1,4442,variant_high,14.99,15.0,2025-01-05,1,0,0,117.13,57.1,4,1,38
4443,1,4443,control,9.99,0.0,2024-06-12,0,0,0,90.91,14.2,3,1,78
4444,1,4444,control,9.99,0.0,2024-04-01,1,0,0,90.93,83.1,1,1,72
4445,1,4445,control,9.99,0.0,2024-12-12,0,0,0,72.29,14.7,0,1,4
4446,1,4446,variant_mid,12.99,10.0,2025-08-14,0,0,0,138.68,27.7,1,0,42
4447,1,4447,control,9.99,0.0,2025-08-09,0,0,0,16.8,0.0,2,0,49
4448,1,4448,variant_high,14.99,15.0,2024-09-29,0,0,0,40.99,5.5,2,0,82
4449,1,4449,variant_mid,12.99,10.0,2025-03-04,0,0,0,519.16,2.5,5,1,43
4450,1,4450,variant_mid,12.99,10.0,2024-05-24,0,0,0,28.99,7.9,3,0,47
4451,1,4451,variant_high,14.99,15.0,2024-08-07,1,1,1,277.91,69.4,0,1,63
4452,1,4452,variant_high,14.99,15.0,2024-11-22,1,1,0,46.44,32.9,3,1,49
4453,1,4453,control,9.99,0.0,2024-10-25,1,0,0,102.58,64.0,4,1,42
4454,1,4454,variant_high,14.99,15.0,2025-04-18,1,1,1,109.32,44.6,1,1,31
4455,1,4455,variant_mid,12.99,10.0,2025-06-29,0,0,0,69.0,10.0,3,1,73
4456,1,4456,control,9.99,0.0,2025-02-18,0,0,0,118.49,0.0,2,1,76
4457,1,4457,control,9.99,0.0,2024-01-31,0,0,0,106.33,6.3,4,1,41
4458,1,4458,variant_high,14.99,15.0,2025-08-26,0,0,0,36.0,12.0,3,0,71
4459,1,4459,control,9.99,0.0,2024-12-11,1,1,0,99.64,70.5,3,1,58
4460,1,4460,control,9.99,0.0,2025-09-26,0,0,0,105.98,39.3,2,1,71
4461,1,4461,variant_mid,12.99,10.0,2024-07-19,0,0,0,36.27,18.1,1,1,36
4462,1,4462,variant_high,14.99,15.0,2025-04-11,1,1,1,256.79,75.8,2,1,32
4463,1,4463,variant_high,14.99,15.0,2024-07-13,1,1,1,654.37,54.7,2,1,20
4464,1,4464,variant_high,14.99,15.0,2025-02-17,1,0,0,76.18,89.7,4,1,79
4465,1,4465,control,9.99,0.0,2025-09-19,1,1,0,58.44,56.5,1,0,59
4466,1,4466,variant_high,14.99,15.0,2025-02-18,1,0,0,695.48,40.0,4,1,43
4467,1,4467,variant_mid,12.99,10.0,2026-01-04,1,1,1,22.16,76.1,0,1,65
4468,1,4468,variant_high,14.99,15.0,2024-10-31,1,1,0,31.76,76.0,6,1,78
4469,1,4469,variant_mid,12.99,10.0,2024-04-15,0,0,0,110.06,42.9,2,0,42
4470,1,4470,variant_mid,12.99,10.0,2024-12-26,1,1,1,169.37,38.4,1,0,56
4471,1,4471,variant_high,14.99,15.0,2025-09-07,1,0,0,396.4,72.7,4,0,30
4472,1,4472,variant_high,14.99,15.0,2025-01-29,1,1,1,162.65,86.4,2,1,83
4473,1,4473,control,9.99,0.0,2025-04-07,0,0,0,163.38,18.2,0,1,0
4474,1,4474,control,9.99,0.0,2025-08-25,1,1,1,269.83,55.7,3,1,57
4475,1,4475,variant_mid,12.99,10.0,2024-07-12,1,1,1,28.98,44.4,3,1,11
4476,1,4476,control,9.99,0.0,2025-07-03,1,0,0,10.09,74.2,0,1,48
4477,1,4477,control,9.99,0.0,2025-12-13,1,1,0,33.97,34.2,3,1,41
4478,1,4478,control,9.99,0.0,2024-05-24,1,0,0,200.01,66.6,5,1,5
4479,1,4479,variant_mid,12.99,10.0,2024-06-01,1,1,0,36.87,76.4,2,1,64
4480,1,4480,variant_mid,12.99,10.0,2026-01-02,1,1,1,67.09,74.0,5,0,63
4481,1,4481,control,9.99,0.0,2025-12-19,0,0,0,40.6,2.3,3,1,71
4482,1,4482,variant_mid,12.99,10.0,2025-12-21,0,0,0,382.81,37.1,3,1,34
4483,1,4483,variant_mid,12.99,10.0,2025-09-30,1,1,1,30.15,44.2,1,1,21
4484,1,4484,variant_high,14.99,15.0,2024-07-24,0,0,0,44.14,0.0,6,1,48
4485,1,4485,control,9.99,0.0,2025-02-15,1,0,0,51.29,63.4,2,1,50
4486,1,4486,variant_high,14.99,15.0,2026-01-05,0,0,0,215.65,6.5,6,1,32
4487,1,4487,variant_high,14.99,15.0,2025-06-16,1,0,0,236.46,65.7,4,0,83
4488,1,4488,variant_mid,12.99,10.0,2025-01-22,1,1,1,119.41,81.2,5,0,80
4489,1,4489,variant_high,14.99,15.0,2025-03-31,1,1,1,42.59,61.6,2,0,9
4490,1,4490,control,9.99,0.0,2024-07-01,1,1,0,196.77,57.4,3,1,63
4491,1,4491,variant_mid,12.99,10.0,2024-09-16,0,0,0,549.33,22.8,5,1,61
4492,1,4492,control,9.99,0.0,2025-06-17,0,0,0,152.74,0.0,1,1,31
4493,1,4493,variant_mid,12.99,10.0,2025-12-18,1,1,0,1930.49,87.7,5,1,82
4494,1,4494,variant_high,14.99,15.0,2024-02-17,0,0,0,394.49,0.0,2,1,39
4495,1,4495,control,9.99,0.0,2024-11-10,0,0,0,96.31,3.5,0,1,15
4496,1,4496,variant_mid,12.99,10.0,2025-05-27,1,1,0,46.76,65.2,3,1,58
4497,1,4497,variant_high,14.99,15.0,2024-12-05,0,0,0,140.36,9.8,3,1,51
4498,1,4498,variant_mid,12.99,10.0,2025-09-13,0,0,0,85.84,0.0,2,1,62
4499,1,4499,variant_mid,12.99,10.0,2025-04-23,1,1,0,31.32,45.1,3,1,77
4500,1,4500,variant_mid,12.99,10.0,2024-09-29,0,0,0,108.69,0.0,3,0,53
4501,1,4501,variant_mid,12.99,10.0,2025-07-29,1,0,0,31.65,66.8,3,1,86
4502,1,4502,control,9.99,0.0,2024-09-13,1,0,0,558.0,83.5,3,1,74
4503,1,4503,variant_mid,12.99,10.0,2024-11-03,0,0,0,663.19,0.0,3,0,88
4504,1,4504,variant_mid,12.99,10.0,2024-08-01,0,0,0,606.4,0.0,3,0,75
4505,1,4505,control,9.99,0.0,2026-01-15,0,0,0,134.92,17.4,2,1,44
4506,1,4506,variant_mid,12.99,10.0,2024-10-27,0,0,0,35.49,0.0,4,1,51
4507,1,4507,variant_mid,12.99,10.0,2025-12-10,1,0,0,20.12,59.4,3,1,23
4508,1,4508,variant_mid,12.99,10.0,2025-03-06,1,1,0,124.12,52.3,2,1,9
4509,1,4509,variant_mid,12.99,10.0,2024-04-21,0,0,0,127.08,27.9,5,1,82
4510,1,4510,variant_mid,12.99,10.0,2025-07-20,0,0,0,12.92,5.2,5,1,19
4511,1,4511,variant_high,14.99,15.0,2024-05-24,1,0,0,219.36,62.3,2,1,14
4512,1,4512,variant_mid,12.99,10.0,2025-10-15,1,0,0,884.84,45.7,3,0,27
4513,1,4513,variant_mid,12.99,10.0,2025-12-08,0,0,0,395.26,10.0,3,1,50
4514,1,4514,variant_mid,12.99,10.0,2025-02-23,1,0,0,468.45,35.2,2,1,11
4515,1,4515,variant_mid,12.99,10.0,2024-10-26,0,0,0,675.45,44.8,3,1,67
4516,1,4516,variant_high,14.99,15.0,2024-12-15,0,0,0,62.14,7.1,5,1,3
4517,1,4517,variant_high,14.99,15.0,2025-07-20,1,1,1,212.89,51.6,2,0,2
4518,1,4518,control,9.99,0.0,2024-10-18,0,0,0,32.52,29.3,1,1,66
4519,1,4519,variant_mid,12.99,10.0,2024-02-08,1,0,0,93.35,97.4,2,1,24
4520,1,4520,control,9.99,0.0,2025-03-13,1,1,1,34.25,76.9,0,1,41
4521,1,4521,variant_high,14.99,15.0,2025-07-07,1,0,0,37.66,44.9,4,1,53
4522,1,4522,variant_high,14.99,15.0,2024-04-19,1,0,0,47.87,48.5,3,1,75
4523,1,4523,variant_mid,12.99,10.0,2024-10-08,1,0,0,15.41,68.7,4,1,20
4524,1,4524,variant_mid,12.99,10.0,2024-12-15,1,1,0,241.95,65.6,2,1,79
4525,1,4525,control,9.99,0.0,2025-03-29,1,1,1,74.38,22.9,2,0,68
4526,1,4526,control,9.99,0.0,2025-01-21,0,0,0,61.75,17.9,1,0,11
4527,1,4527,variant_mid,12.99,10.0,2025-07-16,1,0,0,1125.87,57.7,1,1,37
4528,1,4528,variant_high,14.99,15.0,2025-04-20,1,1,1,50.33,81.4,3,1,28
4529,1,4529,variant_mid,12.99,10.0,2025-06-17,0,0,0,190.02,0.0,0,1,2
4530,1,4530,variant_high,14.99,15.0,2024-02-24,0,0,0,86.41,23.7,2,1,39
4531,1,4531,variant_mid,12.99,10.0,2025-11-17,1,1,1,223.07,96.8,3,1,15
4532,1,4532,control,9.99,0.0,2024-11-26,1,1,1,16.39,53.4,1,1,67
4533,1,4533,variant_mid,12.99,10.0,2024-11-25,0,0,0,53.69,0.0,1,1,55
4534,1,4534,control,9.99,0.0,2025-07-16,1,0,0,68.8,67.4,2,1,45
4535,1,4535,control,9.99,0.0,2024-11-18,1,1,1,8.79,56.3,1,1,20
4536,1,4536,control,9.99,0.0,2025-08-12,1,1,0,55.98,63.0,2,1,36
4537,1,4537,variant_mid,12.99,10.0,2025-09-02,0,0,0,125.46,15.3,4,0,53
4538,1,4538,control,9.99,0.0,2025-02-19,0,0,0,34.42,28.0,1,1,11
4539,1,4539,variant_high,14.99,15.0,2025-02-21,0,0,0,59.72,0.7,3,1,74
4540,1,4540,variant_high,14.99,15.0,2025-10-09,1,1,0,347.72,64.4,3,1,89
4541,1,4541,variant_high,14.99,15.0,2025-07-13,0,0,0,32.9,10.5,5,1,56
4542,1,4542,variant_mid,12.99,10.0,2025-07-22,0,0,0,15.7,10.0,5,1,52
4543,1,4543,control,9.99,0.0,2025-06-09,1,1,1,68.81,58.9,5,1,58
4544,1,4544,variant_mid,12.99,10.0,2025-08-18,0,0,0,24.22,19.6,5,1,49
4545,1,4545,control,9.99,0.0,2025-07-29,0,0,0,71.24,38.9,2,1,89
4546,1,4546,variant_mid,12.99,10.0,2025-08-15,1,0,0,393.69,76.8,2,1,19
4547,1,4547,control,9.99,0.0,2024-11-10,0,0,0,628.79,36.3,0,0,78
4548,1,4548,variant_mid,12.99,10.0,2025-06-29,0,0,0,68.05,28.0,6,1,3
4549,1,4549,variant_mid,12.99,10.0,2025-01-16,0,0,0,145.02,24.0,4,1,3
4550,1,4550,variant_mid,12.99,10.0,2025-09-27,0,0,0,331.32,9.4,4,1,17
4551,1,4551,variant_high,14.99,15.0,2025-01-02,1,0,0,279.63,60.6,1,1,20
4552,1,4552,control,9.99,0.0,2024-03-28,1,0,0,32.55,100.0,1,1,48
4553,1,4553,control,9.99,0.0,2025-09-01,0,0,0,58.53,19.1,0,0,56
4554,1,4554,variant_mid,12.99,10.0,2025-01-21,1,1,1,189.17,67.9,4,1,37
4555,1,4555,variant_high,14.99,15.0,2024-02-18,1,0,0,17.21,76.3,0,0,45
4556,1,4556,control,9.99,0.0,2025-09-07,0,0,0,107.51,0.0,3,1,5
4557,1,4557,variant_high,14.99,15.0,2024-02-18,1,1,1,446.68,34.2,3,1,5
4558,1,4558,control,9.99,0.0,2024-03-29,1,1,0,44.44,54.6,3,0,26
4559,1,4559,control,9.99,0.0,2025-06-21,1,1,1,155.95,58.0,1,1,88
4560,1,4560,variant_mid,12.99,10.0,2024-05-05,0,0,0,1253.78,1.3,2,0,63
4561,1,4561,control,9.99,0.0,2024-08-01,1,0,0,97.92,70.9,2,0,70
4562,1,4562,variant_mid,12.99,10.0,2024-10-31,1,0,0,207.46,82.7,4,1,81
4563,1,4563,control,9.99,0.0,2025-12-29,1,1,1,110.56,46.9,2,1,0
4564,1,4564,variant_mid,12.99,10.0,2025-03-04,0,0,0,420.31,23.3,6,1,14
4565,1,4565,control,9.99,0.0,2025-12-24,0,0,0,369.49,5.2,0,1,39
4566,1,4566,control,9.99,0.0,2025-06-25,0,0,0,68.19,6.6,2,1,35
4567,1,4567,variant_mid,12.99,10.0,2024-08-15,0,0,0,134.36,15.7,6,1,34
4568,1,4568,variant_high,14.99,15.0,2025-02-21,1,0,0,48.65,61.5,5,1,41
4569,1,4569,variant_high,14.99,15.0,2024-09-01,0,0,0,102.86,28.1,3,1,35
4570,1,4570,variant_mid,12.99,10.0,2024-06-23,1,1,0,42.67,78.2,0,1,30
4571,1,4571,variant_high,14.99,15.0,2025-02-09,1,0,0,141.1,33.9,3,1,55
4572,1,4572,control,9.99,0.0,2025-09-12,0,0,0,30.66,30.2,2,1,41
4573,1,4573,variant_high,14.99,15.0,2025-08-11,0,0,0,611.49,8.1,2,1,4
4574,1,4574,variant_high,14.99,15.0,2024-07-12,1,1,0,23.31,71.7,2,1,42
4575,1,4575,variant_mid,12.99,10.0,2024-07-16,0,0,0,69.23,2.7,1,0,8
4576,1,4576,control,9.99,0.0,2025-09-22,1,0,0,291.77,50.2,2,0,72
4577,1,4577,variant_high,14.99,15.0,2025-04-26,0,0,0,49.75,12.0,1,1,15
4578,1,4578,variant_mid,12.99,10.0,2025-01-08,0,0,0,41.08,21.7,4,1,19
4579,1,4579,control,9.99,0.0,2025-08-26,0,0,0,130.48,11.1,3,1,58
4580,1,4580,variant_high,14.99,15.0,2024-02-18,0,0,0,33.88,28.9,1,0,67
4581,1,4581,variant_mid,12.99,10.0,2025-07-14,1,0,0,78.6,57.9,2,1,65
4582,1,4582,variant_mid,12.99,10.0,2024-12-25,0,0,0,42.59,3.8,2,0,22
4583,1,4583,variant_mid,12.99,10.0,2025-01-05,0,0,0,116.24,3.5,3,1,68
4584,1,4584,variant_high,14.99,15.0,2025-04-24,1,1,0,7.5,71.2,4,1,34
4585,1,4585,variant_mid,12.99,10.0,2024-06-25,0,0,0,135.16,0.0,5,0,79
4586,1,4586,variant_high,14.99,15.0,2025-10-05,0,0,0,147.59,14.0,4,1,88
4587,1,4587,control,9.99,0.0,2024-03-17,1,0,0,121.23,70.2,6,1,42
4588,1,4588,variant_mid,12.99,10.0,2025-03-09,1,1,0,47.28,66.2,4,1,6
4589,1,4589,variant_mid,12.99,10.0,2024-12-21,1,1,0,26.03,77.6,2,1,53
4590,1,4590,control,9.99,0.0,2025-12-31,0,0,0,138.0,7.5,5,1,74
4591,1,4591,control,9.99,0.0,2025-04-21,0,0,0,246.38,1.3,3,1,86
4592,1,4592,control,9.99,0.0,2024-10-20,0,0,0,97.48,0.0,0,1,15
4593,1,4593,control,9.99,0.0,2024-11-23,0,0,0,197.97,0.0,1,1,30
4594,1,4594,variant_high,14.99,15.0,2024-07-14,0,0,0,156.08,7.8,1,1,56
4595,1,4595,control,9.99,0.0,2024-02-27,0,0,0,31.66,0.0,1,1,16
4596,1,4596,variant_high,14.99,15.0,2024-11-23,1,1,0,135.89,37.0,3,1,63
4597,1,4597,variant_high,14.99,15.0,2024-01-24,0,0,0,13.74,0.0,3,1,14
4598,1,4598,variant_high,14.99,15.0,2025-05-12,0,0,0,42.78,0.0,3,1,13
4599,1,4599,variant_high,14.99,15.0,2025-11-05,0,0,0,405.79,0.0,3,0,25
4600,1,4600,variant_mid,12.99,10.0,2024-03-11,0,0,0,215.97,22.8,2,0,39
4601,1,4601,variant_high,14.99,15.0,2025-12-10,1,1,0,185.67,62.6,4,1,82
4602,1,4602,variant_high,14.99,15.0,2024-03-19,1,0,0,213.38,74.3,3,1,56
4603,1,4603,control,9.99,0.0,2024-12-14,1,1,0,19.58,56.1,2,0,67
4604,1,4604,variant_high,14.99,15.0,2025-04-16,1,0,0,19.12,68.4,5,1,59
4605,1,4605,variant_high,14.99,15.0,2025-04-26,1,0,0,34.32,34.3,5,1,75
4606,1,4606,variant_high,14.99,15.0,2024-10-21,1,1,0,121.13,56.4,7,1,69
4607,1,4607,control,9.99,0.0,2024-02-17,0,0,0,20.28,21.5,3,1,58
4608,1,4608,variant_mid,12.99,10.0,2025-08-02,0,0,0,382.8,13.6,3,0,51
4609,1,4609,variant_high,14.99,15.0,2024-12-15,0,0,0,75.72,20.1,4,0,54
4610,1,4610,variant_high,14.99,15.0,2024-07-11,1,1,1,279.51,74.0,7,1,7
4611,1,4611,variant_mid,12.99,10.0,2024-12-14,1,0,0,51.12,47.9,1,0,18
4612,1,4612,variant_mid,12.99,10.0,2024-11-27,0,0,0,105.12,8.7,2,1,36
4613,1,4613,control,9.99,0.0,2025-03-19,1,0,0,63.58,56.6,0,1,62
4614,1,4614,variant_high,14.99,15.0,2025-01-15,0,0,0,168.31,0.0,4,1,14
4615,1,4615,control,9.99,0.0,2025-03-15,0,0,0,90.43,30.0,5,1,64
4616,1,4616,variant_high,14.99,15.0,2025-11-29,1,1,0,1266.93,77.5,3,0,67
4617,1,4617,variant_mid,12.99,10.0,2025-11-14,1,1,1,39.31,48.3,4,1,39
4618,1,4618,control,9.99,0.0,2024-01-20,1,0,0,782.18,56.3,1,0,34
4619,1,4619,control,9.99,0.0,2025-05-01,1,0,0,39.89,100.0,2,0,49
4620,1,4620,variant_mid,12.99,10.0,2024-06-10,0,0,0,238.24,3.7,1,1,44
4621,1,4621,variant_mid,12.99,10.0,2024-03-02,1,0,0,67.07,41.4,1,0,89
4622,1,4622,variant_high,14.99,15.0,2024-03-20,1,1,1,88.21,66.7,1,0,40
4623,1,4623,variant_mid,12.99,10.0,2025-04-17,0,0,0,56.89,38.2,1,1,18
4624,1,4624,variant_mid,12.99,10.0,2026-01-12,0,0,0,161.87,18.4,3,1,18
4625,1,4625,control,9.99,0.0,2025-07-27,0,0,0,80.88,28.0,1,1,68
4626,1,4626,control,9.99,0.0,2024-04-07,0,0,0,310.26,0.0,2,1,4
4627,1,4627,control,9.99,0.0,2024-06-05,1,1,0,156.19,73.7,1,1,43
4628,1,4628,variant_mid,12.99,10.0,2025-09-11,1,1,1,253.8,59.0,4,1,35
4629,1,4629,variant_high,14.99,15.0,2025-04-01,1,0,0,43.34,84.9,2,1,55
4630,1,4630,control,9.99,0.0,2025-01-30,0,0,0,448.15,15.5,5,0,81
4631,1,4631,variant_mid,12.99,10.0,2024-05-17,1,1,0,837.57,94.9,3,0,74
4632,1,4632,control,9.99,0.0,2025-07-27,1,0,0,78.62,63.7,1,0,75
4633,1,4633,control,9.99,0.0,2025-09-20,1,1,0,146.76,48.7,2,1,31
4634,1,4634,control,9.99,0.0,2024-08-15,1,1,1,272.67,61.9,1,0,49
4635,1,4635,variant_mid,12.99,10.0,2026-01-12,0,0,0,239.68,0.0,2,1,40
4636,1,4636,control,9.99,0.0,2024-12-28,0,0,0,104.94,20.5,2,1,54
4637,1,4637,variant_high,14.99,15.0,2024-02-09,0,0,0,307.15,3.5,3,1,23
4638,1,4638,control,9.99,0.0,2025-12-18,0,0,0,65.8,30.2,0,1,79
4639,1,4639,variant_mid,12.99,10.0,2024-06-09,0,0,0,47.85,0.0,4,1,46
4640,1,4640,variant_high,14.99,15.0,2024-03-27,1,1,0,50.73,59.6,6,1,50
4641,1,4641,control,9.99,0.0,2024-12-09,1,0,0,16.09,37.8,1,1,79
4642,1,4642,variant_mid,12.99,10.0,2025-04-18,1,0,0,177.59,63.1,5,1,34
4643,1,4643,variant_high,14.99,15.0,2025-04-14,1,0,0,180.91,71.7,5,1,45
4644,1,4644,control,9.99,0.0,2025-12-15,0,0,0,44.61,14.1,0,0,85
4645,1,4645,control,9.99,0.0,2024-12-15,0,0,0,107.03,0.0,1,1,76
4646,1,4646,variant_high,14.99,15.0,2024-04-17,0,0,0,128.99,19.6,2,1,60
4647,1,4647,control,9.99,0.0,2024-12-12,0,0,0,38.4,12.2,1,1,75
4648,1,4648,control,9.99,0.0,2025-09-05,1,1,1,79.66,44.5,1,0,31
4649,1,4649,variant_mid,12.99,10.0,2024-01-22,1,1,1,78.74,60.0,7,1,10
4650,1,4650,control,9.99,0.0,2024-08-04,0,0,0,25.62,49.7,2,1,9
4651,1,4651,variant_high,14.99,15.0,2025-05-27,0,0,0,1501.93,7.4,5,1,59
4652,1,4652,variant_high,14.99,15.0,2024-06-08,1,1,1,134.81,62.0,0,1,21
4653,1,4653,variant_high,14.99,15.0,2024-12-24,1,1,1,223.68,65.1,3,1,73
4654,1,4654,control,9.99,0.0,2024-05-19,1,0,0,734.9,83.7,0,1,13
4655,1,4655,variant_high,14.99,15.0,2024-04-02,0,0,0,428.87,0.0,1,0,22
4656,1,4656,variant_mid,12.99,10.0,2025-07-09,0,0,0,163.39,0.0,4,1,65
4657,1,4657,variant_mid,12.99,10.0,2025-07-26,1,1,1,51.67,87.1,4,1,43
4658,1,4658,variant_high,14.99,15.0,2024-02-06,0,0,0,135.72,9.9,4,0,65
4659,1,4659,variant_high,14.99,15.0,2025-01-28,1,1,0,52.96,53.7,1,1,16
4660,1,4660,variant_mid,12.99,10.0,2024-11-15,0,0,0,387.79,30.6,6,0,20
4661,1,4661,variant_mid,12.99,10.0,2024-10-06,1,0,0,71.26,79.6,2,0,87
4662,1,4662,variant_mid,12.99,10.0,2025-06-02,1,0,0,8.42,34.1,2,1,9
4663,1,4663,control,9.99,0.0,2025-04-29,1,1,1,1073.18,64.3,1,1,16
4664,1,4664,control,9.99,0.0,2024-04-20,0,0,0,80.43,0.0,2,1,33
4665,1,4665,variant_mid,12.99,10.0,2025-12-23,1,1,0,133.1,67.3,1,1,33
4666,1,4666,variant_mid,12.99,10.0,2024-07-01,1,0,0,15.38,39.8,4,0,38
4667,1,4667,variant_high,14.99,15.0,2025-02-04,0,0,0,447.13,41.7,1,0,73
4668,1,4668,variant_high,14.99,15.0,2024-04-23,1,0,0,45.44,55.8,4,1,44
4669,1,4669,variant_mid,12.99,10.0,2025-03-20,1,0,0,102.45,53.2,2,0,59
4670,1,4670,control,9.99,0.0,2024-01-25,1,0,0,52.07,65.4,2,1,8
4671,1,4671,variant_mid,12.99,10.0,2024-08-04,0,0,0,30.26,11.2,4,1,72
4672,1,4672,control,9.99,0.0,2024-12-16,1,1,1,123.6,56.7,1,0,6
4673,1,4673,variant_high,14.99,15.0,2024-03-31,0,0,0,119.09,11.6,2,1,59
4674,1,4674,variant_mid,12.99,10.0,2025-01-10,0,0,0,261.23,0.0,2,0,69
4675,1,4675,variant_high,14.99,15.0,2025-03-02,0,0,0,38.34,2.1,3,1,28
4676,1,4676,control,9.99,0.0,2025-12-06,1,0,0,110.02,81.1,3,1,0
4677,1,4677,variant_high,14.99,15.0,2024-10-01,0,0,0,111.63,0.0,1,1,44
4678,1,4678,variant_mid,12.99,10.0,2025-07-03,1,1,1,302.78,84.7,6,1,6
4679,1,4679,control,9.99,0.0,2024-07-17,0,0,0,153.5,0.0,3,1,56
4680,1,4680,variant_mid,12.99,10.0,2025-12-18,0,0,0,23.38,19.4,5,0,18
4681,1,4681,control,9.99,0.0,2025-12-11,0,0,0,19.17,10.6,1,1,50
4682,1,4682,control,9.99,0.0,2025-07-07,0,0,0,45.54,0.0,2,1,59
4683,1,4683,variant_mid,12.99,10.0,2024-06-20,1,1,0,40.35,58.1,3,1,58
4684,1,4684,variant_mid,12.99,10.0,2025-12-29,0,0,0,269.46,0.4,2,1,56
4685,1,4685,variant_mid,12.99,10.0,2024-11-04,1,1,1,268.54,49.1,2,1,88
4686,1,4686,variant_mid,12.99,10.0,2024-07-17,1,1,1,111.87,94.4,2,1,53
4687,1,4687,control,9.99,0.0,2024-10-20,1,1,0,192.04,81.8,3,1,75
4688,1,4688,variant_mid,12.99,10.0,2024-05-04,0,0,0,76.01,28.1,2,1,89
4689,1,4689,variant_mid,12.99,10.0,2024-10-04,0,0,0,5.27,15.0,2,1,46
4690,1,4690,variant_mid,12.99,10.0,2024-10-31,0,0,0,91.63,7.4,4,0,34
4691,1,4691,variant_mid,12.99,10.0,2026-01-15,1,1,0,12.7,54.1,4,1,44
4692,1,4692,control,9.99,0.0,2025-01-02,1,1,1,58.19,100.0,2,1,38
4693,1,4693,variant_mid,12.99,10.0,2025-07-12,0,0,0,55.06,30.7,2,1,76
4694,1,4694,control,9.99,0.0,2025-09-10,1,0,0,63.69,68.5,1,1,29
4695,1,4695,control,9.99,0.0,2025-12-06,1,0,0,47.52,56.9,1,0,20
4696,1,4696,variant_mid,12.99,10.0,2025-02-18,1,1,1,375.56,66.3,0,1,62
4697,1,4697,variant_mid,12.99,10.0,2025-03-10,1,1,1,84.53,100.0,4,1,77
4698,1,4698,control,9.99,0.0,2025-12-10,0,0,0,19.11,0.0,3,1,39
4699,1,4699,control,9.99,0.0,2025-05-17,1,1,1,16.22,51.3,0,0,1
4700,1,4700,variant_mid,12.99,10.0,2024-08-01,1,0,0,17.34,85.3,3,1,82
4701,1,4701,variant_mid,12.99,10.0,2025-03-25,0,0,0,31.12,0.0,2,1,81
4702,1,4702,variant_high,14.99,15.0,2025-03-01,1,0,0,10.73,30.7,1,1,71
4703,1,4703,variant_high,14.99,15.0,2025-03-07,0,0,0,25.62,31.0,4,1,32
4704,1,4704,control,9.99,0.0,2025-05-03,0,0,0,798.85,19.2,3,1,8
4705,1,4705,variant_high,14.99,15.0,2024-11-16,0,0,0,44.18,22.4,3,1,5
4706,1,4706,variant_high,14.99,15.0,2024-04-24,0,0,0,24.47,0.0,1,1,55
4707,1,4707,variant_high,14.99,15.0,2024-10-08,1,1,1,562.68,72.0,3,1,4
4708,1,4708,control,9.99,0.0,2025-08-03,0,0,0,43.12,28.4,4,1,6
4709,1,4709,variant_high,14.99,15.0,2026-01-07,0,0,0,151.17,0.0,4,1,25
4710,1,4710,control,9.99,0.0,2025-04-26,1,0,0,58.6,32.7,3,1,80
4711,1,4711,control,9.99,0.0,2025-07-29,0,0,0,96.13,6.0,1,1,27
4712,1,4712,variant_mid,12.99,10.0,2024-05-21,1,1,1,81.03,39.8,2,1,19
4713,1,4713,control,9.99,0.0,2025-07-30,0,0,0,108.83,10.2,2,1,63
4714,1,4714,control,9.99,0.0,2024-11-14,1,1,0,25.39,63.1,2,1,67
4715,1,4715,control,9.99,0.0,2025-06-03,0,0,0,31.12,10.9,4,1,32
4716,1,4716,variant_mid,12.99,10.0,2025-04-29,0,0,0,54.24,0.0,2,0,38
4717,1,4717,variant_mid,12.99,10.0,2025-07-28,0,0,0,82.44,25.6,1,0,73
4718,1,4718,variant_mid,12.99,10.0,2025-07-02,0,0,0,136.06,0.0,4,1,25
4719,1,4719,variant_mid,12.99,10.0,2025-05-02,1,0,0,89.6,99.3,0,1,46
4720,1,4720,control,9.99,0.0,2024-11-16,0,0,0,288.94,25.4,4,0,59
4721,1,4721,variant_mid,12.99,10.0,2025-08-20,1,1,1,145.02,73.5,1,0,39
4722,1,4722,variant_mid,12.99,10.0,2025-06-14,1,1,1,78.7,54.7,3,1,28
4723,1,4723,control,9.99,0.0,2024-04-26,0,0,0,51.82,40.1,2,0,67
4724,1,4724,variant_high,14.99,15.0,2024-07-19,1,1,0,40.23,85.3,3,1,17
4725,1,4725,variant_mid,12.99,10.0,2024-07-17,1,1,1,710.68,69.2,1,0,12
4726,1,4726,variant_mid,12.99,10.0,2024-08-13,0,0,0,516.31,1.5,3,1,3
4727,1,4727,variant_mid,12.99,10.0,2025-05-31,1,0,0,110.29,74.1,4,1,40
4728,1,4728,variant_high,14.99,15.0,2024-01-23,0,0,0,75.68,26.8,6,1,34
4729,1,4729,variant_mid,12.99,10.0,2024-07-22,0,0,0,69.91,29.9,1,1,38
4730,1,4730,variant_high,14.99,15.0,2025-01-09,0,0,0,58.88,0.0,3,0,17
4731,1,4731,control,9.99,0.0,2024-05-30,1,0,0,29.43,56.6,1,1,24
4732,1,4732,control,9.99,0.0,2024-06-03,0,0,0,45.74,0.0,3,1,47
4733,1,4733,control,9.99,0.0,2024-11-12,0,0,0,320.8,27.5,3,1,26
4734,1,4734,variant_high,14.99,15.0,2025-03-22,1,0,0,17.58,63.0,2,0,19
4735,1,4735,variant_mid,12.99,10.0,2024-09-13,0,0,0,138.3,12.2,0,1,85
4736,1,4736,control,9.99,0.0,2025-12-15,1,1,0,22.63,74.7,1,1,83
4737,1,4737,control,9.99,0.0,2024-11-06,0,0,0,374.05,9.9,1,1,24
4738,1,4738,variant_mid,12.99,10.0,2026-01-12,0,0,0,143.07,0.0,4,1,2
4739,1,4739,variant_high,14.99,15.0,2025-02-18,1,0,0,252.98,86.6,1,1,57
4740,1,4740,variant_high,14.99,15.0,2024-10-01,0,0,0,67.46,39.0,3,0,40
4741,1,4741,control,9.99,0.0,2024-04-12,1,0,0,15.05,67.4,1,1,52
4742,1,4742,variant_high,14.99,15.0,2025-06-24,1,0,0,16.67,76.6,2,0,10
4743,1,4743,variant_high,14.99,15.0,2025-02-02,1,0,0,16.22,83.7,3,1,78
4744,1,4744,variant_high,14.99,15.0,2025-12-17,1,0,0,90.12,66.4,3,1,7
4745,1,4745,variant_mid,12.99,10.0,2025-12-16,1,1,0,225.38,52.7,3,1,40
4746,1,4746,variant_high,14.99,15.0,2025-01-30,1,1,0,90.37,72.3,2,0,81
4747,1,4747,variant_high,14.99,15.0,2024-07-03,0,0,0,15.62,34.6,4,0,2
4748,1,4748,variant_high,14.99,15.0,2024-09-15,1,0,0,41.24,81.9,3,1,2
4749,1,4749,variant_mid,12.99,10.0,2024-03-02,1,0,0,240.71,69.0,4,0,29
4750,1,4750,variant_mid,12.99,10.0,2024-05-08,1,1,0,92.01,78.0,4,1,49
4751,1,4751,control,9.99,0.0,2024-11-05,1,1,0,147.2,46.7,1,1,82
4752,1,4752,variant_mid,12.99,10.0,2024-05-24,0,0,0,152.96,28.4,4,1,46
4753,1,4753,control,9.99,0.0,2025-10-05,1,1,1,63.33,43.5,3,1,21
4754,1,4754,variant_high,14.99,15.0,2025-09-26,1,1,1,32.37,77.8,5,1,74
4755,1,4755,variant_high,14.99,15.0,2024-05-25,1,0,0,87.19,49.4,4,1,29
4756,1,4756,control,9.99,0.0,2024-07-13,0,0,0,74.34,35.9,2,1,85
4757,1,4757,variant_mid,12.99,10.0,2025-09-11,1,1,1,30.77,30.1,1,1,62
4758,1,4758,variant_high,14.99,15.0,2024-07-27,0,0,0,25.03,5.1,1,1,85
4759,1,4759,control,9.99,0.0,2024-07-19,1,0,0,1147.32,45.0,2,1,28
4760,1,4760,variant_mid,12.99,10.0,2025-07-04,0,0,0,159.27,5.3,2,1,35
4761,1,4761,variant_high,14.99,15.0,2024-11-07,0,0,0,127.97,16.6,5,1,13
4762,1,4762,control,9.99,0.0,2025-09-12,1,1,0,15.2,87.2,5,1,37
4763,1,4763,variant_mid,12.99,10.0,2025-02-02,1,0,0,33.93,54.2,2,1,7
4764,1,4764,variant_mid,12.99,10.0,2024-06-07,0,0,0,50.95,5.2,1,1,38
4765,1,4765,variant_high,14.99,15.0,2024-05-02,0,0,0,30.34,15.7,1,1,68
4766,1,4766,control,9.99,0.0,2025-05-23,0,0,0,37.61,0.0,3,1,84
4767,1,4767,control,9.99,0.0,2024-12-08,0,0,0,37.23,19.1,1,1,3
4768,1,4768,control,9.99,0.0,2024-12-05,1,1,1,120.48,94.0,6,1,55
4769,1,4769,variant_mid,12.99,10.0,2025-05-28,1,0,0,90.62,41.6,0,1,68
4770,1,4770,control,9.99,0.0,2024-08-01,1,1,1,318.79,59.9,4,1,58
4771,1,4771,variant_mid,12.99,10.0,2026-01-14,1,1,0,122.75,51.7,3,0,57
4772,1,4772,variant_mid,12.99,10.0,2025-01-15,0,0,0,91.96,14.1,4,1,86
4773,1,4773,variant_high,14.99,15.0,2025-09-27,0,0,0,61.38,4.8,4,1,58
4774,1,4774,variant_high,14.99,15.0,2025-07-21,0,0,0,12.66,24.8,2,1,34
4775,1,4775,variant_mid,12.99,10.0,2025-03-28,1,1,0,243.47,72.7,2,1,74
4776,1,4776,control,9.99,0.0,2024-03-19,0,0,0,304.97,9.8,0,1,71
4777,1,4777,control,9.99,0.0,2025-07-05,0,0,0,22.94,13.6,1,0,77
4778,1,4778,variant_high,14.99,15.0,2024-02-25,1,0,0,168.4,75.9,5,1,78
4779,1,4779,variant_mid,12.99,10.0,2025-07-11,0,0,0,102.62,8.4,4,0,57
4780,1,4780,control,9.99,0.0,2025-11-04,1,1,1,225.23,63.5,1,1,20
4781,1,4781,variant_high,14.99,15.0,2025-01-23,1,1,1,56.01,55.1,2,0,1
4782,1,4782,control,9.99,0.0,2025-12-14,0,0,0,288.9,16.5,3,1,5
4783,1,4783,variant_mid,12.99,10.0,2025-04-07,0,0,0,46.77,0.0,0,1,58
4784,1,4784,variant_mid,12.99,10.0,2025-01-31,0,0,0,210.06,0.0,2,1,67
4785,1,4785,control,9.99,0.0,2025-01-28,1,1,1,17.06,90.5,1,1,8
4786,1,4786,variant_high,14.99,15.0,2024-05-03,1,1,1,130.5,37.6,2,1,36
4787,1,4787,variant_high,14.99,15.0,2024-02-21,0,0,0,30.88,40.5,2,1,1
4788,1,4788,variant_mid,12.99,10.0,2024-03-06,1,1,1,132.4,39.9,3,1,38
4789,1,4789,variant_high,14.99,15.0,2025-10-27,1,1,1,208.77,67.9,5,0,40
4790,1,4790,control,9.99,0.0,2024-04-30,1,1,0,54.1,68.4,3,1,67
4791,1,4791,variant_mid,12.99,10.0,2025-04-20,0,0,0,61.06,15.7,2,1,41
4792,1,4792,variant_mid,12.99,10.0,2024-08-13,1,0,0,24.76,59.2,0,1,81
4793,1,4793,variant_mid,12.99,10.0,2024-10-18,1,0,0,205.74,59.4,2,0,57
4794,1,4794,variant_high,14.99,15.0,2025-05-28,1,1,0,12.37,74.9,4,0,52
4795,1,4795,variant_mid,12.99,10.0,2025-10-02,0,0,0,166.97,0.0,2,1,26
4796,1,4796,variant_mid,12.99,10.0,2024-03-24,0,0,0,193.84,29.3,5,1,24
4797,1,4797,variant_mid,12.99,10.0,2025-01-23,1,1,1,24.95,43.1,2,1,36
4798,1,4798,variant_high,14.99,15.0,2024-04-29,1,0,0,84.99,55.3,0,1,11
4799,1,4799,control,9.99,0.0,2024-06-01,0,0,0,56.12,35.4,2,1,44
4800,1,4800,variant_high,14.99,15.0,2025-06-24,0,0,0,19.69,0.0,0,1,62
4801,1,4801,control,9.99,0.0,2024-02-08,0,0,0,164.8,0.0,4,1,30
4802,1,4802,control,9.99,0.0,2024-07-07,1,1,1,555.45,63.1,2,1,24
4803,1,4803,variant_high,14.99,15.0,2025-03-02,1,1,0,135.73,42.7,4,0,81
4804,1,4804,variant_mid,12.99,10.0,2024-06-17,0,0,0,136.82,10.2,5,1,82
4805,1,4805,variant_mid,12.99,10.0,2024-10-13,1,1,0,11.03,33.6,1,1,27
4806,1,4806,variant_mid,12.99,10.0,2025-03-10,1,0,0,81.07,63.6,6,1,3
4807,1,4807,control,9.99,0.0,2025-11-04,1,1,1,70.84,79.2,0,1,27
4808,1,4808,variant_mid,12.99,10.0,2024-03-14,0,0,0,120.72,32.5,1,1,48
4809,1,4809,variant_high,14.99,15.0,2025-01-07,1,0,0,73.08,46.0,3,0,49
4810,1,4810,control,9.99,0.0,2025-04-24,1,1,0,210.75,20.3,3,1,9
4811,1,4811,variant_high,14.99,15.0,2024-12-31,0,0,0,573.05,16.2,3,0,54
4812,1,4812,control,9.99,0.0,2024-01-26,0,0,0,40.85,2.3,1,1,76
4813,1,4813,variant_high,14.99,15.0,2025-07-22,0,0,0,21.55,9.5,3,0,79
4814,1,4814,variant_high,14.99,15.0,2024-07-05,1,1,0,1478.2,66.5,3,0,34
4815,1,4815,variant_high,14.99,15.0,2024-03-25,0,0,0,54.04,49.1,1,1,29
4816,1,4816,variant_high,14.99,15.0,2024-11-25,1,0,0,19.17,89.1,3,1,12
4817,1,4817,variant_high,14.99,15.0,2024-05-31,0,0,0,129.73,0.0,5,1,22
4818,1,4818,variant_high,14.99,15.0,2025-04-20,0,0,0,237.04,13.0,2,1,9
4819,1,4819,variant_high,14.99,15.0,2025-02-12,0,0,0,100.0,0.0,0,1,51
4820,1,4820,variant_high,14.99,15.0,2024-06-15,0,0,0,126.22,11.4,5,1,6
4821,1,4821,control,9.99,0.0,2025-11-16,0,0,0,64.41,20.4,1,1,37
4822,1,4822,variant_high,14.99,15.0,2025-10-18,1,0,0,97.58,62.1,2,1,37
4823,1,4823,variant_mid,12.99,10.0,2024-08-27,0,0,0,37.84,0.0,1,1,6
4824,1,4824,variant_high,14.99,15.0,2025-11-08,1,1,1,307.34,89.7,2,1,33
4825,1,4825,variant_high,14.99,15.0,2024-09-10,1,1,1,72.56,27.2,3,1,20
4826,1,4826,control,9.99,0.0,2025-01-05,0,0,0,235.92,21.4,1,1,68
4827,1,4827,control,9.99,0.0,2025-03-07,0,0,0,279.75,0.0,2,1,54
4828,1,4828,control,9.99,0.0,2024-07-26,1,1,0,622.38,84.9,1,1,71
4829,1,4829,variant_mid,12.99,10.0,2025-03-26,0,0,0,31.86,8.8,4,0,76
4830,1,4830,variant_mid,12.99,10.0,2024-04-04,0,0,0,39.71,0.0,3,1,41
4831,1,4831,control,9.99,0.0,2025-04-02,1,0,0,130.09,59.5,2,0,4
4832,1,4832,control,9.99,0.0,2025-12-05,0,0,0,34.33,9.4,2,0,77
4833,1,4833,control,9.99,0.0,2024-09-10,0,0,0,21.8,0.0,4,0,5
4834,1,4834,variant_high,14.99,15.0,2024-04-08,0,0,0,92.53,7.0,3,1,40
4835,1,4835,variant_mid,12.99,10.0,2025-03-09,1,0,0,153.33,55.4,5,0,5
4836,1,4836,control,9.99,0.0,2024-08-21,0,0,0,76.9,33.9,0,1,60
4837,1,4837,variant_mid,12.99,10.0,2025-07-13,0,0,0,262.19,45.5,4,1,41
4838,1,4838,control,9.99,0.0,2024-09-04,1,1,1,46.4,63.6,4,1,41
4839,1,4839,variant_high,14.99,15.0,2024-02-26,1,0,0,280.9,77.3,3,1,14
4840,1,4840,variant_high,14.99,15.0,2024-07-28,1,1,0,25.41,51.8,3,1,35
4841,1,4841,control,9.99,0.0,2025-09-05,0,0,0,52.09,43.3,1,1,32
4842,1,4842,variant_high,14.99,15.0,2024-01-09,0,0,0,52.94,0.0,2,1,55
4843,1,4843,variant_high,14.99,15.0,2025-10-20,1,1,1,127.85,41.9,3,1,23
4844,1,4844,control,9.99,0.0,2024-06-09,1,1,0,678.33,40.5,1,0,19
4845,1,4845,control,9.99,0.0,2024-08-07,0,0,0,77.92,36.7,2,1,85
4846,1,4846,control,9.99,0.0,2025-07-16,0,0,0,216.44,28.2,1,1,51
4847,1,4847,control,9.99,0.0,2025-11-17,1,1,0,23.95,62.0,2,1,48
4848,1,4848,control,9.99,0.0,2024-05-29,1,1,0,293.95,82.3,2,1,46
4849,1,4849,variant_high,14.99,15.0,2025-11-03,1,0,0,135.12,69.0,2,0,69
4850,1,4850,control,9.99,0.0,2025-07-13,1,0,0,1737.78,51.4,3,1,47
4851,1,4851,variant_high,14.99,15.0,2024-01-29,1,1,0,32.03,67.3,1,0,61
4852,1,4852,variant_mid,12.99,10.0,2024-11-02,0,0,0,173.28,9.4,1,1,21
4853,1,4853,variant_mid,12.99,10.0,2024-07-12,1,0,0,19.11,76.5,2,1,15
4854,1,4854,variant_high,14.99,15.0,2024-02-29,1,0,0,163.72,62.5,4,1,71
4855,1,4855,variant_high,14.99,15.0,2025-11-12,1,0,0,48.2,79.8,3,1,48
4856,1,4856,variant_high,14.99,15.0,2025-09-04,0,0,0,42.39,6.6,2,1,29
4857,1,4857,control,9.99,0.0,2025-10-12,1,0,0,41.41,35.8,2,1,61
4858,1,4858,variant_mid,12.99,10.0,2025-04-19,1,1,0,5.0,53.4,1,1,83
4859,1,4859,control,9.99,0.0,2025-06-19,0,0,0,59.82,0.0,1,1,34
4860,1,4860,control,9.99,0.0,2025-03-31,1,1,1,69.4,55.7,5,1,37
4861,1,4861,control,9.99,0.0,2024-02-11,0,0,0,36.22,14.9,1,1,8
4862,1,4862,variant_high,14.99,15.0,2024-05-01,0,0,0,53.5,0.0,6,1,8
4863,1,4863,control,9.99,0.0,2025-10-22,0,0,0,103.07,3.8,1,1,89
4864,1,4864,variant_high,14.99,15.0,2025-04-17,0,0,0,105.11,0.0,3,1,1
4865,1,4865,variant_high,14.99,15.0,2024-08-31,1,1,1,373.17,86.7,1,1,83
4866,1,4866,variant_mid,12.99,10.0,2025-08-04,1,1,1,158.05,39.0,1,0,40
4867,1,4867,variant_mid,12.99,10.0,2025-01-22,1,0,0,32.51,61.1,1,0,27
4868,1,4868,variant_high,14.99,15.0,2026-01-04,1,1,0,34.08,49.1,4,1,6
4869,1,4869,control,9.99,0.0,2025-01-03,0,0,0,537.37,0.0,0,1,34
4870,1,4870,variant_mid,12.99,10.0,2025-05-04,1,0,0,275.1,18.0,4,0,42
4871,1,4871,control,9.99,0.0,2025-12-22,0,0,0,179.36,0.0,3,1,89
4872,1,4872,control,9.99,0.0,2024-11-11,1,0,0,10.2,36.1,2,1,43
4873,1,4873,variant_mid,12.99,10.0,2025-11-24,1,0,0,99.24,45.0,2,1,22
4874,1,4874,control,9.99,0.0,2025-08-26,1,0,0,143.61,53.8,2,0,19
4875,1,4875,variant_mid,12.99,10.0,2024-02-03,0,0,0,37.86,0.0,1,1,26
4876,1,4876,variant_high,14.99,15.0,2024-02-12,0,0,0,197.4,8.0,2,1,16
4877,1,4877,variant_mid,12.99,10.0,2024-03-21,0,0,0,209.66,3.4,3,0,45
4878,1,4878,control,9.99,0.0,2024-11-22,0,0,0,184.94,1.9,1,1,40
4879,1,4879,control,9.99,0.0,2025-09-03,1,0,0,229.37,77.9,0,1,86
4880,1,4880,control,9.99,0.0,2025-06-27,0,0,0,99.74,6.9,1,1,48
4881,1,4881,variant_mid,12.99,10.0,2025-06-25,1,0,0,69.81,84.0,2,1,51
4882,1,4882,variant_mid,12.99,10.0,2024-09-19,0,0,0,76.6,3.8,1,1,57
4883,1,4883,variant_high,14.99,15.0,2024-02-03,1,0,0,438.35,55.6,3,1,81
4884,1,4884,control,9.99,0.0,2024-02-29,0,0,0,952.69,0.0,1,1,56
4885,1,4885,variant_high,14.99,15.0,2024-04-24,0,0,0,382.06,23.6,4,1,2
4886,1,4886,control,9.99,0.0,2024-03-23,0,0,0,59.46,10.6,1,1,56
4887,1,4887,variant_mid,12.99,10.0,2025-12-10,0,0,0,115.63,0.0,1,1,32
4888,1,4888,variant_high,14.99,15.0,2024-05-13,1,0,0,17.92,69.6,4,0,16
4889,1,4889,variant_high,14.99,15.0,2024-09-02,0,0,0,282.63,14.4,1,1,49
4890,1,4890,variant_mid,12.99,10.0,2025-09-09,0,0,0,109.07,42.1,3,1,2
4891,1,4891,control,9.99,0.0,2024-06-20,0,0,0,246.75,5.3,0,0,2
4892,1,4892,variant_mid,12.99,10.0,2025-06-11,1,1,1,149.95,66.8,4,0,54
4893,1,4893,variant_high,14.99,15.0,2024-12-19,0,0,0,69.51,22.9,3,0,58
4894,1,4894,control,9.99,0.0,2025-07-13,0,0,0,74.01,12.2,0,1,13
4895,1,4895,control,9.99,0.0,2024-08-25,0,0,0,73.33,0.0,2,0,72
4896,1,4896,variant_mid,12.99,10.0,2025-10-26,1,1,1,476.74,76.3,1,1,27
4897,1,4897,variant_high,14.99,15.0,2025-07-04,1,0,0,24.36,66.7,0,1,61
4898,1,4898,variant_mid,12.99,10.0,2024-08-15,1,0,0,7.7,46.5,0,1,59
4899,1,4899,control,9.99,0.0,2025-05-09,1,0,0,83.48,70.0,4,0,88
4900,1,4900,variant_high,14.99,15.0,2025-07-15,1,0,0,569.06,33.5,1,1,39
4901,1,4901,variant_high,14.99,15.0,2026-01-02,1,1,0,100.71,70.8,3,0,41
4902,1,4902,variant_mid,12.99,10.0,2024-09-23,1,0,0,206.57,66.2,3,1,35
4903,1,4903,control,9.99,0.0,2025-12-25,1,1,1,82.19,71.0,4,1,15
4904,1,4904,control,9.99,0.0,2025-08-10,1,1,1,38.05,36.1,2,0,13
4905,1,4905,variant_mid,12.99,10.0,2024-11-29,1,1,0,135.91,46.1,3,1,62
4906,1,4906,variant_high,14.99,15.0,2025-06-10,0,0,0,25.68,0.0,4,1,70
4907,1,4907,variant_mid,12.99,10.0,2025-03-07,0,0,0,39.96,0.0,1,0,33
4908,1,4908,control,9.99,0.0,2025-12-26,1,0,0,36.79,86.3,1,1,39
4909,1,4909,variant_high,14.99,15.0,2024-02-29,0,0,0,909.67,16.8,2,1,41
4910,1,4910,variant_mid,12.99,10.0,2025-07-13,0,0,0,511.45,9.6,3,1,9
4911,1,4911,variant_high,14.99,15.0,2025-09-04,1,0,0,102.6,39.3,3,0,6
4912,1,4912,variant_mid,12.99,10.0,2024-01-08,0,0,0,471.6,0.0,2,1,23
4913,1,4913,variant_mid,12.99,10.0,2025-01-21,0,0,0,277.29,38.2,4,1,31
4914,1,4914,control,9.99,0.0,2025-06-08,1,1,1,77.12,48.4,2,1,63
4915,1,4915,control,9.99,0.0,2025-09-27,0,0,0,247.55,16.0,6,1,31
4916,1,4916,variant_high,14.99,15.0,2024-03-31,0,0,0,126.87,19.7,4,1,73
4917,1,4917,variant_high,14.99,15.0,2024-07-29,1,0,0,75.83,57.6,3,1,14
4918,1,4918,variant_mid,12.99,10.0,2025-02-20,0,0,0,36.1,0.0,2,0,85
4919,1,4919,variant_mid,12.99,10.0,2025-04-20,1,0,0,242.28,67.1,4,1,75
4920,1,4920,control,9.99,0.0,2024-04-25,1,1,1,25.99,58.1,2,1,10
4921,1,4921,variant_high,14.99,15.0,2025-09-03,0,0,0,185.75,18.4,5,1,73
4922,1,4922,control,9.99,0.0,2024-12-28,1,1,1,26.66,41.4,1,0,2
4923,1,4923,variant_mid,12.99,10.0,2024-10-22,1,0,0,51.35,66.9,1,1,71
4924,1,4924,variant_mid,12.99,10.0,2025-08-19,1,0,0,398.1,74.8,1,1,12
4925,1,4925,variant_mid,12.99,10.0,2025-01-09,0,0,0,194.07,2.5,2,1,63
4926,1,4926,variant_mid,12.99,10.0,2024-08-01,1,0,0,47.73,65.2,2,1,1
4927,1,4927,variant_high,14.99,15.0,2024-12-02,0,0,0,268.85,0.0,6,1,18
4928,1,4928,variant_high,14.99,15.0,2024-05-07,0,0,0,8.22,13.9,2,1,52
4929,1,4929,variant_high,14.99,15.0,2025-09-08,1,0,0,103.75,90.5,2,1,15
4930,1,4930,variant_mid,12.99,10.0,2024-08-18,1,1,1,226.48,96.1,2,1,21
4931,1,4931,control,9.99,0.0,2024-10-01,0,0,0,236.39,0.0,3,1,17
4932,1,4932,variant_high,14.99,15.0,2024-05-19,0,0,0,99.53,0.2,3,1,62
4933,1,4933,control,9.99,0.0,2024-09-29,1,1,0,130.62,54.3,6,1,3
4934,1,4934,variant_high,14.99,15.0,2024-05-19,0,0,0,290.44,34.2,5,1,67
4935,1,4935,control,9.99,0.0,2024-02-16,1,1,0,57.31,56.9,0,0,76
4936,1,4936,variant_high,14.99,15.0,2025-06-04,0,0,0,50.33,19.6,0,1,45
4937,1,4937,variant_high,14.99,15.0,2024-10-13,1,1,0,937.79,83.3,5,1,74
4938,1,4938,variant_mid,12.99,10.0,2025-06-02,1,0,0,134.51,69.4,4,0,56
4939,1,4939,variant_high,14.99,15.0,2024-06-11,1,0,0,89.7,39.8,1,1,1
4940,1,4940,control,9.99,0.0,2025-02-01,0,0,0,37.49,1.9,3,1,25
4941,1,4941,variant_mid,12.99,10.0,2024-06-15,0,0,0,82.28,5.7,2,1,31
4942,1,4942,control,9.99,0.0,2024-07-05,0,0,0,51.02,42.9,1,1,15
4943,1,4943,variant_high,14.99,15.0,2025-12-12,1,0,0,62.42,67.8,6,1,10
4944,1,4944,variant_mid,12.99,10.0,2025-02-04,0,0,0,144.87,22.0,1,0,63
4945,1,4945,control,9.99,0.0,2024-01-14,0,0,0,39.79,30.6,2,1,49
4946,1,4946,control,9.99,0.0,2025-11-27,0,0,0,49.5,0.0,1,1,54
4947,1,4947,variant_high,14.99,15.0,2025-08-31,0,0,0,29.72,0.0,1,1,17
4948,1,4948,variant_high,14.99,15.0,2024-10-17,0,0,0,177.65,16.6,2,0,41
4949,1,4949,variant_high,14.99,15.0,2024-07-12,1,0,0,515.84,91.1,3,1,76
4950,1,4950,control,9.99,0.0,2024-11-19,1,1,1,134.6,81.6,1,1,64
4951,1,4951,variant_high,14.99,15.0,2025-08-07,0,0,0,103.52,16.9,7,1,30
4952,1,4952,variant_mid,12.99,10.0,2024-12-29,0,0,0,155.5,0.0,3,1,27
4953,1,4953,variant_high,14.99,15.0,2024-05-11,0,0,0,76.34,18.2,2,1,34
4954,1,4954,variant_high,14.99,15.0,2024-05-24,1,1,1,334.76,39.3,1,1,3
4955,1,4955,control,9.99,0.0,2026-01-07,0,0,0,19.03,44.4,2,1,51
4956,1,4956,variant_mid,12.99,10.0,2024-07-16,0,0,0,5.0,4.6,4,1,26
4957,1,4957,control,9.99,0.0,2025-03-08,0,0,0,181.94,30.0,1,1,56
4958,1,4958,variant_mid,12.99,10.0,2025-05-25,1,1,0,81.87,65.5,5,1,86
4959,1,4959,control,9.99,0.0,2024-05-06,1,0,0,94.53,76.7,2,1,12
4960,1,4960,control,9.99,0.0,2024-05-01,1,0,0,24.34,52.5,2,0,12
4961,1,4961,control,9.99,0.0,2024-08-18,0,0,0,61.5,23.9,6,1,76
4962,1,4962,control,9.99,0.0,2025-03-22,0,0,0,623.32,0.0,2,1,66
4963,1,4963,variant_mid,12.99,10.0,2025-09-24,0,0,0,73.49,0.0,2,1,35
4964,1,4964,variant_mid,12.99,10.0,2024-10-27,1,1,0,262.95,34.5,1,1,6
4965,1,4965,variant_high,14.99,15.0,2024-07-30,0,0,0,62.68,0.0,2,1,79
4966,1,4966,variant_mid,12.99,10.0,2024-08-25,1,1,0,141.24,80.7,2,0,38
4967,1,4967,variant_mid,12.99,10.0,2025-07-23,1,1,1,114.1,70.4,2,1,78
4968,1,4968,variant_high,14.99,15.0,2025-02-14,0,0,0,149.64,10.1,5,1,21
4969,1,4969,variant_mid,12.99,10.0,2025-03-31,1,0,0,145.41,53.8,3,0,58
4970,1,4970,variant_high,14.99,15.0,2024-06-23,0,0,0,279.75,21.9,7,1,28
4971,1,4971,variant_high,14.99,15.0,2025-04-16,1,1,1,109.35,100.0,3,1,21
4972,1,4972,variant_high,14.99,15.0,2024-09-01,1,1,0,45.93,35.6,6,0,4
4973,1,4973,control,9.99,0.0,2025-10-08,0,0,0,7.96,0.0,2,0,13
4974,1,4974,control,9.99,0.0,2025-01-22,0,0,0,80.27,0.0,0,1,49
4975,1,4975,control,9.99,0.0,2024-04-27,0,0,0,42.01,22.9,1,0,13
4976,1,4976,variant_high,14.99,15.0,2025-05-02,1,1,1,399.23,75.4,3,0,26
4977,1,4977,variant_high,14.99,15.0,2024-01-26,1,0,0,203.74,63.3,4,1,54
4978,1,4978,control,9.99,0.0,2025-09-10,0,0,0,22.65,0.0,1,1,16
4979,1,4979,variant_mid,12.99,10.0,2024-11-02,0,0,0,97.81,30.7,5,1,29
4980,1,4980,variant_mid,12.99,10.0,2025-08-25,1,0,0,53.35,51.6,4,1,52
4981,1,4981,variant_high,14.99,15.0,2025-11-20,1,1,1,208.21,68.4,2,1,70
4982,1,4982,control,9.99,0.0,2025-01-07,1,0,0,185.34,41.4,1,1,60
4983,1,4983,control,9.99,0.0,2024-03-22,1,0,0,45.3,55.1,0,0,83
4984,1,4984,variant_mid,12.99,10.0,2024-03-06,1,0,0,47.69,41.7,0,1,88
4985,1,4985,control,9.99,0.0,2024-08-29,1,0,0,181.64,77.3,0,1,7
4986,1,4986,variant_mid,12.99,10.0,2024-06-01,0,0,0,510.56,0.0,2,1,44
4987,1,4987,variant_mid,12.99,10.0,2025-06-20,1,1,0,90.84,67.6,2,0,28
4988,1,4988,variant_mid,12.99,10.0,2024-01-06,1,1,0,132.51,71.8,2,1,69
4989,1,4989,variant_high,14.99,15.0,2025-06-13,1,1,1,31.58,60.5,4,0,84
4990,1,4990,control,9.99,0.0,2024-05-27,0,0,0,56.62,5.5,3,1,24
4991,1,4991,control,9.99,0.0,2024-04-18,0,0,0,433.82,0.0,1,1,14
4992,1,4992,variant_high,14.99,15.0,2024-01-28,1,1,0,124.02,63.2,7,1,77
4993,1,4993,variant_high,14.99,15.0,2025-08-29,1,1,0,1514.71,97.9,0,1,71
4994,1,4994,control,9.99,0.0,2025-06-17,1,1,1,413.82,69.5,3,1,34
4995,1,4995,variant_high,14.99,15.0,2025-10-31,0,0,0,25.23,0.7,2,1,84
4996,1,4996,variant_mid,12.99,10.0,2025-02-03,0,0,0,46.99,28.8,4,1,54
4997,1,4997,variant_mid,12.99,10.0,2025-03-29,0,0,0,104.55,23.5,5,1,45
4998,1,4998,variant_high,14.99,15.0,2024-02-05,0,0,0,470.96,14.1,3,1,17
4999,1,4999,control,9.99,0.0,2024-01-17,1,1,0,185.27,48.4,3,1,56
5000,1,5000,variant_mid,12.99,10.0,2025-04-08,0,0,0,82.27,7.6,4,1,43
5001,1,5001,control,9.99,0.0,2025-01-27,0,0,0,441.87,51.3,3,0,52
5002,1,5002,variant_mid,12.99,10.0,2025-08-28,0,0,0,102.61,8.4,4,0,23
5003,1,5003,variant_mid,12.99,10.0,2025-02-21,1,0,0,6.89,49.3,5,1,38
5004,1,5004,variant_high,14.99,15.0,2024-02-03,1,1,1,323.79,47.5,1,1,58
5005,1,5005,variant_mid,12.99,10.0,2025-05-02,1,1,1,142.13,64.4,2,0,81
5006,1,5006,variant_high,14.99,15.0,2024-04-15,0,0,0,31.94,16.5,3,1,81
5007,1,5007,control,9.99,0.0,2025-10-25,0,0,0,23.64,11.9,0,1,71
5008,1,5008,variant_mid,12.99,10.0,2024-12-16,1,1,1,159.51,70.2,1,0,71
5009,1,5009,variant_high,14.99,15.0,2024-12-06,1,1,0,141.73,49.8,3,1,6
5010,1,5010,control,9.99,0.0,2024-01-31,0,0,0,26.0,27.8,4,0,17
5011,1,5011,variant_high,14.99,15.0,2024-08-29,1,1,1,162.58,69.2,4,0,25
5012,1,5012,variant_mid,12.99,10.0,2024-01-22,1,0,0,61.08,68.1,1,1,74
5013,1,5013,variant_high,14.99,15.0,2024-03-23,1,0,0,104.55,63.0,1,1,81
5014,1,5014,control,9.99,0.0,2025-03-21,1,0,0,869.4,100.0,4,1,75
5015,1,5015,variant_mid,12.99,10.0,2025-01-04,1,0,0,37.78,55.2,5,1,4
5016,1,5016,control,9.99,0.0,2025-03-05,0,0,0,273.12,26.2,0,1,73
5017,1,5017,variant_high,14.99,15.0,2025-08-30,1,1,1,25.69,73.4,3,1,42
5018,1,5018,control,9.99,0.0,2025-08-23,0,0,0,211.05,6.7,1,0,3
5019,1,5019,variant_high,14.99,15.0,2025-10-07,0,0,0,228.66,0.0,1,1,23
5020,1,5020,variant_mid,12.99,10.0,2024-03-14,0,0,0,355.79,1.9,1,1,10
5021,1,5021,variant_high,14.99,15.0,2024-03-13,1,1,1,392.14,64.2,3,0,20
5022,1,5022,variant_high,14.99,15.0,2025-10-31,1,0,0,94.31,52.7,6,1,50
5023,1,5023,variant_high,14.99,15.0,2025-10-11,1,1,0,126.28,40.1,4,1,48
5024,1,5024,control,9.99,0.0,2024-01-20,0,0,0,234.35,50.1,2,0,22
5025,1,5025,variant_high,14.99,15.0,2024-02-11,0,0,0,318.82,0.0,1,1,73
5026,1,5026,variant_mid,12.99,10.0,2024-08-21,1,1,1,109.37,45.6,0,1,76
5027,1,5027,variant_mid,12.99,10.0,2025-02-15,1,1,1,261.89,76.5,3,1,70
5028,1,5028,control,9.99,0.0,2024-02-17,1,1,1,152.56,76.3,1,1,57
5029,1,5029,variant_high,14.99,15.0,2024-12-13,1,0,0,21.45,63.0,2,1,27
5030,1,5030,variant_mid,12.99,10.0,2024-07-06,1,1,1,339.0,66.9,1,1,30
5031,1,5031,variant_high,14.99,15.0,2025-11-23,1,1,0,57.98,84.5,1,1,21
5032,1,5032,variant_mid,12.99,10.0,2025-08-21,0,0,0,22.04,0.0,2,1,12
5033,1,5033,variant_mid,12.99,10.0,2025-01-26,0,0,0,199.0,0.0,2,0,73
5034,1,5034,control,9.99,0.0,2024-04-02,1,0,0,10.53,87.7,5,1,35
5035,1,5035,control,9.99,0.0,2024-07-13,0,0,0,237.72,11.0,4,0,63
5036,1,5036,variant_high,14.99,15.0,2024-05-30,1,1,0,8.27,60.4,3,1,52
5037,1,5037,variant_high,14.99,15.0,2025-10-04,1,0,0,159.21,51.9,4,1,58
5038,1,5038,control,9.99,0.0,2025-03-25,1,1,1,88.99,50.0,1,0,5
5039,1,5039,variant_mid,12.99,10.0,2024-09-11,1,1,1,42.61,66.2,0,1,23
5040,1,5040,variant_high,14.99,15.0,2024-01-25,1,0,0,52.3,83.1,5,0,0
5041,1,5041,variant_mid,12.99,10.0,2025-09-14,0,0,0,30.6,0.0,4,1,7
5042,1,5042,variant_mid,12.99,10.0,2025-03-22,1,1,1,127.2,53.7,3,0,29
5043,1,5043,variant_high,14.99,15.0,2024-07-10,1,1,1,65.93,62.6,2,1,30
5044,1,5044,control,9.99,0.0,2025-10-28,0,0,0,103.04,0.0,0,1,75
5045,1,5045,variant_mid,12.99,10.0,2025-07-15,1,0,0,96.87,69.5,5,1,17
5046,1,5046,variant_mid,12.99,10.0,2024-03-05,0,0,0,113.44,29.6,2,1,32
5047,1,5047,variant_mid,12.99,10.0,2024-01-09,0,0,0,46.23,18.7,1,1,64
5048,1,5048,control,9.99,0.0,2024-01-25,0,0,0,69.59,0.0,4,1,78
5049,1,5049,control,9.99,0.0,2024-07-24,0,0,0,96.44,0.0,1,0,66
5050,1,5050,variant_high,14.99,15.0,2024-10-29,0,0,0,143.94,19.6,2,1,12
5051,1,5051,variant_high,14.99,15.0,2025-11-26,0,0,0,231.45,22.2,2,0,50
5052,1,5052,variant_high,14.99,15.0,2025-09-19,1,1,0,68.64,45.2,5,1,15
5053,1,5053,variant_high,14.99,15.0,2026-01-03,0,0,0,31.82,20.6,5,1,7
5054,1,5054,control,9.99,0.0,2025-11-19,1,1,1,383.37,79.5,4,1,22
5055,1,5055,variant_mid,12.99,10.0,2024-01-17,0,0,0,164.83,14.6,2,1,24
5056,1,5056,variant_mid,12.99,10.0,2025-08-14,0,0,0,15.6,52.2,2,0,25
5057,1,5057,control,9.99,0.0,2025-11-05,0,0,0,55.19,0.0,2,1,43
5058,1,5058,control,9.99,0.0,2025-04-28,1,0,0,610.1,68.5,2,1,19
5059,1,5059,control,9.99,0.0,2025-12-10,1,1,1,784.66,73.6,3,1,10
5060,1,5060,control,9.99,0.0,2024-11-22,0,0,0,54.43,0.0,1,1,29
5061,1,5061,control,9.99,0.0,2025-08-07,0,0,0,48.06,15.6,2,1,87
5062,1,5062,variant_high,14.99,15.0,2025-08-15,1,0,0,258.33,37.5,3,1,84
5063,1,5063,variant_high,14.99,15.0,2024-06-17,0,0,0,24.16,0.0,6,1,28
5064,1,5064,variant_mid,12.99,10.0,2025-07-15,1,0,0,98.63,87.1,5,0,58
5065,1,5065,control,9.99,0.0,2024-12-20,1,1,1,76.48,64.8,3,0,36
5066,1,5066,control,9.99,0.0,2024-05-29,0,0,0,125.82,1.7,0,0,67
5067,1,5067,variant_high,14.99,15.0,2024-03-21,1,1,1,42.1,43.5,4,1,66
5068,1,5068,variant_mid,12.99,10.0,2025-06-13,1,0,0,61.91,38.1,1,1,49
5069,1,5069,variant_mid,12.99,10.0,2025-08-27,0,0,0,63.08,3.1,1,1,33
5070,1,5070,control,9.99,0.0,2025-08-17,0,0,0,24.57,0.0,1,0,4
5071,1,5071,variant_high,14.99,15.0,2025-12-26,1,1,0,209.75,63.7,3,1,30
5072,1,5072,variant_mid,12.99,10.0,2025-11-08,1,1,1,70.44,21.0,3,1,77
5073,1,5073,control,9.99,0.0,2024-06-02,1,0,0,73.06,48.0,3,1,36
5074,1,5074,variant_high,14.99,15.0,2025-06-23,1,1,1,236.52,63.0,3,1,62
5075,1,5075,variant_mid,12.99,10.0,2024-06-29,0,0,0,19.37,41.4,0,1,53
5076,1,5076,control,9.99,0.0,2025-07-02,1,1,0,458.47,43.9,2,1,51
5077,1,5077,variant_mid,12.99,10.0,2024-11-10,1,0,0,42.45,62.5,3,1,69
5078,1,5078,variant_mid,12.99,10.0,2025-10-24,0,0,0,194.59,0.0,6,1,81
5079,1,5079,variant_high,14.99,15.0,2024-04-04,1,1,0,135.42,90.1,3,1,1
5080,1,5080,control,9.99,0.0,2024-05-27,0,0,0,529.7,22.9,2,1,1
5081,1,5081,variant_high,14.99,15.0,2025-04-03,1,0,0,145.6,77.9,2,1,51
5082,1,5082,variant_high,14.99,15.0,2025-02-07,1,1,0,233.98,44.7,1,1,38
5083,1,5083,variant_high,14.99,15.0,2025-10-02,0,0,0,8.55,8.6,2,1,60
5084,1,5084,control,9.99,0.0,2025-10-18,1,0,0,101.92,71.9,5,1,36
5085,1,5085,control,9.99,0.0,2024-07-20,1,1,1,67.98,60.6,1,1,47
5086,1,5086,variant_high,14.99,15.0,2025-04-16,0,0,0,34.92,30.4,2,1,25
5087,1,5087,variant_mid,12.99,10.0,2025-07-22,1,1,1,29.12,71.9,5,1,29
5088,1,5088,variant_high,14.99,15.0,2025-11-20,0,0,0,15.7,9.2,5,1,45
5089,1,5089,variant_mid,12.99,10.0,2024-09-21,0,0,0,75.53,5.6,4,0,10
5090,1,5090,variant_mid,12.99,10.0,2024-02-15,1,1,1,26.87,53.9,5,0,89
5091,1,5091,variant_high,14.99,15.0,2024-09-14,0,0,0,244.0,14.0,4,0,45
5092,1,5092,variant_high,14.99,15.0,2024-06-08,1,0,0,212.6,64.4,4,1,24
5093,1,5093,variant_mid,12.99,10.0,2024-02-11,0,0,0,406.15,11.6,3,1,78
5094,1,5094,variant_high,14.99,15.0,2024-06-25,1,1,1,38.62,93.6,2,1,63
5095,1,5095,control,9.99,0.0,2024-05-26,0,0,0,14.42,0.0,3,1,19
5096,1,5096,variant_mid,12.99,10.0,2024-03-13,0,0,0,67.18,10.8,0,1,66
5097,1,5097,control,9.99,0.0,2025-07-15,0,0,0,56.98,28.8,0,1,7
5098,1,5098,variant_high,14.99,15.0,2025-04-12,0,0,0,77.3,4.9,4,1,24
5099,1,5099,variant_high,14.99,15.0,2024-05-10,1,1,1,155.99,76.8,2,1,77
5100,1,5100,variant_high,14.99,15.0,2024-10-26,0,0,0,34.42,22.7,4,0,23
5101,1,5101,variant_mid,12.99,10.0,2025-09-12,1,0,0,275.33,48.6,2,1,31
5102,1,5102,variant_high,14.99,15.0,2024-07-05,0,0,0,33.34,8.5,2,1,3
5103,1,5103,control,9.99,0.0,2024-06-24,1,0,0,28.75,49.3,5,1,28
5104,1,5104,variant_mid,12.99,10.0,2025-07-03,0,0,0,46.91,0.6,3,0,34
5105,1,5105,variant_high,14.99,15.0,2024-11-04,0,0,0,106.17,30.9,6,1,40
5106,1,5106,control,9.99,0.0,2025-05-22,1,1,1,611.54,61.4,0,1,16
5107,1,5107,control,9.99,0.0,2024-05-31,1,1,0,552.32,51.1,0,1,45
5108,1,5108,variant_mid,12.99,10.0,2024-02-04,1,0,0,94.09,100.0,2,1,18
5109,1,5109,variant_high,14.99,15.0,2025-02-11,0,0,0,45.38,0.0,5,1,40
5110,1,5110,variant_mid,12.99,10.0,2024-12-06,0,0,0,130.69,33.3,4,1,10
5111,1,5111,variant_high,14.99,15.0,2025-09-26,0,0,0,67.53,18.3,2,1,39
5112,1,5112,variant_high,14.99,15.0,2025-06-22,0,0,0,22.77,0.0,3,1,21
5113,1,5113,control,9.99,0.0,2024-09-18,0,0,0,151.54,5.1,0,1,85
5114,1,5114,variant_high,14.99,15.0,2024-03-28,1,1,1,37.98,35.6,2,1,67
5115,1,5115,variant_mid,12.99,10.0,2025-02-17,1,0,0,200.05,60.4,2,0,29
5116,1,5116,variant_mid,12.99,10.0,2025-08-14,0,0,0,15.63,3.6,7,0,56
5117,1,5117,control,9.99,0.0,2024-08-21,1,0,0,26.91,58.7,1,1,36
5118,1,5118,variant_mid,12.99,10.0,2025-04-11,1,0,0,59.76,37.0,4,0,39
5119,1,5119,variant_high,14.99,15.0,2024-02-13,0,0,0,103.02,27.7,1,0,46
5120,1,5120,variant_mid,12.99,10.0,2025-06-27,1,0,0,119.88,70.3,2,1,8
5121,1,5121,control,9.99,0.0,2025-09-12,1,1,1,182.61,76.8,2,1,25
5122,1,5122,control,9.99,0.0,2024-07-04,0,0,0,161.11,32.7,2,1,51
5123,1,5123,variant_high,14.99,15.0,2025-05-18,0,0,0,99.71,6.9,2,1,45
5124,1,5124,variant_mid,12.99,10.0,2025-07-16,1,1,0,59.9,69.7,6,0,56
5125,1,5125,control,9.99,0.0,2024-06-24,0,0,0,55.51,0.0,1,1,29
5126,1,5126,variant_high,14.99,15.0,2024-05-06,1,1,0,61.84,92.4,3,0,31
5127,1,5127,control,9.99,0.0,2024-10-17,1,0,0,90.48,35.5,1,1,13
5128,1,5128,variant_high,14.99,15.0,2025-10-08,0,0,0,109.17,31.4,1,0,58
5129,1,5129,control,9.99,0.0,2024-09-26,0,0,0,111.92,17.3,3,1,3
5130,1,5130,control,9.99,0.0,2024-06-03,1,1,1,358.17,79.5,1,1,45
5131,1,5131,control,9.99,0.0,2024-08-14,1,0,0,115.36,35.8,2,1,16
5132,1,5132,variant_high,14.99,15.0,2024-07-19,1,0,0,308.01,47.4,1,1,83
5133,1,5133,variant_high,14.99,15.0,2025-01-24,1,1,0,86.63,42.3,3,1,6
5134,1,5134,control,9.99,0.0,2025-05-12,1,0,0,938.73,52.8,1,1,46
5135,1,5135,variant_high,14.99,15.0,2024-08-02,1,1,1,86.45,42.0,5,1,20
5136,1,5136,variant_high,14.99,15.0,2024-09-07,1,1,0,424.43,77.6,5,1,69
5137,1,5137,variant_mid,12.99,10.0,2025-01-05,0,0,0,178.45,6.2,4,1,3
5138,1,5138,variant_mid,12.99,10.0,2024-08-30,0,0,0,51.69,0.0,3,1,7
5139,1,5139,variant_mid,12.99,10.0,2024-12-02,0,0,0,40.2,18.0,0,1,26
5140,1,5140,control,9.99,0.0,2024-02-20,0,0,0,73.18,18.4,0,1,57
5141,1,5141,variant_high,14.99,15.0,2024-10-14,0,0,0,77.53,0.0,2,0,73
5142,1,5142,variant_high,14.99,15.0,2025-09-05,0,0,0,14.53,8.3,3,1,32
5143,1,5143,variant_high,14.99,15.0,2024-11-23,1,1,0,159.81,72.0,1,0,64
5144,1,5144,variant_high,14.99,15.0,2024-12-10,0,0,0,68.7,2.0,6,0,36
5145,1,5145,variant_high,14.99,15.0,2025-04-03,1,1,0,87.85,90.1,7,1,81
5146,1,5146,variant_high,14.99,15.0,2024-10-25,1,0,0,35.03,40.4,3,1,40
5147,1,5147,variant_high,14.99,15.0,2024-11-05,0,0,0,221.86,8.0,5,0,62
5148,1,5148,variant_mid,12.99,10.0,2024-07-01,0,0,0,147.05,46.7,3,1,46
5149,1,5149,variant_high,14.99,15.0,2025-07-25,1,1,1,149.38,84.5,1,0,19
5150,1,5150,variant_high,14.99,15.0,2025-02-17,1,1,1,37.13,70.0,1,0,14
5151,1,5151,control,9.99,0.0,2024-01-19,0,0,0,54.72,45.4,1,1,88
5152,1,5152,variant_mid,12.99,10.0,2025-02-18,1,1,0,228.29,58.8,2,1,57
5153,1,5153,variant_high,14.99,15.0,2024-09-29,1,1,1,62.79,76.2,4,1,66
5154,1,5154,control,9.99,0.0,2024-01-08,1,0,0,54.24,67.3,0,1,59
5155,1,5155,variant_mid,12.99,10.0,2025-01-08,0,0,0,40.79,31.8,5,0,77
5156,1,5156,control,9.99,0.0,2024-03-12,0,0,0,71.24,20.3,2,0,86
5157,1,5157,control,9.99,0.0,2024-06-09,0,0,0,245.03,10.3,1,1,31
5158,1,5158,variant_mid,12.99,10.0,2025-04-03,1,0,0,673.51,66.9,4,1,26
5159,1,5159,control,9.99,0.0,2025-01-24,0,0,0,58.21,19.9,2,1,62
5160,1,5160,variant_high,14.99,15.0,2024-08-09,0,0,0,441.06,13.4,2,1,43
5161,1,5161,variant_mid,12.99,10.0,2025-10-04,1,0,0,217.13,47.5,1,1,19
5162,1,5162,control,9.99,0.0,2026-01-06,0,0,0,89.67,8.4,3,1,2
5163,1,5163,control,9.99,0.0,2024-03-19,1,1,1,287.48,29.6,2,1,82
5164,1,5164,control,9.99,0.0,2024-07-15,0,0,0,154.96,20.5,3,0,10
5165,1,5165,variant_mid,12.99,10.0,2024-01-12,1,1,1,75.44,35.7,0,1,10
5166,1,5166,variant_high,14.99,15.0,2024-05-05,0,0,0,13.63,21.7,3,1,56
5167,1,5167,variant_mid,12.99,10.0,2024-10-02,1,0,0,506.25,63.3,2,0,76
5168,1,5168,control,9.99,0.0,2024-02-08,1,0,0,13.41,52.0,5,1,1
5169,1,5169,variant_mid,12.99,10.0,2025-11-06,1,1,1,338.05,60.6,2,1,86
5170,1,5170,variant_high,14.99,15.0,2025-06-02,0,0,0,141.62,52.4,1,1,51
5171,1,5171,variant_high,14.99,15.0,2024-03-01,0,0,0,492.71,15.5,1,0,29
5172,1,5172,variant_high,14.99,15.0,2024-08-03,1,1,0,101.76,26.9,1,0,55
5173,1,5173,control,9.99,0.0,2025-06-19,0,0,0,91.75,0.0,1,0,27
5174,1,5174,control,9.99,0.0,2024-07-24,0,0,0,90.35,18.8,5,1,84
5175,1,5175,variant_mid,12.99,10.0,2024-12-27,1,0,0,62.18,34.8,3,0,74
5176,1,5176,variant_mid,12.99,10.0,2024-03-25,1,1,1,171.69,51.6,3,1,27
5177,1,5177,variant_high,14.99,15.0,2025-09-22,0,0,0,25.41,0.0,3,1,1
5178,1,5178,control,9.99,0.0,2024-02-21,0,0,0,13.11,25.4,2,1,21
5179,1,5179,variant_high,14.99,15.0,2024-03-25,0,0,0,76.16,14.2,3,1,30
5180,1,5180,variant_high,14.99,15.0,2024-07-02,1,1,0,620.23,87.6,0,1,86
5181,1,5181,variant_high,14.99,15.0,2024-10-02,1,1,1,1006.55,48.2,0,1,35
5182,1,5182,variant_high,14.99,15.0,2024-11-02,1,0,0,261.43,52.4,2,1,60
5183,1,5183,variant_mid,12.99,10.0,2025-05-29,0,0,0,228.38,28.6,2,1,1
5184,1,5184,variant_mid,12.99,10.0,2025-05-13,0,0,0,81.05,0.0,4,0,59
5185,1,5185,variant_high,14.99,15.0,2024-01-13,0,0,0,189.45,7.2,4,1,69
5186,1,5186,control,9.99,0.0,2024-03-17,1,1,1,87.6,68.1,3,1,18
5187,1,5187,control,9.99,0.0,2024-08-31,0,0,0,185.37,36.4,2,1,30
5188,1,5188,control,9.99,0.0,2024-09-30,0,0,0,133.83,28.5,1,1,50
5189,1,5189,variant_mid,12.99,10.0,2025-07-30,1,1,1,273.01,45.8,6,1,57
5190,1,5190,variant_mid,12.99,10.0,2025-12-30,1,1,0,83.13,77.2,1,1,65
5191,1,5191,control,9.99,0.0,2024-07-20,0,0,0,43.63,31.3,1,1,8
5192,1,5192,variant_mid,12.99,10.0,2025-05-26,0,0,0,8342.65,0.0,2,0,26
5193,1,5193,variant_mid,12.99,10.0,2024-07-25,0,0,0,69.95,43.0,3,0,20
5194,1,5194,variant_high,14.99,15.0,2026-01-13,0,0,0,185.66,0.0,3,1,18
5195,1,5195,control,9.99,0.0,2025-03-31,1,1,0,15.58,88.6,3,1,47
5196,1,5196,variant_high,14.99,15.0,2024-03-13,1,0,0,177.94,42.3,2,1,18
5197,1,5197,variant_high,14.99,15.0,2024-03-29,0,0,0,118.42,0.0,3,1,1
5198,1,5198,variant_mid,12.99,10.0,2024-11-08,0,0,0,20.77,49.5,2,1,23
5199,1,5199,variant_mid,12.99,10.0,2024-12-04,0,0,0,90.33,0.0,6,1,12
5200,1,5200,control,9.99,0.0,2024-06-19,1,0,0,252.62,63.5,3,0,58
5201,1,5201,variant_high,14.99,15.0,2024-03-04,1,1,0,91.52,83.1,3,1,43
5202,1,5202,variant_high,14.99,15.0,2025-11-26,1,1,1,205.17,32.9,2,1,77
5203,1,5203,control,9.99,0.0,2025-05-22,0,0,0,277.69,19.8,2,1,41
5204,1,5204,variant_high,14.99,15.0,2025-10-30,0,0,0,346.39,0.0,6,0,63
5205,1,5205,control,9.99,0.0,2024-08-01,0,0,0,166.85,1.0,3,0,15
5206,1,5206,variant_high,14.99,15.0,2025-03-02,0,0,0,21.32,10.8,8,1,70
5207,1,5207,variant_mid,12.99,10.0,2025-04-17,0,0,0,43.91,8.9,4,0,16
5208,1,5208,variant_mid,12.99,10.0,2024-08-17,0,0,0,136.17,19.2,2,1,30
5209,1,5209,variant_high,14.99,15.0,2025-04-15,1,0,0,291.07,62.4,1,1,87
5210,1,5210,variant_mid,12.99,10.0,2025-02-02,1,1,1,36.99,83.6,1,1,26
5211,1,5211,control,9.99,0.0,2025-10-06,0,0,0,30.47,20.6,1,1,30
5212,1,5212,variant_high,14.99,15.0,2025-10-01,1,0,0,245.72,26.9,7,0,30
5213,1,5213,control,9.99,0.0,2025-11-14,0,0,0,70.36,15.1,2,0,85
5214,1,5214,variant_high,14.99,15.0,2025-03-13,1,1,0,56.24,78.6,2,0,14
5215,1,5215,control,9.99,0.0,2024-02-26,1,1,1,103.21,53.6,0,1,84
5216,1,5216,variant_mid,12.99,10.0,2025-07-30,0,0,0,281.06,7.8,6,0,77
5217,1,5217,variant_mid,12.99,10.0,2024-11-17,0,0,0,319.17,9.1,4,1,84
5218,1,5218,variant_mid,12.99,10.0,2025-05-25,0,0,0,44.2,0.0,2,1,59
5219,1,5219,variant_mid,12.99,10.0,2025-05-18,1,0,0,42.93,66.5,4,0,75
5220,1,5220,variant_mid,12.99,10.0,2024-03-26,1,0,0,29.93,52.7,3,1,77
5221,1,5221,variant_high,14.99,15.0,2024-06-08,0,0,0,253.99,23.4,2,1,19
5222,1,5222,control,9.99,0.0,2025-07-15,0,0,0,488.55,5.6,3,1,16
5223,1,5223,variant_high,14.99,15.0,2025-03-01,1,0,0,176.23,62.2,3,1,81
5224,1,5224,control,9.99,0.0,2024-06-13,1,1,0,415.68,100.0,1,0,58
5225,1,5225,variant_high,14.99,15.0,2025-09-18,0,0,0,89.57,2.3,0,1,72
5226,1,5226,variant_high,14.99,15.0,2025-10-12,1,0,0,273.03,58.7,1,1,20
5227,1,5227,variant_high,14.99,15.0,2024-06-15,0,0,0,39.84,28.5,3,1,66
5228,1,5228,control,9.99,0.0,2024-08-28,1,0,0,209.52,54.1,2,1,77
5229,1,5229,variant_high,14.99,15.0,2024-05-28,1,0,0,303.87,35.5,4,1,28
5230,1,5230,variant_high,14.99,15.0,2025-02-22,0,0,0,388.84,0.0,3,1,62
5231,1,5231,variant_high,14.99,15.0,2025-07-18,1,0,0,383.14,60.1,5,1,1
5232,1,5232,control,9.99,0.0,2024-08-05,0,0,0,67.35,45.7,3,0,40
5233,1,5233,variant_high,14.99,15.0,2024-01-21,1,1,0,570.88,77.0,2,1,63
5234,1,5234,variant_mid,12.99,10.0,2024-01-22,1,1,1,342.89,100.0,4,0,34
5235,1,5235,variant_high,14.99,15.0,2024-07-25,1,0,0,33.74,56.3,2,0,74
5236,1,5236,variant_mid,12.99,10.0,2025-08-07,1,0,0,177.6,36.6,2,1,37
5237,1,5237,control,9.99,0.0,2024-09-29,0,0,0,792.17,0.0,3,1,81
5238,1,5238,variant_high,14.99,15.0,2025-06-20,1,1,1,544.39,61.8,3,1,40
5239,1,5239,control,9.99,0.0,2025-10-30,0,0,0,46.45,0.0,1,0,1
5240,1,5240,variant_high,14.99,15.0,2025-11-14,1,1,1,63.04,69.6,2,1,2
5241,1,5241,control,9.99,0.0,2024-09-01,0,0,0,169.45,0.0,1,1,5
5242,1,5242,variant_high,14.99,15.0,2025-03-02,0,0,0,24.55,0.0,5,1,27
5243,1,5243,variant_mid,12.99,10.0,2025-06-22,0,0,0,22.6,0.0,3,1,67
5244,1,5244,control,9.99,0.0,2024-05-26,1,0,0,82.55,51.2,0,0,23
5245,1,5245,variant_high,14.99,15.0,2025-05-26,1,0,0,548.69,19.1,2,1,72
5246,1,5246,control,9.99,0.0,2024-05-05,1,0,0,76.11,58.0,2,1,70
5247,1,5247,control,9.99,0.0,2025-03-05,0,0,0,124.42,27.7,2,1,83
5248,1,5248,variant_high,14.99,15.0,2024-10-21,0,0,0,291.1,0.0,5,1,22
5249,1,5249,control,9.99,0.0,2024-10-18,0,0,0,186.0,31.9,1,1,48
5250,1,5250,control,9.99,0.0,2024-08-31,0,0,0,223.91,36.3,1,1,21
5251,1,5251,variant_mid,12.99,10.0,2025-01-06,0,0,0,219.99,26.3,1,0,86
5252,1,5252,control,9.99,0.0,2024-11-02,0,0,0,23.86,0.0,4,1,34
5253,1,5253,variant_high,14.99,15.0,2024-07-24,0,0,0,21.17,13.1,3,0,12
5254,1,5254,variant_high,14.99,15.0,2024-06-13,0,0,0,12.09,6.7,5,1,88
5255,1,5255,variant_high,14.99,15.0,2025-01-06,0,0,0,951.71,19.2,2,1,21
5256,1,5256,variant_high,14.99,15.0,2025-12-31,0,0,0,252.65,19.6,4,1,74
5257,1,5257,variant_high,14.99,15.0,2025-04-23,1,0,0,73.34,75.3,8,0,65
5258,1,5258,control,9.99,0.0,2024-03-17,0,0,0,141.66,51.8,2,1,42
5259,1,5259,variant_high,14.99,15.0,2024-03-13,1,0,0,166.37,73.1,4,1,21
5260,1,5260,variant_high,14.99,15.0,2025-06-25,0,0,0,721.25,15.6,1,1,36
5261,1,5261,variant_high,14.99,15.0,2025-02-08,0,0,0,101.29,14.4,3,1,67
5262,1,5262,variant_high,14.99,15.0,2025-03-09,1,1,1,22.33,57.1,1,1,72
5263,1,5263,variant_high,14.99,15.0,2024-10-12,1,0,0,165.74,69.8,2,1,37
5264,1,5264,control,9.99,0.0,2025-02-27,1,0,0,94.98,55.5,2,1,33
5265,1,5265,variant_mid,12.99,10.0,2025-03-11,1,1,1,551.57,67.1,9,0,10
5266,1,5266,control,9.99,0.0,2025-04-05,1,1,1,38.09,65.6,4,1,21
5267,1,5267,variant_high,14.99,15.0,2025-11-20,1,0,0,22.19,70.0,1,0,13
5268,1,5268,variant_high,14.99,15.0,2025-10-25,0,0,0,398.44,28.3,0,1,58
5269,1,5269,variant_mid,12.99,10.0,2025-09-04,1,0,0,63.9,64.7,1,1,7
5270,1,5270,control,9.99,0.0,2025-05-10,1,0,0,189.48,44.2,3,1,55
5271,1,5271,variant_mid,12.99,10.0,2025-06-01,0,0,0,102.35,16.0,4,1,14
5272,1,5272,control,9.99,0.0,2024-07-19,1,1,1,195.68,57.2,3,0,69
5273,1,5273,variant_mid,12.99,10.0,2025-10-10,1,1,1,325.3,83.8,4,1,68
5274,1,5274,variant_high,14.99,15.0,2024-07-16,0,0,0,243.11,11.0,2,1,68
5275,1,5275,variant_mid,12.99,10.0,2024-04-16,0,0,0,14.59,42.9,4,0,89
5276,1,5276,variant_high,14.99,15.0,2025-08-29,1,0,0,34.47,64.0,5,1,73
5277,1,5277,variant_high,14.99,15.0,2024-11-08,0,0,0,443.74,17.6,3,1,52
5278,1,5278,variant_high,14.99,15.0,2024-12-19,1,1,1,220.79,58.0,2,1,21
5279,1,5279,control,9.99,0.0,2025-04-18,0,0,0,59.54,0.0,1,1,81
5280,1,5280,control,9.99,0.0,2025-06-07,1,0,0,90.88,47.2,3,1,61
5281,1,5281,control,9.99,0.0,2024-03-16,0,0,0,40.94,0.0,1,0,15
5282,1,5282,control,9.99,0.0,2024-10-08,0,0,0,214.73,0.3,1,1,77
5283,1,5283,control,9.99,0.0,2025-08-01,1,1,1,73.09,71.1,0,1,47
5284,1,5284,variant_mid,12.99,10.0,2025-06-30,0,0,0,42.82,6.9,2,0,39
5285,1,5285,variant_high,14.99,15.0,2025-04-09,1,0,0,54.57,57.1,2,1,57
5286,1,5286,control,9.99,0.0,2024-11-12,0,0,0,72.45,0.7,2,1,61
5287,1,5287,variant_mid,12.99,10.0,2024-10-02,0,0,0,41.2,0.0,4,1,31
5288,1,5288,variant_mid,12.99,10.0,2024-12-27,1,0,0,71.08,45.1,3,1,59
5289,1,5289,control,9.99,0.0,2024-05-12,0,0,0,81.71,0.0,3,1,42
5290,1,5290,control,9.99,0.0,2025-11-15,1,1,1,18.88,55.0,3,1,59
5291,1,5291,control,9.99,0.0,2024-05-27,0,0,0,36.69,18.9,5,1,30
5292,1,5292,variant_mid,12.99,10.0,2025-01-07,1,0,0,306.78,52.4,2,0,44
5293,1,5293,variant_mid,12.99,10.0,2025-07-07,1,0,0,87.96,72.1,8,1,8
5294,1,5294,control,9.99,0.0,2024-06-21,0,0,0,362.15,0.0,1,1,88
5295,1,5295,control,9.99,0.0,2026-01-05,0,0,0,253.4,14.4,1,1,74
5296,1,5296,control,9.99,0.0,2025-02-06,0,0,0,596.21,10.6,1,1,1
5297,1,5297,control,9.99,0.0,2024-05-12,1,1,1,38.37,63.5,2,1,81
5298,1,5298,variant_high,14.99,15.0,2024-01-07,0,0,0,184.15,25.7,1,0,21
5299,1,5299,variant_high,14.99,15.0,2024-09-02,0,0,0,151.59,0.4,4,1,16
5300,1,5300,variant_high,14.99,15.0,2024-07-27,0,0,0,48.41,11.8,2,0,82
5301,1,5301,variant_mid,12.99,10.0,2024-02-26,1,1,0,67.87,63.0,2,1,69
5302,1,5302,control,9.99,0.0,2025-03-27,1,1,1,84.4,58.2,3,1,79
5303,1,5303,control,9.99,0.0,2025-01-30,0,0,0,67.52,3.0,1,1,62
5304,1,5304,variant_mid,12.99,10.0,2024-02-24,1,0,0,452.44,53.1,1,1,35
5305,1,5305,variant_high,14.99,15.0,2025-09-08,0,0,0,64.22,1.4,3,1,78
5306,1,5306,variant_high,14.99,15.0,2024-12-05,0,0,0,577.59,0.0,2,0,41
5307,1,5307,variant_high,14.99,15.0,2025-03-05,1,0,0,135.26,29.2,1,0,15
5308,1,5308,variant_mid,12.99,10.0,2025-03-28,1,1,1,312.91,82.5,2,1,38
5309,1,5309,variant_high,14.99,15.0,2025-09-21,0,0,0,182.78,0.0,5,1,31
5310,1,5310,variant_high,14.99,15.0,2024-06-27,0,0,0,36.14,4.8,4,1,0
5311,1,5311,variant_high,14.99,15.0,2024-02-09,0,0,0,237.86,12.8,3,0,45
5312,1,5312,control,9.99,0.0,2024-06-22,0,0,0,89.26,0.0,3,0,80
5313,1,5313,control,9.99,0.0,2025-05-15,1,0,0,146.72,56.1,3,1,12
5314,1,5314,variant_mid,12.99,10.0,2025-05-04,0,0,0,56.6,28.1,4,1,63
5315,1,5315,variant_mid,12.99,10.0,2024-08-27,0,0,0,21.98,1.4,1,1,86
5316,1,5316,variant_mid,12.99,10.0,2025-12-17,0,0,0,97.38,17.7,3,1,18
5317,1,5317,variant_high,14.99,15.0,2025-05-30,1,1,1,350.03,60.0,0,1,18
5318,1,5318,variant_mid,12.99,10.0,2024-08-27,0,0,0,17.42,13.3,1,1,13
5319,1,5319,variant_mid,12.99,10.0,2025-12-20,0,0,0,329.48,29.2,5,0,17
5320,1,5320,control,9.99,0.0,2024-05-31,0,0,0,36.97,0.0,2,1,0
5321,1,5321,variant_mid,12.99,10.0,2024-01-26,0,0,0,23.32,20.3,2,1,5
5322,1,5322,variant_mid,12.99,10.0,2025-12-19,0,0,0,381.71,0.0,5,1,70
5323,1,5323,control,9.99,0.0,2024-11-19,1,0,0,56.7,92.4,2,1,44
5324,1,5324,control,9.99,0.0,2025-09-11,1,0,0,287.02,71.8,1,1,73
5325,1,5325,variant_mid,12.99,10.0,2025-09-28,0,0,0,69.41,0.0,4,0,58
5326,1,5326,variant_high,14.99,15.0,2025-11-25,1,0,0,656.24,71.9,2,0,73
5327,1,5327,control,9.99,0.0,2025-07-24,1,1,1,47.53,73.4,2,1,1
5328,1,5328,control,9.99,0.0,2024-02-11,1,1,0,170.44,30.7,1,1,87
5329,1,5329,control,9.99,0.0,2025-02-11,0,0,0,43.13,14.3,1,1,77
5330,1,5330,control,9.99,0.0,2025-11-16,1,0,0,221.0,31.9,0,1,70
5331,1,5331,variant_high,14.99,15.0,2025-07-20,1,0,0,300.05,48.2,7,0,3
5332,1,5332,control,9.99,0.0,2025-09-07,1,0,0,125.19,53.6,2,0,21
5333,1,5333,variant_mid,12.99,10.0,2025-08-04,1,0,0,276.51,58.6,7,1,65
5334,1,5334,variant_high,14.99,15.0,2024-08-26,0,0,0,77.61,19.6,0,1,44
5335,1,5335,variant_mid,12.99,10.0,2025-07-21,1,0,0,136.49,64.2,2,0,62
5336,1,5336,variant_mid,12.99,10.0,2025-04-11,1,1,1,126.08,63.0,1,1,44
5337,1,5337,variant_high,14.99,15.0,2025-03-15,0,0,0,16.22,0.0,5,1,78
5338,1,5338,variant_mid,12.99,10.0,2024-05-13,1,1,1,78.65,48.9,2,0,81
5339,1,5339,control,9.99,0.0,2024-03-28,0,0,0,129.52,23.8,3,1,58
5340,1,5340,control,9.99,0.0,2024-11-13,1,0,0,567.54,71.5,1,0,68
5341,1,5341,variant_high,14.99,15.0,2024-07-05,0,0,0,52.23,42.7,2,0,21
5342,1,5342,variant_high,14.99,15.0,2025-03-19,1,0,0,85.24,73.5,6,0,60
5343,1,5343,control,9.99,0.0,2024-09-01,1,1,0,17.89,59.8,1,1,32
5344,1,5344,variant_mid,12.99,10.0,2024-03-28,1,1,1,44.62,64.6,2,0,75
5345,1,5345,control,9.99,0.0,2024-02-04,1,1,1,105.25,89.1,0,1,40
5346,1,5346,control,9.99,0.0,2025-12-07,0,0,0,31.98,40.7,2,1,13
5347,1,5347,variant_high,14.99,15.0,2024-04-03,0,0,0,28.81,29.3,0,1,75
5348,1,5348,variant_mid,12.99,10.0,2025-11-11,0,0,0,10.98,0.0,1,0,72
5349,1,5349,control,9.99,0.0,2025-02-15,1,0,0,21.67,59.4,1,1,64
5350,1,5350,variant_mid,12.99,10.0,2025-10-05,0,0,0,222.5,13.8,3,1,52
5351,1,5351,variant_high,14.99,15.0,2025-11-14,1,0,0,32.36,59.3,1,1,21
5352,1,5352,variant_high,14.99,15.0,2024-04-13,1,0,0,32.65,37.2,6,0,75
5353,1,5353,variant_mid,12.99,10.0,2025-02-19,1,1,0,15.74,67.7,4,1,46
5354,1,5354,variant_high,14.99,15.0,2025-05-20,1,0,0,72.74,78.6,5,0,26
5355,1,5355,variant_high,14.99,15.0,2025-04-10,1,1,1,53.74,80.0,4,1,75
5356,1,5356,variant_high,14.99,15.0,2025-10-26,0,0,0,92.0,0.0,2,1,22
5357,1,5357,variant_mid,12.99,10.0,2024-05-02,1,0,0,377.52,79.4,4,0,10
5358,1,5358,variant_mid,12.99,10.0,2024-04-20,0,0,0,303.45,0.0,3,1,64
5359,1,5359,variant_high,14.99,15.0,2025-09-03,0,0,0,244.35,33.0,3,1,36
5360,1,5360,variant_mid,12.99,10.0,2025-05-07,0,0,0,23.67,28.2,3,1,33
5361,1,5361,variant_mid,12.99,10.0,2025-11-08,0,0,0,172.5,26.9,2,1,74
5362,1,5362,variant_high,14.99,15.0,2024-06-09,0,0,0,85.49,2.9,3,1,66
5363,1,5363,variant_high,14.99,15.0,2024-02-20,1,1,0,24.41,77.6,4,1,79
5364,1,5364,variant_mid,12.99,10.0,2025-06-03,1,0,0,99.59,43.1,1,1,56
5365,1,5365,variant_mid,12.99,10.0,2025-07-12,1,0,0,97.29,49.0,0,0,13
5366,1,5366,variant_high,14.99,15.0,2025-05-01,0,0,0,100.05,12.9,5,1,39
5367,1,5367,variant_mid,12.99,10.0,2024-02-17,0,0,0,97.99,20.3,3,0,7
5368,1,5368,variant_mid,12.99,10.0,2025-10-11,1,1,1,187.82,24.6,1,1,51
5369,1,5369,control,9.99,0.0,2024-07-11,0,0,0,91.07,14.6,1,1,33
5370,1,5370,control,9.99,0.0,2025-01-09,0,0,0,266.74,6.7,0,1,19
5371,1,5371,control,9.99,0.0,2024-01-30,0,0,0,113.63,6.0,1,1,65
5372,1,5372,variant_mid,12.99,10.0,2025-07-26,1,0,0,376.42,48.9,7,1,2
5373,1,5373,variant_high,14.99,15.0,2025-08-24,1,0,0,14.14,78.6,5,1,16
5374,1,5374,control,9.99,0.0,2024-05-24,1,1,0,184.71,38.8,3,1,16
5375,1,5375,control,9.99,0.0,2024-03-18,1,0,0,356.52,86.0,1,1,31
5376,1,5376,variant_mid,12.99,10.0,2025-04-25,0,0,0,156.94,0.0,2,1,84
5377,1,5377,control,9.99,0.0,2025-02-11,1,0,0,778.35,75.2,2,1,45
5378,1,5378,variant_high,14.99,15.0,2025-10-19,1,0,0,30.26,49.6,5,1,46
5379,1,5379,control,9.99,0.0,2024-08-03,1,0,0,29.26,53.3,2,0,63
5380,1,5380,variant_high,14.99,15.0,2025-06-11,0,0,0,774.87,4.3,8,1,11
5381,1,5381,variant_mid,12.99,10.0,2025-09-26,0,0,0,134.25,11.6,5,1,56
5382,1,5382,variant_high,14.99,15.0,2025-10-07,0,0,0,146.36,0.0,1,0,42
5383,1,5383,variant_mid,12.99,10.0,2024-03-06,0,0,0,236.21,14.4,3,0,32
5384,1,5384,variant_high,14.99,15.0,2025-04-20,0,0,0,160.0,3.6,2,1,10
5385,1,5385,variant_mid,12.99,10.0,2024-09-10,1,0,0,637.89,51.5,1,1,22
5386,1,5386,variant_high,14.99,15.0,2025-02-06,0,0,0,78.14,21.8,2,1,26
5387,1,5387,control,9.99,0.0,2025-05-17,0,0,0,253.82,0.0,0,1,46
5388,1,5388,variant_mid,12.99,10.0,2025-11-12,1,0,0,22.72,60.1,1,1,25
5389,1,5389,control,9.99,0.0,2024-12-12,0,0,0,5.18,10.0,3,1,84
5390,1,5390,variant_high,14.99,15.0,2024-09-08,1,0,0,88.56,63.2,4,1,86
5391,1,5391,variant_mid,12.99,10.0,2024-06-07,0,0,0,97.53,16.3,3,0,63
5392,1,5392,variant_mid,12.99,10.0,2025-07-18,1,0,0,513.13,62.3,0,1,83
5393,1,5393,control,9.99,0.0,2024-09-15,1,0,0,261.53,46.9,3,0,15
5394,1,5394,control,9.99,0.0,2025-06-09,0,0,0,636.62,0.0,3,1,11
5395,1,5395,variant_high,14.99,15.0,2024-07-15,0,0,0,1014.63,13.4,4,0,75
5396,1,5396,variant_mid,12.99,10.0,2025-08-25,1,1,1,422.26,56.6,4,1,79
5397,1,5397,variant_mid,12.99,10.0,2025-05-03,1,1,0,69.42,28.5,1,1,20
5398,1,5398,variant_high,14.99,15.0,2025-01-13,0,0,0,33.6,4.7,3,0,77
5399,1,5399,control,9.99,0.0,2025-12-26,1,0,0,218.16,69.1,0,1,21
5400,1,5400,variant_mid,12.99,10.0,2025-01-15,1,0,0,45.46,56.2,3,1,9
5401,1,5401,control,9.99,0.0,2025-02-14,1,1,0,142.74,78.8,2,0,69
5402,1,5402,variant_high,14.99,15.0,2024-02-08,1,1,1,132.43,39.0,4,1,72
5403,1,5403,variant_mid,12.99,10.0,2025-05-08,1,1,1,33.12,61.1,2,1,24
5404,1,5404,variant_high,14.99,15.0,2025-11-21,1,1,0,323.86,69.2,0,1,20
5405,1,5405,variant_high,14.99,15.0,2025-03-12,0,0,0,219.64,0.0,2,1,75
5406,1,5406,control,9.99,0.0,2024-10-13,1,1,0,93.28,48.0,2,1,36
5407,1,5407,control,9.99,0.0,2025-05-02,0,0,0,1407.01,14.4,2,1,76
5408,1,5408,control,9.99,0.0,2025-02-21,1,0,0,387.25,56.7,3,1,80
5409,1,5409,variant_mid,12.99,10.0,2024-06-07,1,0,0,21.51,97.3,1,1,2
5410,1,5410,control,9.99,0.0,2024-05-26,1,0,0,336.4,67.2,3,0,65
5411,1,5411,variant_mid,12.99,10.0,2025-10-29,0,0,0,79.21,14.5,2,1,73
5412,1,5412,variant_mid,12.99,10.0,2025-04-05,0,0,0,25.49,0.0,2,0,62
5413,1,5413,variant_mid,12.99,10.0,2025-10-15,1,0,0,66.3,55.3,5,0,86
5414,1,5414,variant_mid,12.99,10.0,2024-09-25,0,0,0,200.72,16.6,2,1,0
5415,1,5415,variant_high,14.99,15.0,2025-12-12,1,0,0,127.68,57.4,3,1,57
5416,1,5416,variant_high,14.99,15.0,2025-03-05,1,0,0,39.39,60.2,1,0,1
5417,1,5417,variant_mid,12.99,10.0,2025-09-27,1,1,0,84.96,78.9,6,1,46
5418,1,5418,variant_high,14.99,15.0,2025-06-30,1,0,0,135.06,77.5,1,1,11
5419,1,5419,variant_high,14.99,15.0,2025-11-18,0,0,0,109.55,14.5,3,0,69
5420,1,5420,control,9.99,0.0,2025-04-03,0,0,0,232.53,10.7,2,1,29
5421,1,5421,variant_mid,12.99,10.0,2025-07-25,0,0,0,16.6,35.2,2,1,6
5422,1,5422,variant_mid,12.99,10.0,2024-02-11,1,0,0,46.1,83.2,2,1,34
5423,1,5423,variant_high,14.99,15.0,2025-02-15,1,1,1,40.88,52.0,1,0,42
5424,1,5424,variant_high,14.99,15.0,2025-08-29,1,0,0,49.57,50.7,3,1,49
5425,1,5425,variant_mid,12.99,10.0,2025-09-04,0,0,0,30.46,11.8,2,1,69
5426,1,5426,variant_mid,12.99,10.0,2025-03-05,1,1,1,130.59,37.5,2,1,63
5427,1,5427,variant_high,14.99,15.0,2025-12-09,1,1,1,175.49,62.8,4,1,10
5428,1,5428,variant_mid,12.99,10.0,2024-06-29,1,0,0,111.99,81.2,5,0,27
5429,1,5429,variant_mid,12.99,10.0,2025-08-08,0,0,0,56.03,16.6,5,1,4
5430,1,5430,variant_mid,12.99,10.0,2024-09-13,1,1,1,232.53,21.8,2,1,57
5431,1,5431,variant_high,14.99,15.0,2024-07-15,0,0,0,215.72,2.1,2,1,69
5432,1,5432,variant_mid,12.99,10.0,2025-08-29,1,0,0,146.66,63.0,1,1,18
5433,1,5433,control,9.99,0.0,2025-08-23,1,0,0,860.34,68.3,2,0,44
5434,1,5434,control,9.99,0.0,2025-11-29,0,0,0,220.53,0.0,1,1,13
5435,1,5435,variant_mid,12.99,10.0,2024-11-22,0,0,0,7.48,28.2,2,0,55
5436,1,5436,variant_mid,12.99,10.0,2025-08-27,0,0,0,128.57,9.0,1,1,76
5437,1,5437,variant_mid,12.99,10.0,2025-07-15,1,1,1,271.81,44.3,5,1,52
5438,1,5438,variant_mid,12.99,10.0,2025-10-23,1,1,1,152.53,62.3,1,1,55
5439,1,5439,variant_high,14.99,15.0,2024-08-27,0,0,0,49.35,0.0,5,1,54
5440,1,5440,variant_high,14.99,15.0,2025-01-07,1,0,0,440.5,50.6,3,0,74
5441,1,5441,variant_mid,12.99,10.0,2025-06-17,1,1,0,21.16,62.1,1,0,37
5442,1,5442,variant_high,14.99,15.0,2024-11-20,0,0,0,33.22,7.9,2,1,5
5443,1,5443,variant_mid,12.99,10.0,2026-01-06,0,0,0,36.18,2.3,3,0,19
5444,1,5444,variant_mid,12.99,10.0,2025-08-23,1,1,1,26.03,20.3,2,0,86
5445,1,5445,control,9.99,0.0,2024-01-27,0,0,0,221.32,21.7,0,1,50
5446,1,5446,variant_mid,12.99,10.0,2024-10-21,0,0,0,490.29,5.6,4,0,17
5447,1,5447,variant_mid,12.99,10.0,2025-02-06,0,0,0,55.78,22.9,3,1,35
5448,1,5448,variant_mid,12.99,10.0,2025-05-30,1,1,1,85.08,55.4,2,1,14
5449,1,5449,variant_high,14.99,15.0,2025-01-29,0,0,0,19.46,0.0,1,0,58
5450,1,5450,control,9.99,0.0,2025-03-31,0,0,0,27.72,0.0,2,1,26
5451,1,5451,control,9.99,0.0,2025-03-16,1,1,0,116.52,36.4,2,1,86
5452,1,5452,variant_high,14.99,15.0,2024-04-30,1,0,0,168.97,53.3,3,0,85
5453,1,5453,variant_mid,12.99,10.0,2024-09-25,1,1,1,520.39,72.8,2,1,85
5454,1,5454,control,9.99,0.0,2024-08-18,0,0,0,54.6,0.0,0,1,16
5455,1,5455,variant_mid,12.99,10.0,2024-10-05,1,1,1,68.25,45.0,2,1,8
5456,1,5456,control,9.99,0.0,2024-06-18,1,1,1,74.47,32.3,1,1,50
5457,1,5457,variant_high,14.99,15.0,2025-12-15,0,0,0,23.23,13.1,3,0,88
5458,1,5458,control,9.99,0.0,2024-04-07,0,0,0,94.89,0.0,2,1,51
5459,1,5459,variant_high,14.99,15.0,2024-09-06,1,1,0,138.67,77.7,1,1,39
5460,1,5460,control,9.99,0.0,2024-11-03,1,1,1,50.99,81.9,4,1,53
5461,1,5461,variant_mid,12.99,10.0,2025-04-09,0,0,0,63.66,0.0,4,0,20
5462,1,5462,variant_mid,12.99,10.0,2024-06-12,0,0,0,495.13,21.2,5,1,48
5463,1,5463,control,9.99,0.0,2025-05-31,1,0,0,50.78,54.8,4,0,74
5464,1,5464,control,9.99,0.0,2024-02-26,0,0,0,51.06,4.4,3,1,68
5465,1,5465,control,9.99,0.0,2024-02-28,1,0,0,43.48,64.1,2,1,76
5466,1,5466,control,9.99,0.0,2024-06-11,0,0,0,123.36,0.0,4,0,85
5467,1,5467,variant_high,14.99,15.0,2024-06-18,1,0,0,175.97,68.3,1,1,46
5468,1,5468,variant_high,14.99,15.0,2025-03-31,1,1,1,52.87,46.6,2,1,84
5469,1,5469,variant_mid,12.99,10.0,2025-08-28,0,0,0,88.32,0.0,1,0,10
5470,1,5470,variant_mid,12.99,10.0,2025-08-13,0,0,0,10.18,15.5,1,1,35
5471,1,5471,variant_mid,12.99,10.0,2024-05-25,1,1,0,361.88,68.7,0,1,75
5472,1,5472,control,9.99,0.0,2024-12-19,0,0,0,326.3,4.2,2,1,65
5473,1,5473,variant_mid,12.99,10.0,2024-05-06,0,0,0,290.88,20.7,5,1,27
5474,1,5474,variant_high,14.99,15.0,2025-04-06,0,0,0,210.65,17.9,3,0,17
5475,1,5475,control,9.99,0.0,2024-07-15,1,0,0,34.69,38.8,1,1,74
5476,1,5476,control,9.99,0.0,2025-05-03,0,0,0,96.9,22.3,0,1,17
5477,1,5477,control,9.99,0.0,2025-07-21,1,0,0,416.47,52.2,1,1,54
5478,1,5478,variant_mid,12.99,10.0,2025-04-25,1,1,1,17.05,61.9,1,1,60
5479,1,5479,variant_high,14.99,15.0,2024-01-07,0,0,0,414.48,2.4,5,0,46
5480,1,5480,variant_mid,12.99,10.0,2026-01-01,0,0,0,146.56,51.1,1,1,68
5481,1,5481,variant_mid,12.99,10.0,2024-11-29,0,0,0,140.33,11.3,3,0,37
5482,1,5482,variant_mid,12.99,10.0,2025-04-01,1,1,0,141.28,66.2,6,1,74
5483,1,5483,variant_high,14.99,15.0,2025-05-26,0,0,0,17.52,32.8,1,1,72
5484,1,5484,variant_mid,12.99,10.0,2025-02-16,1,1,1,246.64,46.4,2,1,4
5485,1,5485,control,9.99,0.0,2025-12-05,1,0,0,116.01,61.5,3,0,87
5486,1,5486,control,9.99,0.0,2025-09-25,1,1,0,158.37,76.2,2,1,13
5487,1,5487,control,9.99,0.0,2025-04-25,1,0,0,434.26,62.1,1,0,27
5488,1,5488,variant_high,14.99,15.0,2025-04-10,0,0,0,154.57,30.8,1,1,33
5489,1,5489,variant_mid,12.99,10.0,2024-09-24,1,0,0,164.95,58.7,5,1,55
5490,1,5490,control,9.99,0.0,2024-12-16,0,0,0,113.4,18.7,0,0,72
5491,1,5491,variant_high,14.99,15.0,2024-01-23,0,0,0,46.44,0.2,3,1,21
5492,1,5492,variant_high,14.99,15.0,2025-07-11,0,0,0,180.55,0.0,3,0,53
5493,1,5493,control,9.99,0.0,2024-04-08,0,0,0,235.15,0.0,3,1,15
5494,1,5494,control,9.99,0.0,2024-07-01,1,1,1,298.31,100.0,1,1,1
5495,1,5495,variant_high,14.99,15.0,2025-03-02,1,1,0,735.65,75.9,4,1,88
5496,1,5496,control,9.99,0.0,2025-05-25,0,0,0,24.75,41.0,3,1,74
5497,1,5497,control,9.99,0.0,2024-01-28,0,0,0,26.3,30.1,3,1,48
5498,1,5498,variant_mid,12.99,10.0,2025-07-22,1,0,0,2032.75,58.4,1,1,57
5499,1,5499,variant_high,14.99,15.0,2024-04-26,0,0,0,34.36,33.2,5,1,46
5500,1,5500,variant_mid,12.99,10.0,2025-05-01,1,0,0,129.46,64.4,3,1,85
5501,1,5501,control,9.99,0.0,2025-07-30,0,0,0,200.7,33.2,3,1,89
5502,1,5502,variant_high,14.99,15.0,2024-05-26,0,0,0,176.0,0.0,3,1,6
5503,1,5503,variant_high,14.99,15.0,2024-10-19,1,0,0,134.98,78.6,2,1,29
5504,1,5504,control,9.99,0.0,2025-01-27,1,1,1,931.34,63.0,0,1,84
5505,1,5505,control,9.99,0.0,2025-02-22,1,0,0,99.18,73.1,2,0,62
5506,1,5506,variant_mid,12.99,10.0,2025-08-15,0,0,0,229.02,17.8,1,1,84
5507,1,5507,control,9.99,0.0,2025-12-09,0,0,0,64.69,18.7,2,1,80
5508,1,5508,variant_mid,12.99,10.0,2024-10-24,1,0,0,53.49,43.6,0,1,88
5509,1,5509,control,9.99,0.0,2025-03-29,1,1,0,251.56,50.3,2,0,88
5510,1,5510,variant_high,14.99,15.0,2025-11-18,1,1,0,79.93,49.7,7,1,13
5511,1,5511,control,9.99,0.0,2025-04-03,0,0,0,41.14,0.0,1,1,34
5512,1,5512,control,9.99,0.0,2024-02-19,0,0,0,13.27,0.0,2,0,78
5513,1,5513,control,9.99,0.0,2024-08-15,1,1,0,44.79,45.0,1,1,36
5514,1,5514,control,9.99,0.0,2025-05-09,0,0,0,483.82,32.7,2,1,61
5515,1,5515,variant_mid,12.99,10.0,2025-12-31,0,0,0,34.31,11.5,2,1,58
5516,1,5516,variant_mid,12.99,10.0,2024-07-08,1,1,0,209.12,42.4,3,1,29
5517,1,5517,variant_high,14.99,15.0,2024-06-08,1,0,0,102.4,92.7,2,1,47
5518,1,5518,variant_mid,12.99,10.0,2025-05-03,0,0,0,221.11,0.0,2,0,53
5519,1,5519,variant_mid,12.99,10.0,2024-03-28,1,0,0,16.0,71.1,1,1,9
5520,1,5520,variant_high,14.99,15.0,2025-11-30,0,0,0,101.66,0.0,3,1,58
5521,1,5521,control,9.99,0.0,2025-10-29,1,0,0,240.2,23.6,3,1,6
5522,1,5522,variant_high,14.99,15.0,2025-03-09,0,0,0,1288.93,14.3,4,1,32
5523,1,5523,variant_mid,12.99,10.0,2024-09-09,1,0,0,676.15,90.8,3,0,83
5524,1,5524,control,9.99,0.0,2024-12-03,0,0,0,69.24,16.7,3,0,33
5525,1,5525,variant_mid,12.99,10.0,2025-02-26,1,0,0,69.09,85.4,5,0,81
5526,1,5526,variant_high,14.99,15.0,2025-09-22,1,0,0,55.67,67.0,2,1,22
5527,1,5527,variant_mid,12.99,10.0,2025-06-13,0,0,0,76.02,11.8,1,1,66
5528,1,5528,variant_mid,12.99,10.0,2024-12-18,1,1,0,97.28,52.8,4,1,47
5529,1,5529,variant_mid,12.99,10.0,2025-04-21,0,0,0,78.32,6.3,1,1,33
5530,1,5530,variant_mid,12.99,10.0,2025-02-18,1,0,0,701.75,56.9,2,1,9
5531,1,5531,control,9.99,0.0,2024-03-29,0,0,0,19.5,0.0,3,1,10
5532,1,5532,control,9.99,0.0,2024-08-27,1,0,0,259.48,28.8,1,1,52
5533,1,5533,control,9.99,0.0,2024-06-11,1,1,1,83.75,72.3,0,1,25
5534,1,5534,variant_high,14.99,15.0,2025-02-10,0,0,0,96.1,42.3,3,1,16
5535,1,5535,control,9.99,0.0,2025-12-18,1,1,0,131.64,60.9,3,1,76
5536,1,5536,variant_mid,12.99,10.0,2025-06-22,1,1,0,98.2,54.6,0,1,88
5537,1,5537,control,9.99,0.0,2025-04-30,1,0,0,162.58,86.5,0,0,85
5538,1,5538,control,9.99,0.0,2025-01-17,0,0,0,38.7,20.6,4,0,64
5539,1,5539,variant_mid,12.99,10.0,2024-09-24,0,0,0,27.49,8.8,2,0,46
5540,1,5540,variant_mid,12.99,10.0,2024-06-07,1,0,0,68.65,60.2,3,1,87
5541,1,5541,variant_mid,12.99,10.0,2025-11-06,0,0,0,70.93,2.4,3,1,13
5542,1,5542,variant_high,14.99,15.0,2024-02-03,0,0,0,50.99,18.9,1,1,7
5543,1,5543,variant_mid,12.99,10.0,2025-10-31,0,0,0,126.74,10.3,3,1,36
5544,1,5544,control,9.99,0.0,2024-06-27,1,1,0,248.75,92.4,1,1,23
5545,1,5545,control,9.99,0.0,2025-08-23,0,0,0,98.8,5.5,2,0,36
5546,1,5546,control,9.99,0.0,2025-09-29,0,0,0,551.7,38.1,1,0,49
5547,1,5547,variant_mid,12.99,10.0,2025-11-04,0,0,0,398.51,0.0,1,1,38
5548,1,5548,control,9.99,0.0,2025-12-17,0,0,0,308.17,12.4,4,0,53
5549,1,5549,variant_mid,12.99,10.0,2025-01-01,0,0,0,32.23,21.8,1,0,37
5550,1,5550,control,9.99,0.0,2025-02-25,1,1,1,121.3,61.2,1,0,68
5551,1,5551,variant_mid,12.99,10.0,2024-02-01,0,0,0,28.89,0.0,1,0,26
5552,1,5552,variant_mid,12.99,10.0,2025-09-10,1,1,0,62.59,68.1,1,1,56
5553,1,5553,variant_high,14.99,15.0,2025-03-03,1,0,0,143.12,73.5,2,0,80
5554,1,5554,variant_high,14.99,15.0,2024-02-22,0,0,0,21.81,43.2,6,1,50
5555,1,5555,variant_high,14.99,15.0,2024-09-29,0,0,0,141.79,0.0,3,1,48
5556,1,5556,variant_mid,12.99,10.0,2025-09-23,1,1,0,69.67,87.6,4,0,58
5557,1,5557,variant_high,14.99,15.0,2024-10-18,0,0,0,92.0,10.4,6,1,43
5558,1,5558,control,9.99,0.0,2024-08-07,0,0,0,793.87,30.9,3,0,51
5559,1,5559,variant_mid,12.99,10.0,2024-07-28,1,1,1,44.42,76.5,2,1,34
5560,1,5560,variant_high,14.99,15.0,2024-05-23,1,0,0,59.48,62.1,2,1,55
5561,1,5561,variant_mid,12.99,10.0,2025-02-16,1,1,0,31.05,73.2,3,1,49
5562,1,5562,control,9.99,0.0,2024-08-07,1,1,1,91.04,33.2,5,1,71
5563,1,5563,variant_mid,12.99,10.0,2025-03-16,0,0,0,735.62,0.0,2,1,17
5564,1,5564,variant_high,14.99,15.0,2025-01-17,1,1,1,42.71,41.0,1,1,40
5565,1,5565,variant_mid,12.99,10.0,2025-05-04,1,1,0,603.73,51.8,1,0,79
5566,1,5566,control,9.99,0.0,2025-03-12,0,0,0,34.02,7.3,1,1,44
5567,1,5567,control,9.99,0.0,2024-02-18,1,0,0,90.22,63.4,4,1,52
5568,1,5568,control,9.99,0.0,2024-01-08,1,0,0,87.66,41.0,4,1,62
5569,1,5569,variant_high,14.99,15.0,2024-08-29,1,1,0,212.91,87.8,3,0,34
5570,1,5570,variant_mid,12.99,10.0,2024-09-16,1,1,1,269.96,87.7,3,1,29
5571,1,5571,control,9.99,0.0,2024-12-14,0,0,0,150.0,16.0,1,1,54
5572,1,5572,variant_high,14.99,15.0,2025-05-31,1,1,1,23.76,60.0,5,0,88
5573,1,5573,variant_mid,12.99,10.0,2025-12-17,0,0,0,5.0,0.0,2,1,58
5574,1,5574,variant_high,14.99,15.0,2025-07-05,0,0,0,948.26,0.0,3,1,82
5575,1,5575,variant_high,14.99,15.0,2024-10-11,1,0,0,227.36,55.4,1,1,47
5576,1,5576,variant_high,14.99,15.0,2024-07-01,0,0,0,56.03,0.0,7,1,1
5577,1,5577,variant_high,14.99,15.0,2024-09-30,1,0,0,12.57,52.6,5,1,40
5578,1,5578,variant_high,14.99,15.0,2024-07-06,1,1,1,73.17,46.6,2,1,41
5579,1,5579,control,9.99,0.0,2025-02-16,1,0,0,109.48,57.0,3,1,58
5580,1,5580,variant_mid,12.99,10.0,2025-05-12,1,1,1,167.59,51.9,10,1,12
5581,1,5581,variant_high,14.99,15.0,2024-07-21,1,0,0,136.58,75.2,8,1,30
5582,1,5582,variant_mid,12.99,10.0,2025-04-01,1,1,0,114.94,83.0,3,1,47
5583,1,5583,variant_mid,12.99,10.0,2024-09-29,0,0,0,29.83,5.5,3,0,48
5584,1,5584,variant_high,14.99,15.0,2024-12-29,0,0,0,30.7,22.8,2,1,31
5585,1,5585,variant_mid,12.99,10.0,2024-07-03,0,0,0,251.66,4.7,0,1,65
5586,1,5586,variant_mid,12.99,10.0,2025-02-10,1,1,1,67.96,84.5,2,0,72
5587,1,5587,control,9.99,0.0,2024-03-07,1,1,1,38.05,52.8,0,1,32
5588,1,5588,variant_high,14.99,15.0,2025-01-13,1,0,0,268.09,80.9,4,1,40
5589,1,5589,variant_high,14.99,15.0,2024-12-06,1,0,0,35.8,71.5,3,1,69
5590,1,5590,variant_high,14.99,15.0,2024-10-24,0,0,0,728.36,4.6,5,1,40
5591,1,5591,variant_high,14.99,15.0,2025-11-04,1,1,1,108.18,85.2,3,0,68
5592,1,5592,control,9.99,0.0,2025-08-12,0,0,0,53.36,30.1,4,1,20
5593,1,5593,variant_mid,12.99,10.0,2025-02-25,0,0,0,50.12,18.9,7,1,59
5594,1,5594,control,9.99,0.0,2025-10-13,0,0,0,14.09,9.1,3,1,34
5595,1,5595,control,9.99,0.0,2025-04-25,1,1,0,64.71,41.7,5,1,13
5596,1,5596,variant_high,14.99,15.0,2025-04-15,1,0,0,84.88,58.2,3,1,37
5597,1,5597,control,9.99,0.0,2025-01-06,1,0,0,100.95,40.5,2,1,40
5598,1,5598,variant_mid,12.99,10.0,2024-07-18,1,1,1,96.16,55.6,1,1,22
5599,1,5599,variant_high,14.99,15.0,2024-08-22,0,0,0,3041.58,18.7,1,1,17
5600,1,5600,variant_high,14.99,15.0,2025-12-27,0,0,0,69.33,0.0,3,1,53
5601,1,5601,control,9.99,0.0,2025-05-14,1,1,1,6.82,55.1,0,1,45
5602,1,5602,control,9.99,0.0,2024-03-13,1,1,1,74.22,89.3,0,1,84
5603,1,5603,variant_mid,12.99,10.0,2024-07-04,1,0,0,908.32,85.5,3,1,62
5604,1,5604,variant_mid,12.99,10.0,2025-12-08,1,1,1,12.84,65.2,1,1,6
5605,1,5605,variant_high,14.99,15.0,2024-06-19,1,1,0,59.66,58.7,7,1,35
5606,1,5606,variant_mid,12.99,10.0,2025-02-19,0,0,0,56.77,19.7,4,1,52
5607,1,5607,control,9.99,0.0,2024-09-20,0,0,0,353.72,28.9,2,1,21
5608,1,5608,variant_high,14.99,15.0,2025-06-10,1,0,0,264.68,87.3,1,1,35
5609,1,5609,variant_mid,12.99,10.0,2025-10-08,0,0,0,34.87,33.9,6,1,25
5610,1,5610,variant_high,14.99,15.0,2024-11-09,0,0,0,67.68,0.0,2,1,60
5611,1,5611,control,9.99,0.0,2024-01-09,1,0,0,119.23,80.5,1,1,56
5612,1,5612,variant_mid,12.99,10.0,2024-10-07,0,0,0,11.88,0.0,3,1,14
5613,1,5613,variant_mid,12.99,10.0,2024-01-21,0,0,0,260.82,0.4,6,1,64
5614,1,5614,variant_mid,12.99,10.0,2024-06-30,1,1,0,59.38,47.5,1,1,14
5615,1,5615,variant_mid,12.99,10.0,2024-10-14,1,1,1,332.49,38.1,1,1,79
5616,1,5616,variant_mid,12.99,10.0,2024-03-22,1,1,1,177.4,68.6,0,1,15
5617,1,5617,variant_high,14.99,15.0,2024-01-29,1,0,0,130.12,34.0,2,1,77
5618,1,5618,control,9.99,0.0,2024-08-30,1,0,0,752.4,53.4,3,1,14
5619,1,5619,control,9.99,0.0,2024-02-04,1,0,0,102.13,85.5,3,1,83
5620,1,5620,control,9.99,0.0,2024-07-15,0,0,0,86.32,25.0,2,0,50
5621,1,5621,control,9.99,0.0,2024-04-13,1,0,0,212.99,58.0,2,1,42
5622,1,5622,variant_mid,12.99,10.0,2025-02-09,1,1,1,399.64,67.7,0,1,88
5623,1,5623,control,9.99,0.0,2025-08-17,0,0,0,289.46,31.6,3,1,11
5624,1,5624,control,9.99,0.0,2025-10-02,0,0,0,185.22,4.7,2,0,42
5625,1,5625,variant_high,14.99,15.0,2025-03-29,1,1,0,168.91,69.0,7,0,72
5626,1,5626,variant_mid,12.99,10.0,2024-03-18,0,0,0,102.96,11.4,4,1,63
5627,1,5627,variant_high,14.99,15.0,2024-03-10,1,0,0,76.72,68.6,4,0,49
5628,1,5628,variant_high,14.99,15.0,2025-07-10,1,1,0,17.01,67.1,4,1,22
5629,1,5629,control,9.99,0.0,2025-07-08,1,1,1,227.74,44.3,0,1,72
5630,1,5630,variant_mid,12.99,10.0,2024-07-21,1,0,0,52.16,60.6,2,1,48
5631,1,5631,variant_mid,12.99,10.0,2026-01-09,1,0,0,15.18,96.1,4,1,47
5632,1,5632,control,9.99,0.0,2025-04-28,1,1,1,22.23,64.5,0,1,70
5633,1,5633,control,9.99,0.0,2024-12-01,0,0,0,13.15,17.4,2,1,74
5634,1,5634,control,9.99,0.0,2025-04-02,0,0,0,5.94,42.3,0,1,19
5635,1,5635,control,9.99,0.0,2024-01-18,0,0,0,33.27,0.0,4,1,6
5636,1,5636,control,9.99,0.0,2025-07-01,1,1,0,789.14,72.5,0,0,40
5637,1,5637,control,9.99,0.0,2024-06-25,0,0,0,96.77,24.3,0,1,18
5638,1,5638,variant_mid,12.99,10.0,2024-01-22,0,0,0,27.61,16.3,2,0,20
5639,1,5639,control,9.99,0.0,2025-04-11,1,1,1,66.5,45.7,1,1,20
5640,1,5640,variant_high,14.99,15.0,2024-01-15,0,0,0,27.13,11.9,5,1,27
5641,1,5641,control,9.99,0.0,2024-01-29,0,0,0,186.88,0.0,3,1,89
5642,1,5642,variant_mid,12.99,10.0,2024-05-18,0,0,0,72.01,6.1,3,1,21
5643,1,5643,variant_high,14.99,15.0,2025-12-12,1,0,0,9.38,63.1,3,1,62
5644,1,5644,variant_mid,12.99,10.0,2025-12-29,0,0,0,27.22,8.5,3,1,28
5645,1,5645,control,9.99,0.0,2024-11-15,0,0,0,190.47,0.0,0,1,69
5646,1,5646,control,9.99,0.0,2024-09-06,1,0,0,313.14,45.7,4,0,56
5647,1,5647,control,9.99,0.0,2024-11-16,0,0,0,57.1,0.0,2,1,14
5648,1,5648,control,9.99,0.0,2025-04-02,1,0,0,101.93,69.1,3,0,54
5649,1,5649,variant_mid,12.99,10.0,2025-03-16,0,0,0,25.56,0.0,1,1,12
5650,1,5650,variant_mid,12.99,10.0,2024-08-23,1,1,0,193.98,60.8,2,1,34
5651,1,5651,variant_mid,12.99,10.0,2024-07-11,0,0,0,38.26,13.0,3,0,76
5652,1,5652,variant_high,14.99,15.0,2025-01-11,1,1,0,14.72,31.8,6,1,70
5653,1,5653,variant_high,14.99,15.0,2024-08-07,0,0,0,241.4,5.5,7,1,38
5654,1,5654,control,9.99,0.0,2024-11-19,1,0,0,39.44,1.7,1,1,35
5655,1,5655,variant_high,14.99,15.0,2024-01-24,0,0,0,447.71,0.0,2,1,79
5656,1,5656,control,9.99,0.0,2024-06-05,1,0,0,33.68,59.3,2,1,28
5657,1,5657,variant_high,14.99,15.0,2025-12-11,0,0,0,58.46,13.7,4,1,7
5658,1,5658,variant_high,14.99,15.0,2024-09-27,0,0,0,268.74,0.0,2,1,72
5659,1,5659,variant_mid,12.99,10.0,2024-11-19,0,0,0,122.09,0.0,1,1,18
5660,1,5660,variant_mid,12.99,10.0,2024-06-07,0,0,0,125.98,21.1,6,1,32
5661,1,5661,variant_mid,12.99,10.0,2025-10-05,1,1,1,296.66,38.9,2,1,76
5662,1,5662,control,9.99,0.0,2024-07-27,1,1,1,32.89,55.4,1,1,81
5663,1,5663,variant_mid,12.99,10.0,2024-08-06,1,1,1,65.36,32.1,2,1,68
5664,1,5664,variant_high,14.99,15.0,2024-11-12,1,1,1,157.5,62.1,4,1,82
5665,1,5665,variant_mid,12.99,10.0,2025-08-28,1,0,0,198.33,33.3,3,1,21
5666,1,5666,control,9.99,0.0,2025-08-05,0,0,0,23.54,0.0,3,1,37
5667,1,5667,variant_mid,12.99,10.0,2024-05-24,1,0,0,64.51,67.6,2,0,80
5668,1,5668,variant_mid,12.99,10.0,2024-06-03,0,0,0,52.86,0.0,0,0,87
5669,1,5669,variant_mid,12.99,10.0,2024-07-19,1,0,0,13.85,75.4,2,1,43
5670,1,5670,control,9.99,0.0,2024-06-04,0,0,0,27.38,43.3,1,1,53
5671,1,5671,variant_mid,12.99,10.0,2025-01-04,1,0,0,286.03,53.6,2,1,30
5672,1,5672,control,9.99,0.0,2024-06-30,0,0,0,1339.34,19.8,0,0,88
5673,1,5673,variant_mid,12.99,10.0,2024-03-06,1,0,0,34.87,50.8,0,0,67
5674,1,5674,variant_mid,12.99,10.0,2025-08-18,0,0,0,34.54,0.0,1,1,3
5675,1,5675,variant_high,14.99,15.0,2024-09-13,1,1,1,142.58,35.7,2,1,11
5676,1,5676,variant_high,14.99,15.0,2024-07-16,1,0,0,44.95,56.5,2,0,50
5677,1,5677,variant_high,14.99,15.0,2024-05-01,1,0,0,147.25,64.0,5,1,89
5678,1,5678,variant_high,14.99,15.0,2025-09-05,1,0,0,54.87,55.1,3,1,71
5679,1,5679,control,9.99,0.0,2025-03-28,0,0,0,163.8,0.0,4,1,61
5680,1,5680,variant_high,14.99,15.0,2024-08-26,1,1,0,255.25,46.3,1,1,23
5681,1,5681,variant_high,14.99,15.0,2025-09-01,0,0,0,105.51,15.6,3,1,67
5682,1,5682,variant_high,14.99,15.0,2024-08-17,0,0,0,29.29,29.4,4,0,59
5683,1,5683,variant_high,14.99,15.0,2024-07-05,0,0,0,296.24,2.9,1,1,8
5684,1,5684,control,9.99,0.0,2024-10-19,1,1,1,50.74,63.2,2,1,40
5685,1,5685,control,9.99,0.0,2024-01-29,1,1,1,162.91,77.6,0,1,65
5686,1,5686,variant_high,14.99,15.0,2024-11-28,0,0,0,24.71,20.5,3,0,52
5687,1,5687,control,9.99,0.0,2025-07-09,1,1,0,105.38,49.3,3,1,50
5688,1,5688,control,9.99,0.0,2024-11-18,0,0,0,29.83,19.8,1,1,9
5689,1,5689,variant_high,14.99,15.0,2025-03-17,0,0,0,587.13,12.2,5,1,18
5690,1,5690,variant_high,14.99,15.0,2024-10-24,1,0,0,65.65,79.3,7,1,55
5691,1,5691,control,9.99,0.0,2025-08-30,1,0,0,12.85,47.9,2,1,63
5692,1,5692,control,9.99,0.0,2026-01-12,1,0,0,526.56,74.0,1,1,0
5693,1,5693,variant_mid,12.99,10.0,2025-02-15,0,0,0,256.42,5.2,3,1,79
5694,1,5694,control,9.99,0.0,2025-06-09,0,0,0,650.29,8.5,2,1,45
5695,1,5695,control,9.99,0.0,2025-04-09,0,0,0,110.8,14.9,2,1,18
5696,1,5696,control,9.99,0.0,2025-10-23,0,0,0,48.02,40.8,2,1,68
5697,1,5697,variant_high,14.99,15.0,2025-11-06,1,1,1,92.12,67.4,2,0,6
5698,1,5698,variant_mid,12.99,10.0,2025-10-22,1,1,1,134.86,67.9,2,1,78
5699,1,5699,control,9.99,0.0,2024-02-23,0,0,0,50.59,30.7,4,1,70
5700,1,5700,variant_mid,12.99,10.0,2024-11-09,0,0,0,93.48,0.0,4,1,76
5701,1,5701,control,9.99,0.0,2025-01-03,1,0,0,17.08,91.5,5,1,57
5702,1,5702,variant_high,14.99,15.0,2025-08-05,1,0,0,919.7,17.9,5,1,81
5703,1,5703,control,9.99,0.0,2025-02-20,1,1,0,107.3,51.8,2,1,66
5704,1,5704,control,9.99,0.0,2024-12-24,0,0,0,254.54,2.6,1,0,4
5705,1,5705,variant_mid,12.99,10.0,2025-02-12,0,0,0,296.63,24.6,7,1,46
5706,1,5706,control,9.99,0.0,2025-03-29,1,0,0,165.8,32.5,3,1,56
5707,1,5707,control,9.99,0.0,2025-04-02,1,0,0,121.13,63.3,1,0,69
5708,1,5708,variant_high,14.99,15.0,2025-06-28,1,1,0,16.29,69.0,2,1,85
5709,1,5709,variant_high,14.99,15.0,2024-11-05,1,1,1,246.83,42.4,3,0,35
5710,1,5710,variant_high,14.99,15.0,2025-03-08,0,0,0,35.68,2.0,1,0,40
5711,1,5711,variant_high,14.99,15.0,2024-03-30,1,1,0,173.32,54.8,3,0,71
5712,1,5712,control,9.99,0.0,2025-01-20,0,0,0,97.96,27.5,2,1,5
5713,1,5713,variant_high,14.99,15.0,2024-10-20,1,1,0,198.19,48.6,3,0,15
5714,1,5714,variant_high,14.99,15.0,2024-01-16,0,0,0,221.71,11.5,1,0,89
5715,1,5715,variant_mid,12.99,10.0,2024-06-09,0,0,0,25.34,27.1,1,1,72
5716,1,5716,variant_high,14.99,15.0,2025-12-15,0,0,0,95.62,8.2,4,1,5
5717,1,5717,variant_mid,12.99,10.0,2025-02-13,1,0,0,176.72,59.8,3,1,59
5718,1,5718,variant_high,14.99,15.0,2024-01-28,0,0,0,304.03,0.0,5,1,2
5719,1,5719,variant_high,14.99,15.0,2025-10-16,1,1,1,223.23,62.4,3,1,83
5720,1,5720,variant_high,14.99,15.0,2024-04-11,1,1,1,12.84,59.8,5,1,33
5721,1,5721,variant_high,14.99,15.0,2025-04-11,0,0,0,67.13,0.0,3,1,21
5722,1,5722,variant_high,14.99,15.0,2024-02-19,1,0,0,175.17,61.2,2,1,2
5723,1,5723,variant_mid,12.99,10.0,2025-09-20,1,0,0,168.58,74.8,3,1,59
5724,1,5724,control,9.99,0.0,2025-04-22,1,0,0,59.48,71.6,3,1,21
5725,1,5725,variant_mid,12.99,10.0,2025-09-27,1,0,0,72.83,45.3,3,0,57
5726,1,5726,variant_mid,12.99,10.0,2024-08-13,1,0,0,35.23,46.8,6,0,28
5727,1,5727,control,9.99,0.0,2025-10-16,1,0,0,19.63,36.3,2,1,11
5728,1,5728,variant_mid,12.99,10.0,2025-10-23,1,0,0,229.67,20.0,3,0,31
5729,1,5729,variant_mid,12.99,10.0,2024-12-23,1,1,0,86.0,57.0,2,0,57
5730,1,5730,variant_mid,12.99,10.0,2025-03-09,1,1,1,116.44,96.8,2,1,64
5731,1,5731,variant_high,14.99,15.0,2024-10-15,1,0,0,130.7,35.4,2,0,37
5732,1,5732,variant_high,14.99,15.0,2025-07-27,0,0,0,92.9,0.0,3,0,8
5733,1,5733,control,9.99,0.0,2025-04-21,0,0,0,611.57,0.0,5,0,5
5734,1,5734,variant_high,14.99,15.0,2024-05-06,0,0,0,38.13,0.1,4,1,52
5735,1,5735,control,9.99,0.0,2024-11-12,0,0,0,99.62,1.1,1,1,47
5736,1,5736,variant_mid,12.99,10.0,2024-11-04,1,1,0,88.3,63.1,3,1,23
5737,1,5737,variant_high,14.99,15.0,2024-11-24,0,0,0,55.21,44.3,3,0,31
5738,1,5738,variant_high,14.99,15.0,2025-04-11,0,0,0,1037.75,27.4,6,0,53
5739,1,5739,control,9.99,0.0,2024-07-25,1,0,0,37.01,68.6,1,1,69
5740,1,5740,variant_high,14.99,15.0,2024-05-24,1,1,1,146.16,48.3,2,0,87
5741,1,5741,variant_high,14.99,15.0,2024-12-04,1,0,0,66.51,54.6,3,0,12
5742,1,5742,control,9.99,0.0,2024-10-06,0,0,0,73.49,13.0,3,1,89
5743,1,5743,variant_mid,12.99,10.0,2025-11-10,0,0,0,18.6,38.2,5,1,55
5744,1,5744,variant_high,14.99,15.0,2025-07-18,0,0,0,249.6,10.4,6,1,45
5745,1,5745,control,9.99,0.0,2024-07-14,0,0,0,206.26,0.0,1,1,27
5746,1,5746,variant_mid,12.99,10.0,2025-05-18,1,1,1,128.45,62.6,3,1,73
5747,1,5747,variant_mid,12.99,10.0,2025-04-03,1,1,1,335.29,71.1,2,1,9
5748,1,5748,variant_mid,12.99,10.0,2025-10-23,0,0,0,229.13,42.7,2,1,2
5749,1,5749,variant_mid,12.99,10.0,2025-07-07,0,0,0,36.12,25.6,3,0,58
5750,1,5750,control,9.99,0.0,2025-02-28,1,1,1,113.06,45.5,0,1,41
5751,1,5751,variant_mid,12.99,10.0,2024-07-03,1,0,0,43.3,15.4,3,1,60
5752,1,5752,variant_high,14.99,15.0,2024-06-15,0,0,0,71.34,5.8,4,1,85
5753,1,5753,variant_mid,12.99,10.0,2024-10-13,0,0,0,170.72,13.3,4,1,77
5754,1,5754,variant_mid,12.99,10.0,2025-10-05,0,0,0,113.38,3.9,3,1,8
5755,1,5755,variant_high,14.99,15.0,2025-10-30,0,0,0,516.57,0.0,2,1,57
5756,1,5756,control,9.99,0.0,2025-12-14,0,0,0,1993.04,11.3,4,1,78
5757,1,5757,control,9.99,0.0,2025-12-31,0,0,0,19.21,0.0,0,1,48
5758,1,5758,variant_mid,12.99,10.0,2024-12-21,0,0,0,143.23,36.0,2,1,88
5759,1,5759,control,9.99,0.0,2025-03-23,0,0,0,23.73,22.1,1,1,4
5760,1,5760,control,9.99,0.0,2024-03-14,1,0,0,378.82,44.1,1,1,5
5761,1,5761,variant_high,14.99,15.0,2024-05-07,1,0,0,121.22,56.5,4,1,23
5762,1,5762,variant_high,14.99,15.0,2024-07-06,0,0,0,23.57,5.5,5,0,37
5763,1,5763,control,9.99,0.0,2024-05-04,0,0,0,342.14,28.4,4,1,72
5764,1,5764,variant_mid,12.99,10.0,2025-07-04,0,0,0,168.86,24.5,3,1,23
5765,1,5765,variant_high,14.99,15.0,2025-09-08,1,1,1,43.09,55.5,0,1,71
5766,1,5766,variant_high,14.99,15.0,2024-01-05,0,0,0,94.8,0.0,6,0,63
5767,1,5767,control,9.99,0.0,2025-05-28,0,0,0,48.98,0.0,2,1,43
5768,1,5768,variant_high,14.99,15.0,2024-08-20,0,0,0,214.7,24.4,3,1,53
5769,1,5769,variant_high,14.99,15.0,2025-01-06,1,0,0,79.92,18.9,2,1,1
5770,1,5770,control,9.99,0.0,2024-10-16,1,0,0,40.18,48.3,2,1,49
5771,1,5771,control,9.99,0.0,2024-04-23,1,1,1,1588.59,38.8,1,1,18
5772,1,5772,variant_high,14.99,15.0,2025-07-30,0,0,0,53.94,24.1,5,1,19
5773,1,5773,control,9.99,0.0,2024-08-24,0,0,0,196.97,4.9,1,1,8
5774,1,5774,control,9.99,0.0,2024-11-27,1,0,0,8.6,76.5,2,1,58
5775,1,5775,variant_high,14.99,15.0,2025-03-14,0,0,0,111.23,0.0,4,0,0
5776,1,5776,variant_high,14.99,15.0,2025-01-29,0,0,0,72.45,45.1,7,0,36
5777,1,5777,variant_mid,12.99,10.0,2024-05-28,0,0,0,87.12,65.2,4,1,86
5778,1,5778,variant_mid,12.99,10.0,2025-05-18,0,0,0,105.53,0.0,4,1,88
5779,1,5779,variant_mid,12.99,10.0,2024-05-05,0,0,0,71.94,12.8,4,0,85
5780,1,5780,variant_high,14.99,15.0,2025-08-14,1,0,0,162.68,94.4,0,1,54
5781,1,5781,variant_high,14.99,15.0,2025-04-26,0,0,0,170.34,0.0,4,1,67
5782,1,5782,variant_high,14.99,15.0,2024-09-08,1,0,0,97.12,31.5,3,1,67
5783,1,5783,variant_mid,12.99,10.0,2024-10-04,1,0,0,174.24,71.3,1,0,89
5784,1,5784,variant_high,14.99,15.0,2024-05-09,1,1,1,463.51,46.9,3,1,77
5785,1,5785,variant_high,14.99,15.0,2024-11-29,1,0,0,15.93,76.2,0,0,51
5786,1,5786,variant_mid,12.99,10.0,2024-05-20,1,1,1,110.5,48.5,3,1,35
5787,1,5787,control,9.99,0.0,2025-01-18,1,1,0,135.3,57.4,2,1,72
5788,1,5788,variant_mid,12.99,10.0,2024-05-01,1,1,1,432.45,60.0,1,1,69
5789,1,5789,variant_mid,12.99,10.0,2025-10-25,1,1,1,45.1,58.7,3,1,33
5790,1,5790,control,9.99,0.0,2024-04-01,0,0,0,30.22,27.8,0,1,57
5791,1,5791,control,9.99,0.0,2025-06-16,1,1,1,96.57,78.6,2,0,67
5792,1,5792,control,9.99,0.0,2024-11-21,1,1,1,33.27,62.1,1,1,44
5793,1,5793,control,9.99,0.0,2024-09-21,1,0,0,97.52,55.0,2,0,3
5794,1,5794,variant_mid,12.99,10.0,2024-05-26,0,0,0,166.42,13.6,2,1,13
5795,1,5795,variant_high,14.99,15.0,2025-04-21,0,0,0,323.46,59.8,1,1,1
5796,1,5796,variant_mid,12.99,10.0,2025-08-12,1,1,0,69.51,44.7,3,1,14
5797,1,5797,variant_high,14.99,15.0,2025-04-24,0,0,0,40.49,14.6,4,1,38
5798,1,5798,variant_mid,12.99,10.0,2024-01-17,1,1,1,429.08,83.2,1,1,37
5799,1,5799,variant_high,14.99,15.0,2025-08-30,0,0,0,255.86,9.7,4,1,22
5800,1,5800,variant_high,14.99,15.0,2025-12-06,1,0,0,142.83,78.0,3,0,36
5801,1,5801,variant_high,14.99,15.0,2025-05-31,1,1,1,182.58,58.0,4,0,78
5802,1,5802,variant_high,14.99,15.0,2024-01-18,0,0,0,258.66,25.4,1,1,25
5803,1,5803,control,9.99,0.0,2025-01-12,0,0,0,31.02,23.8,4,1,39
5804,1,5804,variant_mid,12.99,10.0,2024-09-03,0,0,0,22.17,2.8,4,1,12
5805,1,5805,variant_high,14.99,15.0,2025-04-25,0,0,0,312.99,27.1,7,0,68
5806,1,5806,control,9.99,0.0,2025-07-14,0,0,0,229.95,1.7,2,1,5
5807,1,5807,control,9.99,0.0,2025-10-17,1,0,0,141.21,60.2,2,1,30
5808,1,5808,variant_mid,12.99,10.0,2025-10-03,0,0,0,243.42,20.1,3,1,30
5809,1,5809,variant_mid,12.99,10.0,2025-12-08,1,0,0,98.35,91.0,1,1,10
5810,1,5810,variant_high,14.99,15.0,2024-03-04,1,0,0,276.39,26.6,4,1,19
5811,1,5811,variant_high,14.99,15.0,2024-04-05,0,0,0,156.66,25.3,6,0,3
5812,1,5812,control,9.99,0.0,2025-08-13,0,0,0,48.74,32.0,3,1,56
5813,1,5813,variant_mid,12.99,10.0,2025-06-15,1,0,0,195.38,49.2,2,0,60
5814,1,5814,variant_high,14.99,15.0,2025-07-05,1,0,0,105.23,62.3,0,1,37
5815,1,5815,variant_mid,12.99,10.0,2024-06-23,0,0,0,249.6,22.9,6,1,43
5816,1,5816,variant_mid,12.99,10.0,2024-12-05,1,1,1,65.12,73.0,4,1,59
5817,1,5817,control,9.99,0.0,2025-05-03,0,0,0,185.85,0.0,2,1,88
5818,1,5818,variant_high,14.99,15.0,2025-04-15,1,1,0,105.2,63.3,4,1,71
5819,1,5819,variant_mid,12.99,10.0,2025-10-04,0,0,0,582.19,1.9,4,1,25
5820,1,5820,control,9.99,0.0,2024-10-07,1,0,0,114.17,69.1,2,0,66
5821,1,5821,control,9.99,0.0,2025-09-21,1,0,0,28.97,72.1,1,1,3
5822,1,5822,variant_high,14.99,15.0,2024-08-27,1,0,0,36.65,58.1,5,1,88
5823,1,5823,variant_mid,12.99,10.0,2025-07-10,0,0,0,249.25,6.0,2,1,32
5824,1,5824,control,9.99,0.0,2024-02-14,1,1,1,128.68,88.2,1,1,15
5825,1,5825,variant_mid,12.99,10.0,2024-06-04,1,1,0,70.11,71.9,2,1,27
5826,1,5826,variant_high,14.99,15.0,2024-01-24,0,0,0,37.47,10.3,5,1,11
5827,1,5827,variant_mid,12.99,10.0,2024-06-23,0,0,0,78.82,0.0,2,1,73
5828,1,5828,variant_mid,12.99,10.0,2025-01-23,1,1,1,25.78,41.5,5,1,79
5829,1,5829,control,9.99,0.0,2025-10-10,1,1,1,132.74,49.3,3,1,36
5830,1,5830,control,9.99,0.0,2024-01-13,1,1,1,302.59,46.7,2,1,62
5831,1,5831,variant_high,14.99,15.0,2025-03-06,1,1,0,55.36,81.1,2,0,52
5832,1,5832,control,9.99,0.0,2024-04-01,0,0,0,140.27,4.2,1,0,59
5833,1,5833,control,9.99,0.0,2024-05-12,1,0,0,219.45,37.1,1,1,55
5834,1,5834,control,9.99,0.0,2024-03-22,0,0,0,34.08,8.9,1,1,13
5835,1,5835,control,9.99,0.0,2025-03-08,0,0,0,91.18,0.0,3,0,83
5836,1,5836,variant_mid,12.99,10.0,2025-04-12,0,0,0,32.29,28.2,5,1,51
5837,1,5837,variant_high,14.99,15.0,2024-07-24,0,0,0,688.78,22.4,1,1,10
5838,1,5838,control,9.99,0.0,2025-05-22,1,1,0,62.5,54.0,2,1,64
5839,1,5839,control,9.99,0.0,2024-11-06,1,0,0,98.05,42.6,1,1,49
5840,1,5840,variant_mid,12.99,10.0,2025-07-21,1,1,0,161.14,81.9,0,0,5
5841,1,5841,variant_high,14.99,15.0,2025-02-01,0,0,0,101.47,50.5,3,0,1
5842,1,5842,variant_high,14.99,15.0,2025-12-31,0,0,0,46.06,0.0,2,1,13
5843,1,5843,variant_high,14.99,15.0,2025-05-19,0,0,0,57.19,0.0,4,1,76
5844,1,5844,control,9.99,0.0,2025-12-31,0,0,0,553.97,27.8,1,1,67
5845,1,5845,variant_high,14.99,15.0,2025-11-03,1,1,1,304.08,64.4,2,1,65
5846,1,5846,variant_mid,12.99,10.0,2024-06-15,0,0,0,146.62,12.8,3,0,64
5847,1,5847,control,9.99,0.0,2024-09-29,0,0,0,8.2,0.0,0,0,51
5848,1,5848,variant_high,14.99,15.0,2024-10-01,1,0,0,24.33,45.0,3,1,41
5849,1,5849,variant_high,14.99,15.0,2025-03-21,0,0,0,73.58,12.6,3,0,0
5850,1,5850,variant_mid,12.99,10.0,2025-02-23,1,1,0,87.96,67.0,0,1,56
5851,1,5851,control,9.99,0.0,2024-12-19,0,0,0,120.01,53.4,5,1,49
5852,1,5852,control,9.99,0.0,2024-02-08,1,0,0,18.21,87.5,3,1,89
5853,1,5853,variant_mid,12.99,10.0,2024-11-27,1,1,1,40.64,77.2,4,1,6
5854,1,5854,control,9.99,0.0,2024-05-25,1,0,0,67.96,23.7,4,1,86
5855,1,5855,control,9.99,0.0,2025-12-13,1,0,0,93.35,78.8,3,1,29
5856,1,5856,variant_high,14.99,15.0,2025-10-05,1,1,1,215.83,59.9,3,1,3
5857,1,5857,control,9.99,0.0,2024-05-31,1,0,0,43.32,61.4,1,1,69
5858,1,5858,control,9.99,0.0,2024-11-12,0,0,0,166.39,39.1,4,0,4
5859,1,5859,control,9.99,0.0,2025-04-25,1,1,1,18.11,61.8,4,1,89
5860,1,5860,control,9.99,0.0,2024-12-22,0,0,0,130.78,8.7,1,1,3
5861,1,5861,control,9.99,0.0,2024-05-23,0,0,0,84.86,0.0,2,1,55
5862,1,5862,variant_high,14.99,15.0,2025-07-05,1,1,0,42.97,79.0,1,1,81
5863,1,5863,variant_high,14.99,15.0,2025-11-13,1,1,1,513.84,66.6,1,1,82
5864,1,5864,control,9.99,0.0,2025-09-02,1,1,1,243.4,78.3,3,0,60
5865,1,5865,variant_mid,12.99,10.0,2024-09-17,0,0,0,240.69,0.0,0,1,70
5866,1,5866,control,9.99,0.0,2025-09-26,0,0,0,92.79,40.0,1,0,56
5867,1,5867,control,9.99,0.0,2025-10-23,0,0,0,110.67,26.6,3,1,4
5868,1,5868,variant_high,14.99,15.0,2025-10-25,1,0,0,187.98,58.2,0,1,11
5869,1,5869,variant_high,14.99,15.0,2025-09-10,0,0,0,1300.97,21.4,4,1,75
5870,1,5870,control,9.99,0.0,2024-08-10,0,0,0,13.26,23.2,1,1,58
5871,1,5871,variant_high,14.99,15.0,2025-01-19,0,0,0,78.23,39.7,4,1,25
5872,1,5872,variant_mid,12.99,10.0,2025-04-24,1,1,1,98.82,57.5,1,1,24
5873,1,5873,variant_high,14.99,15.0,2025-08-31,1,1,0,28.71,57.9,3,1,51
5874,1,5874,variant_mid,12.99,10.0,2024-03-30,1,1,1,81.77,43.5,2,1,39
5875,1,5875,variant_mid,12.99,10.0,2024-02-21,1,1,1,56.09,100.0,3,1,86
5876,1,5876,variant_high,14.99,15.0,2025-12-26,0,0,0,172.33,0.0,6,1,28
5877,1,5877,variant_high,14.99,15.0,2025-06-08,1,1,1,51.1,60.7,3,1,31
5878,1,5878,variant_high,14.99,15.0,2024-07-26,0,0,0,110.32,14.1,6,1,61
5879,1,5879,variant_mid,12.99,10.0,2026-01-13,1,0,0,184.53,41.8,4,1,49
5880,1,5880,variant_high,14.99,15.0,2024-10-26,1,0,0,299.93,87.0,2,1,50
5881,1,5881,variant_high,14.99,15.0,2025-04-22,1,0,0,71.46,100.0,1,1,40
5882,1,5882,variant_mid,12.99,10.0,2025-11-28,1,1,0,96.98,47.1,1,1,2
5883,1,5883,variant_mid,12.99,10.0,2025-09-20,0,0,0,84.63,0.8,4,1,22
5884,1,5884,variant_high,14.99,15.0,2025-04-25,1,1,1,26.34,99.2,2,0,46
5885,1,5885,variant_mid,12.99,10.0,2025-02-18,1,1,1,68.49,49.2,2,1,81
5886,1,5886,control,9.99,0.0,2024-08-02,1,0,0,299.63,31.3,1,1,5
5887,1,5887,control,9.99,0.0,2024-05-13,0,0,0,102.47,2.2,1,1,85
5888,1,5888,control,9.99,0.0,2024-03-13,0,0,0,37.29,22.0,2,0,68
5889,1,5889,control,9.99,0.0,2024-01-26,0,0,0,41.29,0.0,3,1,61
5890,1,5890,control,9.99,0.0,2025-01-05,1,0,0,76.71,26.9,4,1,19
5891,1,5891,variant_high,14.99,15.0,2024-09-29,0,0,0,86.51,16.9,1,1,5
5892,1,5892,variant_mid,12.99,10.0,2025-03-27,1,0,0,63.71,80.1,3,1,54
5893,1,5893,control,9.99,0.0,2025-01-25,0,0,0,201.95,0.0,2,1,25
5894,1,5894,control,9.99,0.0,2025-05-03,0,0,0,389.36,6.2,2,1,30
5895,1,5895,control,9.99,0.0,2024-06-05,0,0,0,22.66,19.7,4,1,12
5896,1,5896,variant_mid,12.99,10.0,2024-05-08,1,0,0,73.88,50.7,3,1,79
5897,1,5897,variant_mid,12.99,10.0,2024-04-02,1,0,0,142.53,43.0,6,1,8
5898,1,5898,variant_high,14.99,15.0,2025-06-01,1,0,0,153.16,27.2,4,1,54
5899,1,5899,variant_mid,12.99,10.0,2025-10-29,0,0,0,37.9,3.3,5,1,66
5900,1,5900,variant_high,14.99,15.0,2024-10-02,0,0,0,55.56,0.0,2,1,67
5901,1,5901,control,9.99,0.0,2024-04-21,1,0,0,71.85,73.9,4,1,72
5902,1,5902,variant_high,14.99,15.0,2025-11-26,0,0,0,23.32,0.0,2,1,15
5903,1,5903,variant_high,14.99,15.0,2024-06-17,1,0,0,149.44,65.3,4,1,71
5904,1,5904,variant_high,14.99,15.0,2025-04-27,1,1,0,170.64,70.6,2,1,70
5905,1,5905,variant_mid,12.99,10.0,2025-10-07,0,0,0,733.59,0.0,1,1,55
5906,1,5906,variant_high,14.99,15.0,2025-11-03,1,1,1,172.7,70.0,0,1,85
5907,1,5907,variant_high,14.99,15.0,2024-06-20,0,0,0,197.56,22.5,1,1,67
5908,1,5908,variant_high,14.99,15.0,2024-01-27,1,1,0,64.41,57.3,4,1,50
5909,1,5909,variant_mid,12.99,10.0,2024-11-16,1,1,1,30.75,58.5,1,1,83
5910,1,5910,control,9.99,0.0,2025-10-29,1,1,1,79.72,73.4,5,1,82
5911,1,5911,variant_mid,12.99,10.0,2024-12-15,1,1,0,88.56,76.8,2,1,20
5912,1,5912,variant_high,14.99,15.0,2025-10-02,0,0,0,79.75,22.3,3,1,82
5913,1,5913,variant_high,14.99,15.0,2025-09-15,0,0,0,267.38,18.6,3,0,24
5914,1,5914,variant_high,14.99,15.0,2025-01-25,0,0,0,31.01,0.0,5,1,15
5915,1,5915,variant_mid,12.99,10.0,2025-09-28,1,1,0,255.0,100.0,1,1,78
5916,1,5916,variant_high,14.99,15.0,2025-12-23,1,0,0,123.7,43.3,3,1,80
5917,1,5917,variant_mid,12.99,10.0,2025-05-16,1,1,0,63.74,55.7,1,1,11
5918,1,5918,variant_high,14.99,15.0,2025-07-04,1,0,0,22.81,53.1,2,1,9
5919,1,5919,variant_mid,12.99,10.0,2024-12-10,1,1,1,82.64,69.5,2,1,35
5920,1,5920,control,9.99,0.0,2026-01-08,0,0,0,1436.69,29.8,1,1,5
5921,1,5921,variant_mid,12.99,10.0,2024-09-21,1,0,0,18.6,47.6,4,1,26
5922,1,5922,control,9.99,0.0,2025-07-18,1,1,1,91.9,55.3,2,1,36
5923,1,5923,variant_mid,12.99,10.0,2025-11-30,1,1,1,49.74,57.9,2,1,31
5924,1,5924,variant_high,14.99,15.0,2025-11-16,0,0,0,84.67,44.4,4,1,69
5925,1,5925,control,9.99,0.0,2025-10-11,1,0,0,59.21,55.0,0,1,52
5926,1,5926,variant_high,14.99,15.0,2024-05-27,1,1,1,69.52,46.7,5,1,85
5927,1,5927,control,9.99,0.0,2026-01-02,0,0,0,76.99,28.5,3,1,0
5928,1,5928,control,9.99,0.0,2024-05-31,0,0,0,161.35,5.8,0,1,78
5929,1,5929,control,9.99,0.0,2024-06-25,1,1,1,125.21,69.6,5,0,65
5930,1,5930,control,9.99,0.0,2025-01-06,0,0,0,84.64,4.2,2,1,10
5931,1,5931,variant_high,14.99,15.0,2024-04-27,1,0,0,35.08,27.4,4,1,28
5932,1,5932,variant_high,14.99,15.0,2025-07-02,0,0,0,46.79,10.8,2,1,34
5933,1,5933,variant_mid,12.99,10.0,2025-11-15,0,0,0,713.76,21.7,2,1,68
5934,1,5934,variant_high,14.99,15.0,2024-07-30,0,0,0,119.0,0.0,5,0,62
5935,1,5935,variant_mid,12.99,10.0,2024-09-12,0,0,0,28.97,11.0,2,1,35
5936,1,5936,variant_high,14.99,15.0,2024-11-04,0,0,0,279.58,8.3,2,0,55
5937,1,5937,variant_mid,12.99,10.0,2024-03-23,0,0,0,152.69,3.1,3,1,46
5938,1,5938,control,9.99,0.0,2024-05-13,1,1,1,5.51,71.3,0,0,9
5939,1,5939,variant_high,14.99,15.0,2025-12-09,1,1,1,705.72,58.9,0,1,86
5940,1,5940,variant_mid,12.99,10.0,2025-11-14,1,0,0,104.4,87.3,2,1,19
5941,1,5941,variant_high,14.99,15.0,2025-01-06,1,0,0,61.14,83.3,3,1,44
5942,1,5942,variant_high,14.99,15.0,2025-07-05,0,0,0,215.52,41.0,3,1,15
5943,1,5943,variant_mid,12.99,10.0,2024-02-18,0,0,0,6.92,32.6,4,1,13
5944,1,5944,variant_high,14.99,15.0,2024-02-06,0,0,0,306.95,28.2,1,1,50
5945,1,5945,control,9.99,0.0,2025-10-22,0,0,0,188.56,0.0,1,1,0
5946,1,5946,variant_mid,12.99,10.0,2024-01-31,0,0,0,260.81,22.9,5,1,54
5947,1,5947,variant_high,14.99,15.0,2025-06-13,1,1,1,120.66,74.7,4,1,76
5948,1,5948,variant_high,14.99,15.0,2026-01-13,1,0,0,57.31,60.3,3,1,28
5949,1,5949,variant_mid,12.99,10.0,2025-08-08,0,0,0,88.24,0.0,3,1,28
5950,1,5950,control,9.99,0.0,2024-10-18,0,0,0,122.86,17.4,1,1,53
5951,1,5951,control,9.99,0.0,2025-02-09,1,0,0,19.92,43.7,3,0,87
5952,1,5952,variant_mid,12.99,10.0,2025-03-28,0,0,0,548.63,39.6,3,1,49
5953,1,5953,variant_mid,12.99,10.0,2024-11-24,1,0,0,81.7,32.1,6,0,38
5954,1,5954,variant_mid,12.99,10.0,2025-12-01,1,1,1,100.33,30.4,0,1,35
5955,1,5955,variant_mid,12.99,10.0,2024-02-06,1,1,0,28.21,38.4,0,1,18
5956,1,5956,variant_mid,12.99,10.0,2025-12-04,1,0,0,170.73,68.0,1,1,51
5957,1,5957,control,9.99,0.0,2025-09-25,0,0,0,82.25,0.0,3,1,78
5958,1,5958,control,9.99,0.0,2024-03-13,1,1,1,83.84,65.3,1,1,24
5959,1,5959,variant_high,14.99,15.0,2025-03-05,0,0,0,112.52,3.7,5,1,29
5960,1,5960,variant_high,14.99,15.0,2025-04-21,0,0,0,42.59,0.0,4,1,28
5961,1,5961,variant_mid,12.99,10.0,2026-01-06,1,0,0,41.32,76.3,2,0,35
5962,1,5962,variant_mid,12.99,10.0,2026-01-07,0,0,0,30.92,24.5,5,1,70
5963,1,5963,control,9.99,0.0,2024-12-17,1,0,0,45.84,82.9,5,1,73
5964,1,5964,control,9.99,0.0,2024-05-14,0,0,0,209.67,44.5,3,0,71
5965,1,5965,variant_high,14.99,15.0,2025-08-14,0,0,0,12.54,0.0,5,1,72
5966,1,5966,control,9.99,0.0,2025-05-18,0,0,0,40.8,3.7,2,1,3
5967,1,5967,control,9.99,0.0,2025-01-27,1,0,0,69.88,67.4,0,0,1
5968,1,5968,variant_mid,12.99,10.0,2025-07-22,1,0,0,326.28,30.5,3,1,8
5969,1,5969,variant_high,14.99,15.0,2024-03-21,1,0,0,193.04,36.7,5,1,26
5970,1,5970,variant_mid,12.99,10.0,2024-02-29,0,0,0,122.54,26.2,2,1,46
5971,1,5971,variant_mid,12.99,10.0,2025-01-04,0,0,0,40.38,65.1,2,1,48
5972,1,5972,variant_high,14.99,15.0,2024-10-22,0,0,0,404.79,16.5,3,1,29
5973,1,5973,variant_high,14.99,15.0,2024-05-14,0,0,0,450.87,27.9,2,1,89
5974,1,5974,variant_mid,12.99,10.0,2024-05-30,0,0,0,217.06,13.2,3,1,62
5975,1,5975,control,9.99,0.0,2024-12-24,0,0,0,175.01,5.6,3,0,80
5976,1,5976,variant_mid,12.99,10.0,2024-02-25,0,0,0,34.44,0.0,0,1,4
5977,1,5977,variant_high,14.99,15.0,2025-06-12,0,0,0,46.04,23.3,5,1,3
5978,1,5978,variant_high,14.99,15.0,2024-03-25,0,0,0,618.48,0.0,2,0,15
5979,1,5979,variant_high,14.99,15.0,2025-05-06,0,0,0,42.98,8.4,6,1,16
5980,1,5980,variant_mid,12.99,10.0,2024-09-20,1,1,0,97.95,63.0,3,0,48
5981,1,5981,control,9.99,0.0,2024-04-28,0,0,0,116.08,5.5,1,1,39
5982,1,5982,variant_mid,12.99,10.0,2025-02-28,0,0,0,95.57,0.0,4,1,82
5983,1,5983,variant_high,14.99,15.0,2025-04-19,1,0,0,96.39,70.2,2,1,79
5984,1,5984,control,9.99,0.0,2025-12-01,1,0,0,1106.45,64.7,6,1,55
5985,1,5985,variant_mid,12.99,10.0,2024-11-19,0,0,0,33.47,11.6,1,1,56
5986,1,5986,variant_mid,12.99,10.0,2025-11-20,0,0,0,48.91,9.9,0,1,13
5987,1,5987,variant_mid,12.99,10.0,2024-12-15,1,1,1,1212.47,64.9,1,1,81
5988,1,5988,variant_mid,12.99,10.0,2025-09-28,0,0,0,139.0,0.0,0,1,9
5989,1,5989,variant_mid,12.99,10.0,2024-08-10,0,0,0,44.9,3.7,3,1,46
5990,1,5990,variant_high,14.99,15.0,2025-07-21,0,0,0,77.37,34.2,2,1,78
5991,1,5991,control,9.99,0.0,2024-06-21,0,0,0,187.89,16.2,0,0,85
5992,1,5992,variant_high,14.99,15.0,2024-02-18,0,0,0,44.41,0.0,1,1,84
5993,1,5993,control,9.99,0.0,2024-04-14,0,0,0,45.76,0.0,0,1,11
5994,1,5994,control,9.99,0.0,2024-11-12,0,0,0,8.18,24.4,0,1,8
5995,1,5995,control,9.99,0.0,2024-04-07,0,0,0,237.38,18.7,1,1,84
5996,1,5996,control,9.99,0.0,2025-07-29,1,0,0,90.89,46.7,2,1,8
5997,1,5997,variant_mid,12.99,10.0,2024-03-22,1,1,1,60.57,45.9,4,1,54
5998,1,5998,variant_mid,12.99,10.0,2025-12-26,0,0,0,37.08,0.0,2,1,67
5999,1,5999,control,9.99,0.0,2024-09-29,1,1,1,109.09,59.9,1,1,14
6000,1,6000,variant_high,14.99,15.0,2024-12-21,0,0,0,73.54,0.0,6,0,53
6001,1,6001,variant_high,14.99,15.0,2025-07-11,0,0,0,387.7,0.0,2,1,62
6002,1,6002,variant_high,14.99,15.0,2025-06-02,0,0,0,269.75,0.0,6,1,48
6003,1,6003,variant_high,14.99,15.0,2025-09-03,0,0,0,124.52,2.3,1,1,55
6004,1,6004,variant_mid,12.99,10.0,2026-01-10,0,0,0,362.46,0.0,2,0,46
6005,1,6005,variant_mid,12.99,10.0,2024-08-10,0,0,0,921.8,2.9,0,1,80
6006,1,6006,variant_high,14.99,15.0,2025-04-16,1,0,0,129.48,53.7,2,1,42
6007,1,6007,variant_mid,12.99,10.0,2025-05-20,0,0,0,766.63,23.9,1,1,11
6008,1,6008,variant_mid,12.99,10.0,2025-08-02,0,0,0,78.12,26.7,1,0,48
6009,1,6009,control,9.99,0.0,2024-08-18,0,0,0,53.36,0.0,3,1,61
6010,1,6010,control,9.99,0.0,2025-12-18,0,0,0,45.01,0.0,2,1,86
6011,1,6011,variant_high,14.99,15.0,2024-07-02,0,0,0,139.2,9.3,1,1,82
6012,1,6012,control,9.99,0.0,2025-06-08,1,1,0,85.04,81.5,3,1,1
6013,1,6013,control,9.99,0.0,2025-10-27,1,0,0,256.5,70.0,0,1,29
6014,1,6014,variant_high,14.99,15.0,2024-04-16,0,0,0,113.92,15.3,4,1,44
6015,1,6015,variant_high,14.99,15.0,2025-02-04,1,1,1,126.07,43.7,3,1,57
6016,1,6016,variant_high,14.99,15.0,2026-01-03,1,0,0,86.9,42.8,5,1,31
6017,1,6017,variant_mid,12.99,10.0,2024-04-29,1,0,0,149.07,17.0,1,1,61
6018,1,6018,variant_mid,12.99,10.0,2025-08-24,0,0,0,136.11,6.9,3,1,27
6019,1,6019,variant_mid,12.99,10.0,2025-09-18,1,1,1,126.53,49.9,1,0,79
6020,1,6020,control,9.99,0.0,2024-07-16,1,1,1,59.34,23.9,3,1,1
6021,1,6021,control,9.99,0.0,2025-05-31,1,1,0,381.17,84.9,4,1,10
6022,1,6022,variant_high,14.99,15.0,2026-01-09,1,0,0,193.42,44.9,1,1,25
6023,1,6023,variant_high,14.99,15.0,2024-10-24,1,1,0,137.95,61.4,4,1,83
6024,1,6024,control,9.99,0.0,2024-03-08,1,0,0,162.46,90.2,3,1,23
6025,1,6025,variant_mid,12.99,10.0,2024-07-19,0,0,0,55.54,7.4,3,1,14
6026,1,6026,variant_high,14.99,15.0,2025-11-24,1,0,0,130.36,90.1,1,0,14
6027,1,6027,variant_mid,12.99,10.0,2025-11-20,1,1,1,15.63,60.0,4,1,54
6028,1,6028,control,9.99,0.0,2025-09-08,1,0,0,92.68,87.1,2,1,57
6029,1,6029,control,9.99,0.0,2025-03-02,1,1,1,104.25,64.2,2,0,64
6030,1,6030,variant_mid,12.99,10.0,2024-07-23,0,0,0,165.99,3.2,6,1,87
6031,1,6031,variant_mid,12.99,10.0,2025-03-27,0,0,0,240.41,18.9,1,1,37
6032,1,6032,variant_high,14.99,15.0,2025-09-28,0,0,0,219.8,0.0,6,1,32
6033,1,6033,variant_mid,12.99,10.0,2025-08-23,1,1,0,72.29,57.3,1,1,17
6034,1,6034,variant_mid,12.99,10.0,2024-02-24,0,0,0,232.82,27.3,3,1,69
6035,1,6035,control,9.99,0.0,2025-06-15,0,0,0,76.22,9.5,3,1,70
6036,1,6036,control,9.99,0.0,2025-11-28,1,0,0,139.62,50.1,1,1,82
6037,1,6037,control,9.99,0.0,2024-04-14,0,0,0,110.96,7.7,2,1,45
6038,1,6038,variant_mid,12.99,10.0,2025-04-06,1,1,1,201.52,60.0,3,1,81
6039,1,6039,variant_mid,12.99,10.0,2025-04-02,1,1,1,265.23,28.3,3,1,59
6040,1,6040,control,9.99,0.0,2025-01-31,0,0,0,68.0,0.3,3,1,11
6041,1,6041,variant_high,14.99,15.0,2025-07-12,0,0,0,43.06,0.0,4,1,17
6042,1,6042,variant_mid,12.99,10.0,2026-01-12,1,1,0,417.34,62.1,2,1,81
6043,1,6043,variant_high,14.99,15.0,2025-04-26,0,0,0,110.38,6.7,5,0,60
6044,1,6044,variant_high,14.99,15.0,2024-02-07,1,0,0,73.03,74.3,1,1,4
6045,1,6045,control,9.99,0.0,2025-01-30,1,1,0,58.87,33.8,3,1,32
6046,1,6046,control,9.99,0.0,2025-01-22,1,1,1,147.14,70.2,1,0,53
6047,1,6047,control,9.99,0.0,2024-07-31,0,0,0,57.88,26.5,2,1,82
6048,1,6048,variant_high,14.99,15.0,2025-06-26,1,0,0,141.76,91.1,3,1,17
6049,1,6049,variant_mid,12.99,10.0,2025-02-26,0,0,0,175.85,46.1,3,1,24
6050,1,6050,control,9.99,0.0,2024-03-31,0,0,0,143.57,16.3,2,0,12
6051,1,6051,control,9.99,0.0,2025-07-29,1,1,0,152.03,47.4,3,1,81
6052,1,6052,control,9.99,0.0,2024-01-17,1,0,0,51.07,74.1,3,1,47
6053,1,6053,variant_mid,12.99,10.0,2025-09-30,0,0,0,31.65,15.1,0,1,21
6054,1,6054,variant_high,14.99,15.0,2025-03-30,1,0,0,76.49,69.0,4,1,51
6055,1,6055,variant_mid,12.99,10.0,2025-12-28,1,1,1,200.93,66.9,4,1,18
6056,1,6056,control,9.99,0.0,2024-09-03,1,1,0,206.22,61.3,2,0,23
6057,1,6057,variant_high,14.99,15.0,2024-06-11,1,1,1,48.08,87.2,1,1,28
6058,1,6058,variant_high,14.99,15.0,2024-12-30,0,0,0,250.83,3.7,1,1,45
6059,1,6059,variant_mid,12.99,10.0,2025-09-01,1,0,0,45.93,92.6,1,1,28
6060,1,6060,variant_high,14.99,15.0,2025-04-10,1,1,1,35.16,28.1,3,1,89
6061,1,6061,variant_high,14.99,15.0,2024-11-29,1,0,0,39.75,64.3,3,0,75
6062,1,6062,variant_mid,12.99,10.0,2024-10-13,0,0,0,461.96,0.0,2,1,22
6063,1,6063,control,9.99,0.0,2025-08-05,1,0,0,82.88,63.5,1,1,18
6064,1,6064,variant_mid,12.99,10.0,2024-06-24,0,0,0,192.59,0.0,0,1,81
6065,1,6065,control,9.99,0.0,2024-02-02,1,1,0,127.24,56.4,2,1,22
6066,1,6066,control,9.99,0.0,2024-07-02,0,0,0,174.82,28.7,3,0,27
6067,1,6067,variant_high,14.99,15.0,2024-06-18,1,1,1,44.74,75.6,4,1,32
6068,1,6068,variant_high,14.99,15.0,2024-05-21,1,0,0,12.51,39.4,2,1,7
6069,1,6069,variant_mid,12.99,10.0,2024-08-20,1,0,0,79.86,45.8,3,1,12
6070,1,6070,variant_high,14.99,15.0,2025-06-20,1,0,0,74.5,60.6,4,1,32
6071,1,6071,variant_high,14.99,15.0,2024-07-18,1,0,0,325.64,72.0,4,0,11
6072,1,6072,variant_high,14.99,15.0,2024-04-12,0,0,0,58.5,0.0,3,1,80
6073,1,6073,variant_high,14.99,15.0,2024-10-28,1,0,0,640.11,58.6,3,0,6
6074,1,6074,variant_high,14.99,15.0,2025-12-17,0,0,0,40.77,4.4,1,0,64
6075,1,6075,control,9.99,0.0,2025-11-26,1,0,0,72.9,50.4,1,1,40
6076,1,6076,variant_high,14.99,15.0,2024-01-15,1,1,1,80.14,64.0,5,1,22
6077,1,6077,variant_high,14.99,15.0,2024-01-16,0,0,0,44.5,35.1,5,1,5
6078,1,6078,control,9.99,0.0,2024-08-29,0,0,0,53.52,8.5,1,1,20
6079,1,6079,variant_mid,12.99,10.0,2024-04-29,1,0,0,38.15,86.6,2,1,40
6080,1,6080,control,9.99,0.0,2025-08-18,0,0,0,315.2,0.0,1,1,7
6081,1,6081,variant_mid,12.99,10.0,2024-05-04,1,0,0,116.42,64.4,2,0,62
6082,1,6082,variant_mid,12.99,10.0,2024-03-11,1,0,0,16.2,43.4,3,0,22
6083,1,6083,control,9.99,0.0,2024-06-24,0,0,0,39.62,10.3,2,1,50
6084,1,6084,variant_mid,12.99,10.0,2025-03-06,0,0,0,293.09,8.0,3,1,59
6085,1,6085,variant_mid,12.99,10.0,2024-05-03,1,1,1,41.25,38.5,0,1,16
6086,1,6086,control,9.99,0.0,2024-08-12,1,0,0,37.87,42.5,4,0,56
6087,1,6087,variant_high,14.99,15.0,2025-01-15,1,0,0,52.92,70.1,4,1,25
6088,1,6088,variant_high,14.99,15.0,2025-12-13,1,0,0,65.1,43.2,5,0,3
6089,1,6089,control,9.99,0.0,2025-10-10,1,0,0,107.38,39.0,2,1,86
6090,1,6090,variant_mid,12.99,10.0,2024-06-21,0,0,0,107.14,0.0,1,0,5
6091,1,6091,control,9.99,0.0,2024-08-06,0,0,0,182.02,20.9,4,1,63
6092,1,6092,control,9.99,0.0,2024-02-28,1,1,1,54.09,74.9,2,1,1
6093,1,6093,variant_mid,12.99,10.0,2024-08-18,1,0,0,156.69,47.9,4,1,19
6094,1,6094,control,9.99,0.0,2025-03-26,1,0,0,10.55,65.4,2,1,45
6095,1,6095,variant_mid,12.99,10.0,2025-01-31,1,1,0,98.18,69.8,6,1,2
6096,1,6096,control,9.99,0.0,2024-10-15,1,1,0,44.33,63.5,3,0,34
6097,1,6097,variant_high,14.99,15.0,2024-01-26,0,0,0,13.68,30.1,1,1,74
6098,1,6098,control,9.99,0.0,2025-10-26,0,0,0,73.8,40.2,1,1,39
6099,1,6099,variant_high,14.99,15.0,2024-10-26,1,1,1,149.02,40.8,8,0,53
6100,1,6100,variant_mid,12.99,10.0,2025-11-06,1,0,0,55.92,68.0,2,1,48
6101,1,6101,control,9.99,0.0,2025-06-26,1,0,0,261.42,88.1,2,1,53
6102,1,6102,control,9.99,0.0,2025-08-21,0,0,0,421.66,15.6,1,1,58
6103,1,6103,variant_mid,12.99,10.0,2024-11-04,0,0,0,60.38,0.0,2,1,15
6104,1,6104,variant_high,14.99,15.0,2024-04-23,1,0,0,29.25,47.3,4,0,43
6105,1,6105,variant_mid,12.99,10.0,2024-06-16,0,0,0,104.45,5.1,1,1,35
6106,1,6106,variant_mid,12.99,10.0,2025-04-27,0,0,0,51.67,14.1,4,1,73
6107,1,6107,variant_high,14.99,15.0,2025-03-17,1,0,0,169.42,66.2,2,0,64
6108,1,6108,control,9.99,0.0,2024-03-28,0,0,0,677.09,27.1,1,0,27
6109,1,6109,variant_high,14.99,15.0,2025-09-23,1,1,1,61.56,47.4,4,1,23
6110,1,6110,control,9.99,0.0,2024-02-02,0,0,0,35.64,18.0,1,1,19
6111,1,6111,variant_high,14.99,15.0,2024-12-15,0,0,0,166.76,11.4,3,1,23
6112,1,6112,variant_high,14.99,15.0,2024-05-29,0,0,0,111.57,30.3,3,1,20
6113,1,6113,control,9.99,0.0,2024-05-16,0,0,0,24.7,11.3,2,1,7
6114,1,6114,control,9.99,0.0,2025-01-01,0,0,0,18.1,0.0,1,1,68
6115,1,6115,variant_high,14.99,15.0,2024-08-30,0,0,0,48.04,15.5,3,1,33
6116,1,6116,variant_mid,12.99,10.0,2024-12-07,0,0,0,81.26,0.6,0,1,48
6117,1,6117,variant_mid,12.99,10.0,2025-12-04,0,0,0,110.49,7.1,3,1,73
6118,1,6118,variant_mid,12.99,10.0,2025-08-01,0,0,0,130.2,10.1,5,1,54
6119,1,6119,control,9.99,0.0,2024-09-02,1,1,0,25.63,74.6,0,1,52
6120,1,6120,variant_high,14.99,15.0,2025-01-25,1,1,1,74.89,52.7,2,1,80
6121,1,6121,control,9.99,0.0,2024-10-10,0,0,0,79.14,27.3,1,1,85
6122,1,6122,variant_mid,12.99,10.0,2024-07-25,0,0,0,80.5,51.9,2,1,33
6123,1,6123,variant_mid,12.99,10.0,2024-12-16,1,0,0,349.57,61.6,3,1,21
6124,1,6124,control,9.99,0.0,2024-04-12,1,0,0,180.45,66.0,0,1,58
6125,1,6125,variant_high,14.99,15.0,2024-07-10,1,0,0,80.37,60.4,3,0,39
6126,1,6126,variant_mid,12.99,10.0,2025-03-06,0,0,0,97.97,0.0,2,1,2
6127,1,6127,variant_mid,12.99,10.0,2025-06-22,0,0,0,60.14,1.5,5,1,13
6128,1,6128,variant_high,14.99,15.0,2025-05-11,0,0,0,32.24,17.4,5,1,35
6129,1,6129,variant_mid,12.99,10.0,2026-01-02,0,0,0,100.57,42.4,1,1,12
6130,1,6130,variant_high,14.99,15.0,2024-06-15,0,0,0,79.91,0.0,1,1,54
6131,1,6131,variant_high,14.99,15.0,2024-03-30,1,0,0,359.92,44.5,3,1,24
6132,1,6132,variant_high,14.99,15.0,2025-04-12,1,0,0,345.22,42.8,5,1,62
6133,1,6133,control,9.99,0.0,2025-02-21,1,0,0,49.03,100.0,1,1,20
6134,1,6134,control,9.99,0.0,2025-10-06,0,0,0,49.97,39.4,3,0,31
6135,1,6135,variant_mid,12.99,10.0,2024-04-15,1,1,1,60.6,75.8,3,0,87
6136,1,6136,control,9.99,0.0,2024-06-28,1,1,1,62.79,62.9,0,1,17
6137,1,6137,control,9.99,0.0,2024-10-29,1,1,1,172.17,74.9,3,1,80
6138,1,6138,control,9.99,0.0,2025-08-27,0,0,0,442.59,13.7,2,1,35
6139,1,6139,control,9.99,0.0,2024-06-03,1,1,1,404.94,39.1,2,0,62
6140,1,6140,variant_mid,12.99,10.0,2025-12-09,1,1,1,276.93,52.8,2,1,51
6141,1,6141,control,9.99,0.0,2024-03-30,1,0,0,179.89,41.7,2,1,4
6142,1,6142,control,9.99,0.0,2025-11-30,0,0,0,365.92,3.4,1,1,73
6143,1,6143,variant_high,14.99,15.0,2025-05-07,1,1,1,466.75,67.9,3,1,17
6144,1,6144,variant_high,14.99,15.0,2024-04-16,0,0,0,25.68,0.0,3,1,32
6145,1,6145,variant_mid,12.99,10.0,2025-12-24,0,0,0,26.02,20.5,4,1,44
6146,1,6146,variant_high,14.99,15.0,2024-02-22,0,0,0,125.34,0.0,2,1,77
6147,1,6147,control,9.99,0.0,2024-10-30,1,1,1,85.19,65.3,2,1,59
6148,1,6148,variant_high,14.99,15.0,2025-07-01,1,0,0,52.7,62.4,2,1,29
6149,1,6149,variant_mid,12.99,10.0,2024-09-26,0,0,0,48.88,0.0,2,1,66
6150,1,6150,variant_mid,12.99,10.0,2024-10-17,0,0,0,122.81,0.0,0,1,4
6151,1,6151,variant_mid,12.99,10.0,2024-07-31,1,1,1,86.02,56.8,2,1,30
6152,1,6152,variant_high,14.99,15.0,2024-05-28,0,0,0,61.26,24.7,2,1,87
6153,1,6153,control,9.99,0.0,2025-03-01,1,1,1,81.53,76.9,1,1,17
6154,1,6154,variant_mid,12.99,10.0,2024-12-02,0,0,0,15.6,0.0,2,1,21
6155,1,6155,variant_high,14.99,15.0,2025-08-26,0,0,0,93.86,0.0,3,1,2
6156,1,6156,variant_mid,12.99,10.0,2025-02-08,1,1,0,125.17,59.1,5,0,81
6157,1,6157,variant_mid,12.99,10.0,2025-01-15,0,0,0,71.77,22.9,0,1,72
6158,1,6158,control,9.99,0.0,2024-05-10,0,0,0,38.93,20.2,6,1,39
6159,1,6159,control,9.99,0.0,2024-07-19,1,1,0,34.19,36.5,1,1,64
6160,1,6160,variant_mid,12.99,10.0,2024-02-05,1,1,0,126.44,75.3,4,1,78
6161,1,6161,variant_mid,12.99,10.0,2025-12-18,0,0,0,85.81,39.8,0,0,31
6162,1,6162,control,9.99,0.0,2025-07-27,1,1,1,61.45,19.5,0,1,17
6163,1,6163,variant_high,14.99,15.0,2024-07-28,1,0,0,46.36,86.1,1,1,2
6164,1,6164,variant_high,14.99,15.0,2024-12-13,1,1,1,125.06,46.5,1,1,23
6165,1,6165,control,9.99,0.0,2025-02-28,0,0,0,26.76,43.0,1,1,14
6166,1,6166,control,9.99,0.0,2024-07-04,1,0,0,1008.4,29.5,0,1,77
6167,1,6167,variant_high,14.99,15.0,2024-04-16,1,1,0,114.07,46.7,5,0,13
6168,1,6168,variant_high,14.99,15.0,2025-12-06,0,0,0,111.59,0.0,2,1,6
6169,1,6169,variant_high,14.99,15.0,2024-09-26,1,0,0,44.97,65.7,3,0,2
6170,1,6170,variant_high,14.99,15.0,2025-07-21,1,1,0,667.82,80.7,2,1,18
6171,1,6171,variant_high,14.99,15.0,2025-04-10,1,1,0,35.2,59.8,2,1,6
6172,1,6172,control,9.99,0.0,2024-11-04,1,0,0,49.32,27.5,1,0,42
6173,1,6173,control,9.99,0.0,2025-03-29,0,0,0,65.77,30.1,1,1,75
6174,1,6174,control,9.99,0.0,2024-08-02,0,0,0,337.91,0.0,1,1,39
6175,1,6175,variant_mid,12.99,10.0,2024-07-15,0,0,0,251.88,19.7,1,1,60
6176,1,6176,control,9.99,0.0,2025-06-22,0,0,0,151.28,2.6,0,1,43
6177,1,6177,variant_mid,12.99,10.0,2025-07-30,0,0,0,96.11,0.0,2,1,61
6178,1,6178,control,9.99,0.0,2025-06-17,1,1,1,50.46,42.3,3,1,28
6179,1,6179,variant_mid,12.99,10.0,2025-06-02,0,0,0,56.75,21.7,2,1,40
6180,1,6180,variant_high,14.99,15.0,2025-10-16,0,0,0,197.23,20.9,2,1,73
6181,1,6181,variant_high,14.99,15.0,2024-08-23,1,1,1,219.99,62.3,4,1,86
6182,1,6182,variant_mid,12.99,10.0,2024-01-10,0,0,0,89.95,0.0,0,1,37
6183,1,6183,control,9.99,0.0,2024-07-27,1,0,0,214.25,32.3,1,0,9
6184,1,6184,control,9.99,0.0,2025-04-16,0,0,0,358.79,17.1,3,1,80
6185,1,6185,variant_mid,12.99,10.0,2025-03-27,0,0,0,29.88,21.4,0,1,42
6186,1,6186,control,9.99,0.0,2024-08-10,0,0,0,361.59,0.0,2,1,83
6187,1,6187,variant_high,14.99,15.0,2025-08-07,0,0,0,112.96,42.7,2,1,46
6188,1,6188,variant_high,14.99,15.0,2025-12-20,1,1,1,82.85,79.9,1,1,33
6189,1,6189,control,9.99,0.0,2024-04-02,1,1,1,161.89,64.7,1,0,7
6190,1,6190,control,9.99,0.0,2024-01-29,1,0,0,868.57,43.3,6,0,35
6191,1,6191,control,9.99,0.0,2025-06-09,0,0,0,133.23,43.9,1,0,3
6192,1,6192,variant_high,14.99,15.0,2024-12-31,1,1,1,51.82,79.4,2,1,6
6193,1,6193,control,9.99,0.0,2025-05-22,0,0,0,152.17,0.0,0,0,60
6194,1,6194,variant_high,14.99,15.0,2025-06-14,1,1,1,27.87,73.7,1,1,40
6195,1,6195,variant_mid,12.99,10.0,2024-02-16,1,0,0,128.16,83.6,2,1,45
6196,1,6196,variant_mid,12.99,10.0,2025-07-09,1,0,0,87.85,42.9,3,1,74
6197,1,6197,variant_high,14.99,15.0,2024-05-25,1,1,1,40.68,78.4,1,0,66
6198,1,6198,control,9.99,0.0,2025-04-19,1,0,0,172.27,53.5,4,0,49
6199,1,6199,variant_high,14.99,15.0,2026-01-03,1,0,0,95.76,82.0,4,1,38
6200,1,6200,control,9.99,0.0,2024-12-29,1,1,1,43.27,48.2,6,0,52
6201,1,6201,variant_high,14.99,15.0,2024-09-29,1,0,0,58.01,50.2,4,1,42
6202,1,6202,variant_high,14.99,15.0,2025-11-02,1,0,0,257.73,43.4,2,1,70
6203,1,6203,control,9.99,0.0,2024-11-03,0,0,0,131.16,28.7,1,0,13
6204,1,6204,variant_mid,12.99,10.0,2025-02-26,1,1,1,34.7,17.3,3,1,5
6205,1,6205,variant_mid,12.99,10.0,2024-06-03,0,0,0,111.46,8.6,0,0,47
6206,1,6206,control,9.99,0.0,2025-01-28,1,0,0,18.28,46.4,3,1,70
6207,1,6207,variant_mid,12.99,10.0,2024-03-12,1,0,0,69.17,28.6,1,1,88
6208,1,6208,control,9.99,0.0,2025-10-07,0,0,0,22.76,30.8,4,1,47
6209,1,6209,variant_high,14.99,15.0,2025-03-25,1,1,0,337.73,73.8,4,1,72
6210,1,6210,variant_mid,12.99,10.0,2024-12-08,0,0,0,48.37,0.0,3,1,9
6211,1,6211,variant_mid,12.99,10.0,2025-07-12,0,0,0,56.35,26.3,4,1,52
6212,1,6212,variant_high,14.99,15.0,2025-04-04,1,1,0,550.76,55.1,2,1,1
6213,1,6213,variant_high,14.99,15.0,2024-11-05,0,0,0,112.54,12.6,6,1,69
6214,1,6214,control,9.99,0.0,2024-09-12,1,1,1,197.1,62.2,1,1,12
6215,1,6215,control,9.99,0.0,2024-03-09,0,0,0,97.5,5.6,2,1,57
6216,1,6216,control,9.99,0.0,2024-06-08,1,1,0,25.16,27.5,2,0,43
6217,1,6217,variant_high,14.99,15.0,2024-10-26,1,1,0,19.88,69.3,2,1,83
6218,1,6218,variant_mid,12.99,10.0,2024-12-15,1,1,0,267.78,73.4,4,1,35
6219,1,6219,control,9.99,0.0,2025-12-31,0,0,0,26.91,0.0,3,1,62
6220,1,6220,variant_mid,12.99,10.0,2024-09-21,1,1,0,15.48,55.3,2,1,13
6221,1,6221,variant_mid,12.99,10.0,2024-12-19,0,0,0,23.42,31.1,3,1,53
6222,1,6222,variant_mid,12.99,10.0,2024-02-05,0,0,0,57.72,41.1,4,0,17
6223,1,6223,variant_mid,12.99,10.0,2024-03-26,1,1,0,128.93,41.2,2,1,60
6224,1,6224,control,9.99,0.0,2024-12-31,1,0,0,84.35,75.5,2,1,54
6225,1,6225,control,9.99,0.0,2024-09-27,0,0,0,117.4,44.6,4,1,25
6226,1,6226,variant_high,14.99,15.0,2025-04-30,0,0,0,45.57,13.0,1,1,31
6227,1,6227,variant_mid,12.99,10.0,2025-09-21,1,0,0,47.91,63.5,4,0,15
6228,1,6228,variant_high,14.99,15.0,2024-02-17,0,0,0,475.5,0.4,2,1,43
6229,1,6229,control,9.99,0.0,2024-05-10,1,1,1,121.06,79.1,1,1,84
6230,1,6230,variant_high,14.99,15.0,2025-02-20,1,0,0,88.48,56.6,4,1,49
6231,1,6231,control,9.99,0.0,2024-03-27,1,1,1,166.06,56.1,0,0,77
6232,1,6232,variant_high,14.99,15.0,2024-09-01,1,1,1,40.34,62.4,3,1,47
6233,1,6233,variant_high,14.99,15.0,2025-06-15,1,1,1,39.33,62.8,3,1,10
6234,1,6234,control,9.99,0.0,2024-02-02,0,0,0,110.43,17.6,3,1,35
6235,1,6235,control,9.99,0.0,2025-04-15,0,0,0,276.8,9.4,2,1,57
6236,1,6236,variant_high,14.99,15.0,2024-03-30,0,0,0,15.72,0.7,2,1,15
6237,1,6237,variant_mid,12.99,10.0,2025-07-11,1,0,0,76.23,33.2,1,0,88
6238,1,6238,variant_high,14.99,15.0,2025-06-12,1,1,0,67.82,55.9,3,0,2
6239,1,6239,variant_high,14.99,15.0,2024-02-09,1,0,0,146.92,8.0,5,1,77
6240,1,6240,variant_high,14.99,15.0,2025-02-01,0,0,0,230.2,0.0,2,1,24
6241,1,6241,variant_mid,12.99,10.0,2024-12-16,0,0,0,257.43,0.0,1,1,75
6242,1,6242,variant_mid,12.99,10.0,2025-12-04,1,1,0,13.22,60.2,1,1,87
6243,1,6243,variant_high,14.99,15.0,2024-02-16,1,1,1,415.79,60.8,2,1,12
6244,1,6244,variant_high,14.99,15.0,2025-05-25,0,0,0,37.58,0.0,4,1,2
6245,1,6245,control,9.99,0.0,2025-02-05,0,0,0,17.9,0.0,0,1,44
6246,1,6246,variant_mid,12.99,10.0,2025-12-06,0,0,0,79.35,46.2,2,1,3
6247,1,6247,control,9.99,0.0,2025-06-22,0,0,0,37.15,0.0,2,1,12
6248,1,6248,variant_high,14.99,15.0,2024-08-08,1,0,0,122.6,77.4,3,1,64
6249,1,6249,variant_high,14.99,15.0,2024-03-22,0,0,0,132.65,16.2,1,0,19
6250,1,6250,variant_mid,12.99,10.0,2025-03-10,0,0,0,74.57,0.0,1,1,50
6251,1,6251,variant_high,14.99,15.0,2025-09-18,0,0,0,168.99,0.0,2,1,22
6252,1,6252,control,9.99,0.0,2025-02-18,0,0,0,95.37,30.6,1,1,86
6253,1,6253,variant_mid,12.99,10.0,2025-03-19,0,0,0,70.34,60.0,3,1,9
6254,1,6254,variant_mid,12.99,10.0,2025-01-25,1,0,0,203.12,79.3,3,1,20
6255,1,6255,control,9.99,0.0,2024-10-03,0,0,0,117.68,13.1,2,1,86
6256,1,6256,control,9.99,0.0,2025-10-21,0,0,0,167.88,18.3,5,0,18
6257,1,6257,variant_mid,12.99,10.0,2024-05-14,1,0,0,309.22,48.2,2,1,52
6258,1,6258,control,9.99,0.0,2025-01-21,1,1,0,138.8,44.1,2,1,19
6259,1,6259,variant_high,14.99,15.0,2025-10-12,0,0,0,151.11,0.0,5,1,78
6260,1,6260,control,9.99,0.0,2024-07-30,1,0,0,783.82,75.9,1,1,0
6261,1,6261,control,9.99,0.0,2024-11-13,1,0,0,1645.92,74.9,2,1,78
6262,1,6262,control,9.99,0.0,2025-06-03,0,0,0,117.59,10.6,1,1,60
6263,1,6263,variant_mid,12.99,10.0,2024-04-05,1,0,0,47.02,86.8,1,0,78
6264,1,6264,variant_high,14.99,15.0,2024-07-21,1,1,0,48.03,89.7,1,1,75
6265,1,6265,variant_high,14.99,15.0,2025-06-26,0,0,0,37.3,24.0,4,1,11
6266,1,6266,control,9.99,0.0,2024-03-08,1,1,1,231.67,41.2,3,1,45
6267,1,6267,control,9.99,0.0,2024-10-21,1,1,0,34.03,49.3,1,1,3
6268,1,6268,control,9.99,0.0,2025-03-18,1,0,0,502.06,71.2,1,1,29
6269,1,6269,variant_mid,12.99,10.0,2025-09-12,0,0,0,43.52,29.3,7,1,61
6270,1,6270,control,9.99,0.0,2024-04-11,1,1,0,72.28,68.9,3,1,4
6271,1,6271,control,9.99,0.0,2025-02-08,0,0,0,114.93,15.4,5,1,38
6272,1,6272,variant_high,14.99,15.0,2025-06-06,0,0,0,174.71,17.7,8,0,75
6273,1,6273,variant_high,14.99,15.0,2024-11-05,0,0,0,198.9,8.9,4,1,31
6274,1,6274,control,9.99,0.0,2024-11-25,0,0,0,167.08,5.0,3,1,31
6275,1,6275,variant_mid,12.99,10.0,2024-12-05,0,0,0,24.62,0.0,2,1,20
6276,1,6276,variant_high,14.99,15.0,2025-09-26,1,1,1,254.63,100.0,4,1,55
6277,1,6277,control,9.99,0.0,2025-04-03,0,0,0,334.76,34.2,2,0,43
6278,1,6278,variant_mid,12.99,10.0,2024-11-05,1,1,1,88.95,54.0,6,1,61
6279,1,6279,control,9.99,0.0,2024-01-18,0,0,0,91.35,13.4,1,1,18
6280,1,6280,variant_mid,12.99,10.0,2024-10-28,0,0,0,276.54,4.6,1,1,13
6281,1,6281,variant_mid,12.99,10.0,2025-08-18,0,0,0,148.7,0.0,3,1,65
6282,1,6282,variant_high,14.99,15.0,2024-11-12,0,0,0,219.49,0.0,3,1,70
6283,1,6283,variant_mid,12.99,10.0,2024-10-17,1,1,0,57.3,46.4,3,1,34
6284,1,6284,variant_high,14.99,15.0,2025-06-06,0,0,0,30.91,18.1,4,1,14
6285,1,6285,control,9.99,0.0,2025-12-28,1,0,0,294.29,90.1,3,1,29
6286,1,6286,variant_mid,12.99,10.0,2024-04-24,1,0,0,237.18,59.8,5,1,45
6287,1,6287,variant_high,14.99,15.0,2025-12-10,0,0,0,199.07,0.0,1,1,27
6288,1,6288,variant_mid,12.99,10.0,2024-09-08,0,0,0,71.17,0.0,2,1,49
6289,1,6289,variant_mid,12.99,10.0,2025-03-07,0,0,0,191.49,0.0,2,1,49
6290,1,6290,variant_high,14.99,15.0,2024-07-21,1,1,0,136.74,45.7,4,1,46
6291,1,6291,variant_high,14.99,15.0,2024-01-17,1,1,1,367.5,50.1,3,1,68
6292,1,6292,variant_mid,12.99,10.0,2024-10-10,0,0,0,78.39,31.8,4,0,28
6293,1,6293,variant_mid,12.99,10.0,2025-10-24,0,0,0,50.37,28.4,2,1,53
6294,1,6294,variant_high,14.99,15.0,2025-11-09,1,0,0,103.09,67.1,1,1,51
6295,1,6295,variant_high,14.99,15.0,2024-10-12,1,1,1,140.39,83.8,2,1,37
6296,1,6296,variant_high,14.99,15.0,2025-04-12,0,0,0,71.05,16.1,2,1,61
6297,1,6297,control,9.99,0.0,2025-07-20,0,0,0,168.7,10.7,2,1,83
6298,1,6298,variant_high,14.99,15.0,2025-01-09,0,0,0,72.99,4.2,4,0,18
6299,1,6299,control,9.99,0.0,2025-09-04,1,1,1,283.16,81.6,3,0,41
6300,1,6300,variant_mid,12.99,10.0,2024-04-15,1,0,0,186.69,44.5,4,1,22
6301,1,6301,variant_mid,12.99,10.0,2025-11-19,0,0,0,18.72,9.5,1,1,21
6302,1,6302,control,9.99,0.0,2025-02-24,1,0,0,23.26,33.3,0,1,66
6303,1,6303,variant_high,14.99,15.0,2024-04-30,0,0,0,61.61,3.8,3,1,13
6304,1,6304,control,9.99,0.0,2025-08-17,1,1,0,220.58,76.8,2,1,27
6305,1,6305,variant_high,14.99,15.0,2025-11-25,1,0,0,170.35,73.7,4,1,47
6306,1,6306,variant_mid,12.99,10.0,2024-10-01,1,1,1,1411.34,71.2,0,0,33
6307,1,6307,control,9.99,0.0,2024-12-06,1,1,1,409.5,53.4,2,1,51
6308,1,6308,variant_mid,12.99,10.0,2025-11-03,0,0,0,113.72,0.0,4,1,14
6309,1,6309,variant_high,14.99,15.0,2025-02-10,1,0,0,155.66,59.7,3,0,62
6310,1,6310,variant_mid,12.99,10.0,2024-09-13,1,1,0,7.58,43.3,5,1,22
6311,1,6311,variant_high,14.99,15.0,2025-04-15,1,1,1,34.24,24.8,2,1,1
6312,1,6312,variant_high,14.99,15.0,2024-05-11,0,0,0,18.09,5.7,3,1,26
6313,1,6313,control,9.99,0.0,2024-09-21,0,0,0,415.19,0.0,1,0,20
6314,1,6314,control,9.99,0.0,2025-09-04,0,0,0,90.36,39.1,4,1,29
6315,1,6315,control,9.99,0.0,2024-03-29,0,0,0,149.04,31.4,0,0,5
6316,1,6316,control,9.99,0.0,2025-02-20,1,0,0,30.39,65.9,1,1,86
6317,1,6317,variant_mid,12.99,10.0,2025-05-31,1,1,1,49.66,49.0,3,1,64
6318,1,6318,control,9.99,0.0,2025-01-13,0,0,0,53.36,0.0,1,1,41
6319,1,6319,variant_mid,12.99,10.0,2024-10-28,0,0,0,304.51,0.0,1,1,83
6320,1,6320,variant_mid,12.99,10.0,2025-11-23,0,0,0,442.92,24.6,3,0,54
6321,1,6321,variant_mid,12.99,10.0,2025-08-26,0,0,0,29.43,23.4,5,0,88
6322,1,6322,variant_high,14.99,15.0,2025-09-14,0,0,0,340.98,20.1,5,1,82
6323,1,6323,variant_high,14.99,15.0,2024-03-14,0,0,0,48.75,26.2,3,1,27
6324,1,6324,control,9.99,0.0,2025-12-27,1,0,0,602.59,83.8,0,1,46
6325,1,6325,variant_mid,12.99,10.0,2025-01-06,0,0,0,105.62,0.0,1,1,87
6326,1,6326,control,9.99,0.0,2025-05-19,1,0,0,275.07,35.7,2,0,65
6327,1,6327,variant_mid,12.99,10.0,2024-10-08,1,1,1,50.39,41.5,4,1,82
6328,1,6328,variant_mid,12.99,10.0,2025-03-11,0,0,0,42.84,46.4,3,1,73
6329,1,6329,variant_high,14.99,15.0,2025-06-09,1,0,0,78.21,100.0,4,0,22
6330,1,6330,control,9.99,0.0,2025-02-08,1,0,0,23.83,66.5,3,1,17
6331,1,6331,control,9.99,0.0,2025-02-28,0,0,0,48.21,28.3,3,1,20
6332,1,6332,control,9.99,0.0,2024-09-30,1,1,1,18.35,71.1,2,0,77
6333,1,6333,variant_mid,12.99,10.0,2026-01-05,0,0,0,163.75,0.0,1,0,43
6334,1,6334,variant_high,14.99,15.0,2024-05-14,0,0,0,440.14,0.0,4,0,49
6335,1,6335,variant_mid,12.99,10.0,2024-10-01,1,0,0,251.68,49.9,1,1,72
6336,1,6336,variant_mid,12.99,10.0,2025-09-08,1,0,0,157.88,59.1,0,1,48
6337,1,6337,control,9.99,0.0,2024-12-12,0,0,0,851.59,0.0,3,1,83
6338,1,6338,variant_mid,12.99,10.0,2024-01-07,0,0,0,47.41,14.8,3,1,50
6339,1,6339,control,9.99,0.0,2024-03-18,1,1,1,156.1,63.2,2,1,84
6340,1,6340,control,9.99,0.0,2025-10-19,0,0,0,95.14,0.0,1,1,73
6341,1,6341,variant_high,14.99,15.0,2025-12-29,0,0,0,77.9,10.4,5,1,71
6342,1,6342,control,9.99,0.0,2024-07-11,1,0,0,82.69,71.7,0,1,60
6343,1,6343,control,9.99,0.0,2024-06-10,1,1,1,47.6,75.4,0,0,54
6344,1,6344,control,9.99,0.0,2024-07-08,1,1,0,68.29,61.5,6,1,39
6345,1,6345,control,9.99,0.0,2025-11-01,1,0,0,138.28,53.1,1,1,86
6346,1,6346,variant_mid,12.99,10.0,2024-01-16,1,1,0,28.22,66.8,1,1,6
6347,1,6347,control,9.99,0.0,2024-03-11,1,1,1,429.14,33.0,0,1,63
6348,1,6348,variant_high,14.99,15.0,2024-10-02,0,0,0,119.58,2.5,2,0,68
6349,1,6349,variant_mid,12.99,10.0,2025-12-24,1,1,1,129.1,30.9,3,0,83
6350,1,6350,variant_mid,12.99,10.0,2024-03-05,0,0,0,196.85,8.8,2,0,53
6351,1,6351,control,9.99,0.0,2024-09-12,1,0,0,181.49,53.2,1,0,48
6352,1,6352,variant_high,14.99,15.0,2024-05-29,0,0,0,97.03,15.6,0,1,10
6353,1,6353,variant_mid,12.99,10.0,2024-09-14,1,1,0,83.3,49.3,1,0,56
6354,1,6354,variant_high,14.99,15.0,2025-05-17,1,1,1,114.91,76.0,5,1,14
6355,1,6355,variant_mid,12.99,10.0,2024-05-28,0,0,0,168.26,4.1,2,1,22
6356,1,6356,variant_high,14.99,15.0,2024-11-11,0,0,0,24.74,29.1,3,1,68
6357,1,6357,variant_mid,12.99,10.0,2024-05-05,0,0,0,324.51,22.7,0,0,60
6358,1,6358,variant_high,14.99,15.0,2024-01-09,0,0,0,203.6,6.3,1,0,20
6359,1,6359,variant_mid,12.99,10.0,2025-01-14,1,0,0,15.87,34.9,2,1,24
6360,1,6360,variant_high,14.99,15.0,2024-09-01,0,0,0,88.3,17.5,2,0,76
6361,1,6361,variant_high,14.99,15.0,2025-06-27,0,0,0,225.53,20.3,4,1,25
6362,1,6362,control,9.99,0.0,2024-01-12,0,0,0,282.38,0.0,3,1,16
6363,1,6363,variant_high,14.99,15.0,2024-02-24,1,1,1,91.15,26.0,6,1,63
6364,1,6364,control,9.99,0.0,2025-11-01,0,0,0,196.99,0.0,2,1,87
6365,1,6365,variant_high,14.99,15.0,2024-11-28,0,0,0,70.65,0.0,3,0,50
6366,1,6366,variant_mid,12.99,10.0,2025-10-05,0,0,0,345.33,30.9,5,1,52
6367,1,6367,variant_mid,12.99,10.0,2024-03-27,1,0,0,450.92,48.3,3,1,75
6368,1,6368,control,9.99,0.0,2024-09-20,1,0,0,269.14,45.6,1,1,34
6369,1,6369,variant_high,14.99,15.0,2025-05-31,0,0,0,153.77,0.0,6,1,59
6370,1,6370,variant_high,14.99,15.0,2024-07-02,1,0,0,285.83,52.6,2,1,58
6371,1,6371,variant_mid,12.99,10.0,2024-06-23,0,0,0,55.11,10.4,2,1,69
6372,1,6372,control,9.99,0.0,2024-04-03,1,0,0,8.83,64.2,1,0,41
6373,1,6373,variant_high,14.99,15.0,2024-09-27,0,0,0,254.15,0.0,3,0,68
6374,1,6374,control,9.99,0.0,2025-06-12,1,1,1,111.02,63.8,2,1,36
6375,1,6375,variant_high,14.99,15.0,2024-08-09,1,0,0,86.7,12.2,2,0,26
6376,1,6376,control,9.99,0.0,2024-04-08,1,0,0,106.69,80.6,1,1,16
6377,1,6377,variant_mid,12.99,10.0,2025-04-07,0,0,0,39.28,26.8,2,1,74
6378,1,6378,control,9.99,0.0,2025-05-16,1,1,0,15.99,56.5,1,1,21
6379,1,6379,variant_high,14.99,15.0,2024-11-03,0,0,0,87.67,17.9,4,1,2
6380,1,6380,variant_mid,12.99,10.0,2024-07-25,1,0,0,139.89,44.8,3,0,1
6381,1,6381,variant_high,14.99,15.0,2025-06-20,1,1,0,491.1,68.3,3,1,13
6382,1,6382,control,9.99,0.0,2025-06-20,1,1,0,180.98,48.7,2,1,82
6383,1,6383,variant_mid,12.99,10.0,2025-03-26,0,0,0,131.41,16.5,1,1,63
6384,1,6384,control,9.99,0.0,2024-10-26,0,0,0,81.78,0.7,2,1,65
6385,1,6385,variant_high,14.99,15.0,2025-01-14,0,0,0,78.85,25.2,1,0,80
6386,1,6386,control,9.99,0.0,2024-04-23,0,0,0,161.21,0.0,2,1,83
6387,1,6387,variant_mid,12.99,10.0,2024-01-16,1,1,0,947.37,61.3,2,1,40
6388,1,6388,variant_high,14.99,15.0,2024-07-23,1,1,0,139.07,56.4,4,1,73
6389,1,6389,control,9.99,0.0,2025-01-15,0,0,0,309.86,10.3,2,0,9
6390,1,6390,variant_high,14.99,15.0,2025-05-25,1,1,1,53.18,53.1,5,1,14
6391,1,6391,variant_high,14.99,15.0,2024-06-28,1,1,1,305.79,62.5,2,1,30
6392,1,6392,variant_mid,12.99,10.0,2025-05-15,1,1,1,37.67,66.4,6,1,9
6393,1,6393,variant_mid,12.99,10.0,2024-08-24,0,0,0,117.8,33.4,1,1,84
6394,1,6394,control,9.99,0.0,2025-03-26,1,1,1,278.71,55.5,3,1,46
6395,1,6395,variant_mid,12.99,10.0,2024-03-28,1,1,1,51.64,59.4,1,1,66
6396,1,6396,variant_high,14.99,15.0,2024-09-09,0,0,0,144.13,7.7,4,1,54
6397,1,6397,control,9.99,0.0,2024-05-22,0,0,0,28.38,24.0,6,1,5
6398,1,6398,variant_high,14.99,15.0,2025-04-23,0,0,0,73.27,0.0,5,1,87
6399,1,6399,variant_mid,12.99,10.0,2025-06-04,0,0,0,30.5,24.1,1,1,36
6400,1,6400,control,9.99,0.0,2024-02-15,1,0,0,26.74,83.9,4,1,36
6401,1,6401,control,9.99,0.0,2024-10-28,0,0,0,258.51,0.0,3,1,28
6402,1,6402,variant_mid,12.99,10.0,2025-03-26,0,0,0,19.79,24.5,2,1,20
6403,1,6403,variant_high,14.99,15.0,2025-07-13,0,0,0,185.14,8.5,2,1,60
6404,1,6404,variant_high,14.99,15.0,2025-08-04,1,1,0,148.04,57.1,3,1,21
6405,1,6405,variant_mid,12.99,10.0,2025-08-01,0,0,0,44.82,18.1,0,1,32
6406,1,6406,variant_high,14.99,15.0,2024-04-26,1,1,1,419.07,45.7,1,0,74
6407,1,6407,control,9.99,0.0,2025-04-14,0,0,0,217.73,0.0,1,1,0
6408,1,6408,variant_mid,12.99,10.0,2025-09-07,0,0,0,78.33,7.3,1,1,4
6409,1,6409,variant_high,14.99,15.0,2025-02-25,0,0,0,43.94,0.0,1,1,59
6410,1,6410,variant_mid,12.99,10.0,2025-10-26,1,0,0,515.14,100.0,5,1,16
6411,1,6411,control,9.99,0.0,2025-08-21,1,0,0,337.51,61.8,3,1,23
6412,1,6412,variant_high,14.99,15.0,2025-12-16,1,1,1,229.9,39.1,2,1,30
6413,1,6413,control,9.99,0.0,2025-12-13,0,0,0,37.25,0.0,1,0,38
6414,1,6414,variant_mid,12.99,10.0,2024-01-23,1,1,0,138.52,63.6,4,1,49
6415,1,6415,variant_high,14.99,15.0,2024-11-05,1,1,1,36.1,72.5,7,1,44
6416,1,6416,control,9.99,0.0,2025-10-21,0,0,0,108.77,0.4,3,1,78
6417,1,6417,variant_high,14.99,15.0,2024-03-05,1,1,1,149.76,65.5,3,1,60
6418,1,6418,variant_high,14.99,15.0,2024-03-07,1,0,0,599.19,40.8,2,1,18
6419,1,6419,control,9.99,0.0,2024-08-12,0,0,0,84.76,0.0,3,1,15
6420,1,6420,control,9.99,0.0,2024-10-15,1,1,1,45.54,87.1,2,1,53
6421,1,6421,variant_high,14.99,15.0,2025-04-03,0,0,0,119.92,12.1,2,1,77
6422,1,6422,variant_mid,12.99,10.0,2025-02-06,1,1,0,94.99,24.0,1,1,20
6423,1,6423,control,9.99,0.0,2025-06-20,0,0,0,828.32,14.2,0,1,20
6424,1,6424,control,9.99,0.0,2024-06-13,0,0,0,808.46,21.8,3,1,75
6425,1,6425,control,9.99,0.0,2024-12-21,0,0,0,431.19,17.9,1,1,42
6426,1,6426,variant_mid,12.99,10.0,2024-09-13,1,1,1,183.37,73.2,5,1,44
6427,1,6427,variant_high,14.99,15.0,2025-10-30,1,0,0,17.89,43.8,0,1,84
6428,1,6428,variant_mid,12.99,10.0,2025-10-26,0,0,0,43.84,29.1,2,0,58
6429,1,6429,control,9.99,0.0,2025-09-01,0,0,0,109.55,10.1,1,1,36
6430,1,6430,variant_high,14.99,15.0,2024-05-14,1,1,1,202.07,44.9,3,1,26
6431,1,6431,variant_mid,12.99,10.0,2024-03-14,1,0,0,230.75,56.2,1,0,14
6432,1,6432,control,9.99,0.0,2025-01-31,0,0,0,357.45,23.3,3,1,34
6433,1,6433,variant_high,14.99,15.0,2025-06-14,1,0,0,401.02,63.1,5,1,72
6434,1,6434,variant_mid,12.99,10.0,2025-09-04,1,1,1,8.15,77.5,4,1,80
6435,1,6435,variant_mid,12.99,10.0,2025-08-18,0,0,0,89.08,4.1,2,1,69
6436,1,6436,variant_high,14.99,15.0,2024-07-06,0,0,0,130.46,0.2,2,1,3
6437,1,6437,control,9.99,0.0,2024-09-18,1,0,0,143.7,46.5,3,1,31
6438,1,6438,variant_mid,12.99,10.0,2025-12-03,0,0,0,64.51,0.0,1,1,85
6439,1,6439,variant_high,14.99,15.0,2025-06-04,0,0,0,53.24,15.5,3,1,38
6440,1,6440,control,9.99,0.0,2025-12-31,0,0,0,10.72,12.5,1,1,85
6441,1,6441,variant_high,14.99,15.0,2024-06-28,1,1,0,175.91,70.3,4,1,60
6442,1,6442,control,9.99,0.0,2024-07-14,0,0,0,35.91,4.3,0,0,14
6443,1,6443,variant_high,14.99,15.0,2025-04-24,1,1,0,21.79,49.5,5,1,23
6444,1,6444,variant_mid,12.99,10.0,2024-12-28,1,1,1,79.28,57.6,0,0,37
6445,1,6445,variant_mid,12.99,10.0,2025-12-25,1,1,0,205.55,47.6,5,0,40
6446,1,6446,variant_mid,12.99,10.0,2024-01-11,0,0,0,49.29,3.9,0,1,37
6447,1,6447,control,9.99,0.0,2025-03-31,0,0,0,39.31,7.1,2,1,38
6448,1,6448,control,9.99,0.0,2025-12-03,0,0,0,355.57,0.0,2,0,79
6449,1,6449,variant_high,14.99,15.0,2025-01-26,0,0,0,187.37,21.7,3,1,11
6450,1,6450,variant_high,14.99,15.0,2024-04-27,0,0,0,23.69,46.6,1,1,15
6451,1,6451,control,9.99,0.0,2024-02-18,1,1,0,48.01,71.0,1,1,67
6452,1,6452,variant_high,14.99,15.0,2024-11-23,1,1,1,370.18,51.5,3,0,42
6453,1,6453,control,9.99,0.0,2025-07-27,1,1,1,90.12,89.4,1,1,76
6454,1,6454,variant_mid,12.99,10.0,2025-05-06,0,0,0,190.73,11.8,3,0,27
6455,1,6455,variant_mid,12.99,10.0,2024-03-16,0,0,0,57.82,27.3,5,0,20
6456,1,6456,variant_high,14.99,15.0,2025-05-01,1,1,1,92.37,69.1,1,1,14
6457,1,6457,variant_mid,12.99,10.0,2025-11-08,1,1,1,272.19,62.7,2,1,78
6458,1,6458,control,9.99,0.0,2025-05-02,1,0,0,84.56,56.5,4,1,59
6459,1,6459,control,9.99,0.0,2024-07-27,1,0,0,34.12,97.0,2,1,37
6460,1,6460,variant_mid,12.99,10.0,2024-01-22,1,0,0,47.98,55.5,2,0,12
6461,1,6461,variant_mid,12.99,10.0,2025-02-16,1,1,0,278.4,55.5,1,0,5
6462,1,6462,control,9.99,0.0,2025-07-05,1,1,0,167.0,58.0,2,1,75
6463,1,6463,control,9.99,0.0,2025-09-30,0,0,0,55.45,0.0,0,1,56
6464,1,6464,control,9.99,0.0,2025-07-13,0,0,0,1587.54,24.5,3,1,4
6465,1,6465,control,9.99,0.0,2024-12-18,1,1,1,191.74,30.8,1,1,38
6466,1,6466,variant_mid,12.99,10.0,2025-02-04,1,0,0,140.55,72.6,3,1,28
6467,1,6467,variant_high,14.99,15.0,2024-05-30,0,0,0,33.51,22.2,6,1,72
6468,1,6468,control,9.99,0.0,2025-06-26,1,1,0,34.54,70.0,2,1,57
6469,1,6469,control,9.99,0.0,2025-05-07,0,0,0,63.23,0.0,1,1,57
6470,1,6470,variant_mid,12.99,10.0,2024-01-06,0,0,0,192.79,8.8,1,1,2
6471,1,6471,variant_mid,12.99,10.0,2024-08-21,0,0,0,267.29,0.0,2,1,19
6472,1,6472,variant_mid,12.99,10.0,2024-05-10,1,1,0,33.53,46.4,4,1,79
6473,1,6473,variant_mid,12.99,10.0,2025-12-17,0,0,0,7.78,19.7,3,1,2
6474,1,6474,control,9.99,0.0,2024-02-28,0,0,0,181.6,29.1,1,1,34
6475,1,6475,variant_high,14.99,15.0,2025-02-02,1,1,1,112.29,94.9,4,0,8
6476,1,6476,variant_mid,12.99,10.0,2024-08-20,1,1,0,24.18,25.3,4,1,53
6477,1,6477,variant_high,14.99,15.0,2025-11-20,1,1,1,983.72,53.6,3,0,0
6478,1,6478,variant_mid,12.99,10.0,2024-06-14,0,0,0,109.29,37.5,1,0,69
6479,1,6479,variant_high,14.99,15.0,2025-12-12,0,0,0,333.09,12.5,3,1,30
6480,1,6480,variant_high,14.99,15.0,2024-05-31,1,0,0,177.42,55.8,2,0,19
6481,1,6481,control,9.99,0.0,2024-02-01,1,1,0,6.33,64.2,4,1,26
6482,1,6482,control,9.99,0.0,2024-11-06,1,0,0,60.1,30.9,0,1,52
6483,1,6483,control,9.99,0.0,2025-01-15,0,0,0,137.58,9.9,0,1,36
6484,1,6484,variant_high,14.99,15.0,2025-04-10,0,0,0,87.82,9.0,1,1,24
6485,1,6485,control,9.99,0.0,2025-01-28,1,1,1,77.83,57.3,3,1,43
6486,1,6486,variant_mid,12.99,10.0,2025-02-05,0,0,0,174.79,0.0,2,0,44
6487,1,6487,variant_mid,12.99,10.0,2024-09-01,0,0,0,45.31,31.1,2,1,57
6488,1,6488,variant_mid,12.99,10.0,2025-09-20,1,1,1,295.37,65.0,1,0,87
6489,1,6489,variant_mid,12.99,10.0,2025-02-14,1,1,0,108.03,57.9,5,1,60
6490,1,6490,variant_mid,12.99,10.0,2024-10-29,0,0,0,103.87,0.0,1,1,2
6491,1,6491,control,9.99,0.0,2024-02-26,0,0,0,39.88,0.0,1,1,22
6492,1,6492,control,9.99,0.0,2024-10-24,0,0,0,61.91,7.3,2,0,85
6493,1,6493,control,9.99,0.0,2024-11-29,0,0,0,172.62,18.8,0,1,52
6494,1,6494,variant_high,14.99,15.0,2024-01-21,0,0,0,18.43,38.5,2,1,82
6495,1,6495,variant_high,14.99,15.0,2025-08-24,1,1,0,18.69,98.1,2,1,11
6496,1,6496,variant_high,14.99,15.0,2025-07-25,0,0,0,46.21,0.0,5,0,43
6497,1,6497,control,9.99,0.0,2024-07-10,0,0,0,45.57,21.4,3,1,18
6498,1,6498,control,9.99,0.0,2025-03-21,0,0,0,77.88,30.0,0,1,9
6499,1,6499,variant_mid,12.99,10.0,2024-04-09,0,0,0,339.69,16.1,2,1,84
6500,1,6500,control,9.99,0.0,2024-04-17,0,0,0,16.74,25.6,1,1,21
6501,1,6501,variant_high,14.99,15.0,2025-05-23,0,0,0,318.28,0.0,5,1,14
6502,1,6502,variant_high,14.99,15.0,2024-06-02,1,1,0,164.42,67.1,4,1,33
6503,1,6503,variant_high,14.99,15.0,2025-11-12,0,0,0,102.75,36.4,3,1,4
6504,1,6504,variant_high,14.99,15.0,2024-05-08,1,0,0,38.42,65.5,0,1,35
6505,1,6505,variant_mid,12.99,10.0,2025-05-07,1,0,0,433.84,54.8,4,0,57
6506,1,6506,control,9.99,0.0,2024-11-01,0,0,0,39.16,21.7,3,1,87
6507,1,6507,variant_high,14.99,15.0,2024-03-04,1,1,0,70.97,67.9,1,1,0
6508,1,6508,variant_mid,12.99,10.0,2024-02-13,0,0,0,15.09,38.3,2,1,79
6509,1,6509,variant_high,14.99,15.0,2024-04-16,0,0,0,10.0,3.5,6,1,68
6510,1,6510,control,9.99,0.0,2025-08-08,0,0,0,1107.34,23.6,1,1,52
6511,1,6511,variant_mid,12.99,10.0,2025-12-30,0,0,0,900.75,41.8,3,1,61
6512,1,6512,variant_mid,12.99,10.0,2024-08-22,0,0,0,189.77,19.4,1,1,53
6513,1,6513,control,9.99,0.0,2024-08-02,1,1,0,30.26,32.3,2,0,3
6514,1,6514,variant_mid,12.99,10.0,2025-11-14,1,1,0,53.25,49.9,1,1,7
6515,1,6515,control,9.99,0.0,2024-11-05,1,1,1,264.79,65.1,0,1,73
6516,1,6516,variant_mid,12.99,10.0,2024-07-25,0,0,0,71.8,30.0,0,1,63
6517,1,6517,variant_mid,12.99,10.0,2025-02-15,1,1,0,188.84,75.9,2,0,40
6518,1,6518,control,9.99,0.0,2024-10-07,1,1,0,72.06,52.6,4,1,42
6519,1,6519,variant_high,14.99,15.0,2024-08-24,1,0,0,103.39,63.3,2,1,14
6520,1,6520,control,9.99,0.0,2025-11-03,1,1,1,247.74,63.2,2,0,71
6521,1,6521,variant_high,14.99,15.0,2025-06-25,1,1,1,423.3,57.8,3,1,27
6522,1,6522,control,9.99,0.0,2024-05-04,0,0,0,35.47,0.0,1,0,20
6523,1,6523,variant_high,14.99,15.0,2025-03-28,1,0,0,58.27,68.2,3,0,46
6524,1,6524,variant_mid,12.99,10.0,2025-09-22,0,0,0,82.2,15.0,3,1,51
6525,1,6525,variant_high,14.99,15.0,2024-12-30,1,0,0,149.46,45.5,4,1,20
6526,1,6526,variant_mid,12.99,10.0,2024-04-27,0,0,0,140.38,0.0,5,0,70
6527,1,6527,variant_mid,12.99,10.0,2024-12-21,1,1,1,278.49,96.4,3,1,17
6528,1,6528,variant_mid,12.99,10.0,2025-01-11,0,0,0,113.09,0.0,1,1,55
6529,1,6529,variant_mid,12.99,10.0,2024-05-28,1,1,1,161.14,63.2,5,0,81
6530,1,6530,variant_mid,12.99,10.0,2025-10-15,0,0,0,111.71,11.1,3,1,35
6531,1,6531,variant_mid,12.99,10.0,2024-02-10,0,0,0,177.23,19.0,1,1,44
6532,1,6532,variant_high,14.99,15.0,2024-05-09,0,0,0,55.75,0.0,2,1,5
6533,1,6533,variant_mid,12.99,10.0,2024-04-04,0,0,0,109.17,20.1,6,1,66
6534,1,6534,variant_high,14.99,15.0,2024-02-02,1,1,0,505.59,49.6,0,1,3
6535,1,6535,control,9.99,0.0,2024-08-11,1,0,0,89.17,50.1,0,1,14
6536,1,6536,control,9.99,0.0,2024-07-13,1,0,0,87.12,64.7,1,1,47
6537,1,6537,variant_mid,12.99,10.0,2025-08-23,1,1,1,13.27,67.0,4,1,83
6538,1,6538,variant_mid,12.99,10.0,2024-07-24,0,0,0,359.38,0.0,3,1,42
6539,1,6539,control,9.99,0.0,2024-06-29,0,0,0,114.6,0.0,1,1,51
6540,1,6540,control,9.99,0.0,2024-11-02,0,0,0,95.38,53.6,1,1,13
6541,1,6541,variant_high,14.99,15.0,2024-03-10,0,0,0,1049.03,11.5,5,1,39
6542,1,6542,control,9.99,0.0,2025-07-01,0,0,0,8.35,23.8,1,1,14
6543,1,6543,variant_mid,12.99,10.0,2025-08-24,0,0,0,5.08,0.0,1,1,58
6544,1,6544,control,9.99,0.0,2024-02-12,0,0,0,269.04,21.7,2,0,44
6545,1,6545,control,9.99,0.0,2025-04-23,0,0,0,167.27,0.0,0,1,2
6546,1,6546,control,9.99,0.0,2025-03-04,0,0,0,45.48,8.6,1,1,88
6547,1,6547,control,9.99,0.0,2025-12-15,1,0,0,167.33,71.4,3,1,64
6548,1,6548,variant_mid,12.99,10.0,2025-06-18,1,1,1,55.38,83.7,1,1,57
6549,1,6549,control,9.99,0.0,2025-10-24,1,0,0,6.51,43.8,1,1,20
6550,1,6550,variant_mid,12.99,10.0,2025-08-12,0,0,0,100.48,2.0,2,1,19
6551,1,6551,control,9.99,0.0,2025-03-21,0,0,0,1101.48,12.1,1,1,57
6552,1,6552,variant_high,14.99,15.0,2025-12-07,1,1,0,66.33,72.1,6,1,80
6553,1,6553,control,9.99,0.0,2025-03-29,1,1,1,37.17,78.7,0,1,5
6554,1,6554,control,9.99,0.0,2025-08-31,0,0,0,131.99,0.0,3,1,38
6555,1,6555,variant_high,14.99,15.0,2024-12-03,1,1,1,196.47,43.2,2,1,21
6556,1,6556,variant_high,14.99,15.0,2024-03-21,1,0,0,80.03,51.9,3,1,86
6557,1,6557,variant_mid,12.99,10.0,2025-05-14,1,0,0,53.37,74.5,4,1,17
6558,1,6558,variant_mid,12.99,10.0,2024-05-19,1,1,1,28.66,69.7,2,1,47
6559,1,6559,variant_high,14.99,15.0,2025-01-22,0,0,0,51.51,20.7,4,0,62
6560,1,6560,variant_mid,12.99,10.0,2025-06-30,0,0,0,88.12,17.2,3,1,40
6561,1,6561,variant_mid,12.99,10.0,2025-10-09,0,0,0,245.99,14.4,0,1,61
6562,1,6562,variant_mid,12.99,10.0,2024-06-03,1,1,1,193.26,44.0,2,0,62
6563,1,6563,control,9.99,0.0,2025-11-02,0,0,0,56.54,0.0,3,1,19
6564,1,6564,control,9.99,0.0,2024-07-05,0,0,0,68.25,17.8,1,0,36
6565,1,6565,control,9.99,0.0,2025-08-16,0,0,0,164.32,38.2,6,1,7
6566,1,6566,control,9.99,0.0,2025-09-29,0,0,0,69.55,12.3,4,1,49
6567,1,6567,variant_high,14.99,15.0,2025-04-27,0,0,0,278.4,1.1,3,1,82
6568,1,6568,variant_high,14.99,15.0,2024-12-15,1,0,0,15.43,32.4,8,1,71
6569,1,6569,control,9.99,0.0,2025-03-14,1,0,0,175.3,75.7,1,1,43
6570,1,6570,control,9.99,0.0,2024-10-17,1,1,1,73.25,49.3,2,1,73
6571,1,6571,variant_mid,12.99,10.0,2024-03-22,0,0,0,307.28,16.6,3,1,3
6572,1,6572,variant_mid,12.99,10.0,2024-12-22,0,0,0,255.6,6.5,4,0,85
6573,1,6573,variant_high,14.99,15.0,2024-02-01,0,0,0,155.8,19.9,4,1,63
6574,1,6574,variant_high,14.99,15.0,2024-07-20,1,1,1,14.17,34.4,5,1,89
6575,1,6575,variant_mid,12.99,10.0,2025-12-27,0,0,0,20.58,9.4,1,0,15
6576,1,6576,control,9.99,0.0,2024-03-22,1,0,0,32.26,89.3,0,1,22
6577,1,6577,variant_high,14.99,15.0,2024-02-15,1,0,0,71.5,87.0,1,1,2
6578,1,6578,variant_mid,12.99,10.0,2025-12-21,1,0,0,49.05,40.0,2,1,8
6579,1,6579,variant_mid,12.99,10.0,2025-07-01,0,0,0,23.89,0.0,3,1,25
6580,1,6580,variant_high,14.99,15.0,2024-08-18,1,1,1,62.65,43.2,5,1,3
6581,1,6581,variant_mid,12.99,10.0,2024-04-07,1,1,1,92.4,50.7,3,1,45
6582,1,6582,control,9.99,0.0,2025-01-12,0,0,0,50.54,12.8,1,0,33
6583,1,6583,variant_high,14.99,15.0,2025-11-20,1,0,0,50.61,70.2,5,1,89
6584,1,6584,control,9.99,0.0,2024-02-14,0,0,0,129.82,18.6,2,0,12
6585,1,6585,control,9.99,0.0,2026-01-11,1,0,0,244.58,72.6,0,0,8
6586,1,6586,variant_mid,12.99,10.0,2024-05-07,0,0,0,53.76,0.0,3,1,5
6587,1,6587,control,9.99,0.0,2025-12-18,1,1,0,26.03,41.5,1,1,86
6588,1,6588,variant_high,14.99,15.0,2024-04-02,0,0,0,111.46,8.7,2,1,83
6589,1,6589,variant_high,14.99,15.0,2024-07-29,1,0,0,228.73,67.0,1,1,80
6590,1,6590,variant_high,14.99,15.0,2024-02-27,1,0,0,151.98,54.5,2,1,78
6591,1,6591,control,9.99,0.0,2024-12-05,0,0,0,31.05,0.0,0,0,85
6592,1,6592,variant_high,14.99,15.0,2025-04-26,1,0,0,15.19,64.2,2,1,81
6593,1,6593,control,9.99,0.0,2024-04-16,0,0,0,683.87,3.5,1,1,33
6594,1,6594,variant_mid,12.99,10.0,2024-01-25,0,0,0,54.45,9.0,2,1,42
6595,1,6595,control,9.99,0.0,2024-04-11,1,1,0,98.77,57.9,1,1,73
6596,1,6596,variant_high,14.99,15.0,2024-12-02,1,1,0,434.54,52.1,3,1,27
6597,1,6597,control,9.99,0.0,2025-01-24,1,0,0,1207.24,87.3,1,1,39
6598,1,6598,variant_mid,12.99,10.0,2025-05-02,1,0,0,82.61,44.0,3,1,4
6599,1,6599,variant_high,14.99,15.0,2025-11-21,0,0,0,50.25,14.5,5,1,5
6600,1,6600,variant_mid,12.99,10.0,2024-10-11,0,0,0,49.45,0.8,6,1,72
6601,1,6601,variant_high,14.99,15.0,2025-03-09,1,0,0,5.54,61.4,5,1,24
6602,1,6602,control,9.99,0.0,2024-05-08,0,0,0,364.31,0.0,1,0,35
6603,1,6603,control,9.99,0.0,2024-09-25,0,0,0,55.05,8.3,3,1,3
6604,1,6604,variant_mid,12.99,10.0,2024-06-19,1,1,1,41.75,46.0,1,1,50
6605,1,6605,variant_high,14.99,15.0,2024-05-27,0,0,0,174.16,0.0,1,1,55
6606,1,6606,control,9.99,0.0,2024-04-22,1,0,0,187.4,94.9,1,1,22
6607,1,6607,variant_high,14.99,15.0,2024-02-11,1,1,1,1423.71,49.5,2,1,54
6608,1,6608,control,9.99,0.0,2024-08-03,1,0,0,5.53,83.6,1,1,46
6609,1,6609,variant_high,14.99,15.0,2024-02-10,0,0,0,282.08,5.5,4,1,65
6610,1,6610,control,9.99,0.0,2024-10-02,1,1,1,13.57,54.4,2,1,16
6611,1,6611,variant_mid,12.99,10.0,2024-03-01,1,1,0,53.71,100.0,4,1,80
6612,1,6612,variant_mid,12.99,10.0,2024-10-16,0,0,0,49.55,14.9,1,1,30
6613,1,6613,variant_mid,12.99,10.0,2025-08-16,0,0,0,662.92,0.0,1,1,42
6614,1,6614,control,9.99,0.0,2024-06-26,1,1,1,78.79,60.4,2,1,55
6615,1,6615,variant_mid,12.99,10.0,2024-03-18,0,0,0,100.8,51.8,2,0,16
6616,1,6616,control,9.99,0.0,2024-06-27,1,0,0,181.01,63.7,4,1,87
6617,1,6617,control,9.99,0.0,2024-11-21,0,0,0,93.78,7.2,3,1,21
6618,1,6618,control,9.99,0.0,2025-04-25,1,1,1,453.88,50.8,1,1,74
6619,1,6619,variant_high,14.99,15.0,2025-04-17,0,0,0,28.85,11.7,6,1,88
6620,1,6620,control,9.99,0.0,2024-02-06,1,1,1,60.29,1.5,2,1,69
6621,1,6621,variant_mid,12.99,10.0,2025-11-27,0,0,0,74.38,9.8,1,1,29
6622,1,6622,control,9.99,0.0,2024-11-29,1,0,0,242.66,64.7,1,0,85
6623,1,6623,variant_mid,12.99,10.0,2024-08-24,1,0,0,36.19,46.1,1,1,83
6624,1,6624,variant_mid,12.99,10.0,2025-11-12,1,1,1,143.35,70.4,1,0,19
6625,1,6625,control,9.99,0.0,2024-05-21,0,0,0,209.54,0.0,4,1,54
6626,1,6626,variant_high,14.99,15.0,2025-07-18,0,0,0,24.62,6.0,3,0,87
6627,1,6627,variant_high,14.99,15.0,2025-12-30,1,1,0,17.19,97.2,3,1,13
6628,1,6628,control,9.99,0.0,2024-09-16,0,0,0,7.82,28.9,0,1,5
6629,1,6629,variant_high,14.99,15.0,2024-11-14,1,0,0,47.84,88.5,3,1,67
6630,1,6630,variant_high,14.99,15.0,2025-02-15,0,0,0,355.63,0.0,4,1,19
6631,1,6631,variant_high,14.99,15.0,2025-09-12,1,1,1,38.47,79.0,4,1,3
6632,1,6632,control,9.99,0.0,2025-12-29,1,1,1,295.67,87.2,2,1,13
6633,1,6633,variant_high,14.99,15.0,2025-02-24,0,0,0,25.59,10.2,5,1,7
6634,1,6634,control,9.99,0.0,2025-06-25,0,0,0,10.68,29.5,0,1,89
6635,1,6635,variant_mid,12.99,10.0,2025-10-05,0,0,0,69.83,35.4,2,1,59
6636,1,6636,variant_mid,12.99,10.0,2025-03-11,1,0,0,53.04,44.1,1,0,17
6637,1,6637,variant_high,14.99,15.0,2025-08-15,0,0,0,1423.27,6.3,1,1,37
6638,1,6638,variant_high,14.99,15.0,2025-03-04,1,0,0,821.26,80.2,1,0,41
6639,1,6639,control,9.99,0.0,2025-02-24,1,1,1,354.01,44.9,3,1,43
6640,1,6640,control,9.99,0.0,2025-10-26,0,0,0,29.05,15.9,1,0,32
6641,1,6641,variant_mid,12.99,10.0,2024-10-15,1,1,0,142.56,71.3,5,1,16
6642,1,6642,variant_mid,12.99,10.0,2024-06-04,0,0,0,173.12,0.8,1,1,32
6643,1,6643,variant_mid,12.99,10.0,2025-06-14,0,0,0,2516.1,0.0,2,1,80
6644,1,6644,variant_high,14.99,15.0,2025-03-18,0,0,0,229.01,29.9,4,1,17
6645,1,6645,variant_high,14.99,15.0,2025-02-15,0,0,0,44.54,36.0,3,0,1
6646,1,6646,variant_high,14.99,15.0,2024-09-15,0,0,0,140.43,31.4,2,1,69
6647,1,6647,control,9.99,0.0,2025-06-08,1,1,0,28.07,43.6,1,1,23
6648,1,6648,control,9.99,0.0,2024-12-18,1,0,0,545.52,52.2,1,1,30
6649,1,6649,variant_high,14.99,15.0,2025-04-26,0,0,0,24.23,31.7,2,1,32
6650,1,6650,variant_mid,12.99,10.0,2024-02-13,0,0,0,109.8,5.7,3,1,78
6651,1,6651,variant_mid,12.99,10.0,2025-11-30,0,0,0,125.39,33.3,0,0,68
6652,1,6652,control,9.99,0.0,2025-08-19,0,0,0,36.48,0.0,0,1,21
6653,1,6653,variant_high,14.99,15.0,2025-01-14,1,0,0,70.43,42.9,1,1,22
6654,1,6654,control,9.99,0.0,2024-05-29,1,1,0,26.49,46.6,2,1,44
6655,1,6655,variant_high,14.99,15.0,2025-12-18,1,0,0,52.2,85.5,2,1,64
6656,1,6656,control,9.99,0.0,2025-03-05,0,0,0,27.42,0.0,0,1,14
6657,1,6657,control,9.99,0.0,2024-12-05,1,1,0,41.64,42.6,1,1,21
6658,1,6658,variant_mid,12.99,10.0,2025-11-11,1,0,0,9.92,33.2,1,1,1
6659,1,6659,control,9.99,0.0,2025-10-29,1,0,0,315.71,48.6,1,1,53
6660,1,6660,variant_high,14.99,15.0,2024-07-09,1,0,0,10.9,71.0,2,1,32
6661,1,6661,variant_mid,12.99,10.0,2025-05-24,1,1,1,39.25,51.0,2,1,41
6662,1,6662,variant_mid,12.99,10.0,2024-09-08,0,0,0,37.74,33.9,0,1,45
6663,1,6663,control,9.99,0.0,2024-02-09,1,0,0,128.68,74.6,0,0,79
6664,1,6664,variant_mid,12.99,10.0,2024-10-27,0,0,0,39.67,28.8,1,1,62
6665,1,6665,control,9.99,0.0,2024-06-27,0,0,0,224.83,7.7,1,0,50
6666,1,6666,variant_mid,12.99,10.0,2025-02-11,1,1,0,22.52,64.0,2,1,32
6667,1,6667,variant_high,14.99,15.0,2024-11-21,1,1,1,398.42,76.0,4,1,63
6668,1,6668,control,9.99,0.0,2024-07-03,1,0,0,327.44,59.2,2,1,47
6669,1,6669,variant_high,14.99,15.0,2024-12-10,1,0,0,76.88,49.1,3,0,11
6670,1,6670,variant_high,14.99,15.0,2025-07-08,0,0,0,416.44,7.9,2,0,40
6671,1,6671,variant_high,14.99,15.0,2025-04-05,0,0,0,60.0,33.1,1,1,77
6672,1,6672,variant_high,14.99,15.0,2025-04-18,0,0,0,21.94,0.0,2,1,50
6673,1,6673,variant_high,14.99,15.0,2024-04-21,0,0,0,62.75,23.6,3,1,5
6674,1,6674,variant_mid,12.99,10.0,2024-03-18,0,0,0,81.26,12.9,4,1,26
6675,1,6675,variant_mid,12.99,10.0,2025-04-11,0,0,0,145.28,17.3,4,1,47
6676,1,6676,variant_mid,12.99,10.0,2025-01-24,0,0,0,201.74,1.2,1,1,65
6677,1,6677,control,9.99,0.0,2025-04-10,0,0,0,305.64,36.4,2,1,34
6678,1,6678,control,9.99,0.0,2024-10-08,0,0,0,36.31,0.0,1,1,80
6679,1,6679,variant_mid,12.99,10.0,2024-03-22,0,0,0,822.66,0.3,5,0,88
6680,1,6680,control,9.99,0.0,2024-09-18,0,0,0,293.37,0.0,1,0,61
6681,1,6681,variant_mid,12.99,10.0,2025-04-28,0,0,0,130.63,26.3,0,1,1
6682,1,6682,variant_high,14.99,15.0,2026-01-03,0,0,0,143.88,14.1,3,1,67
6683,1,6683,variant_mid,12.99,10.0,2025-03-06,0,0,0,70.62,0.0,4,0,37
6684,1,6684,variant_mid,12.99,10.0,2024-11-02,1,0,0,27.17,85.9,4,1,7
6685,1,6685,variant_mid,12.99,10.0,2024-09-30,0,0,0,911.61,31.7,3,0,45
6686,1,6686,control,9.99,0.0,2024-02-06,1,0,0,107.81,80.0,4,1,51
6687,1,6687,control,9.99,0.0,2024-05-23,0,0,0,108.15,7.9,1,1,35
6688,1,6688,control,9.99,0.0,2024-10-01,1,0,0,197.2,64.0,1,0,82
6689,1,6689,variant_high,14.99,15.0,2025-03-28,0,0,0,55.81,16.5,4,0,7
6690,1,6690,variant_high,14.99,15.0,2025-03-28,0,0,0,38.12,49.4,3,1,70
6691,1,6691,variant_mid,12.99,10.0,2024-09-19,1,0,0,26.68,54.2,3,1,5
6692,1,6692,variant_mid,12.99,10.0,2025-02-06,0,0,0,167.04,15.3,2,1,26
6693,1,6693,variant_high,14.99,15.0,2024-06-17,1,1,1,152.11,41.0,2,0,39
6694,1,6694,control,9.99,0.0,2024-03-08,1,1,1,40.22,43.9,1,1,64
6695,1,6695,control,9.99,0.0,2024-08-20,1,1,1,24.76,54.6,5,0,7
6696,1,6696,variant_mid,12.99,10.0,2024-05-18,0,0,0,202.58,32.6,3,1,71
6697,1,6697,variant_mid,12.99,10.0,2025-02-12,1,0,0,101.99,51.9,3,1,39
6698,1,6698,variant_high,14.99,15.0,2025-07-26,1,0,0,137.67,29.8,3,1,18
6699,1,6699,variant_high,14.99,15.0,2024-05-18,0,0,0,51.41,14.8,4,1,77
6700,1,6700,variant_high,14.99,15.0,2024-01-06,1,0,0,249.8,69.8,1,1,18
6701,1,6701,variant_high,14.99,15.0,2024-02-10,1,1,1,9.0,71.6,3,1,79
6702,1,6702,variant_high,14.99,15.0,2024-07-06,0,0,0,48.39,17.1,3,1,11
6703,1,6703,variant_high,14.99,15.0,2024-05-08,0,0,0,36.14,6.2,3,1,61
6704,1,6704,variant_mid,12.99,10.0,2026-01-05,0,0,0,479.26,24.4,5,1,52
6705,1,6705,variant_mid,12.99,10.0,2024-07-12,1,0,0,183.58,65.8,0,1,44
6706,1,6706,variant_high,14.99,15.0,2025-04-23,1,0,0,98.73,67.3,4,1,1
6707,1,6707,control,9.99,0.0,2025-05-31,0,0,0,356.69,11.9,2,1,7
6708,1,6708,variant_mid,12.99,10.0,2024-07-12,0,0,0,257.63,9.9,5,0,39
6709,1,6709,variant_mid,12.99,10.0,2024-04-29,1,1,0,95.58,75.8,2,1,2
6710,1,6710,variant_mid,12.99,10.0,2024-05-21,0,0,0,12.94,35.3,0,1,0
6711,1,6711,variant_mid,12.99,10.0,2025-10-15,1,1,0,137.6,59.7,3,1,28
6712,1,6712,variant_mid,12.99,10.0,2024-11-17,0,0,0,6.79,2.5,2,0,21
6713,1,6713,variant_high,14.99,15.0,2024-01-15,1,1,0,29.32,69.6,6,1,5
6714,1,6714,variant_mid,12.99,10.0,2025-05-03,1,0,0,9.01,73.8,4,1,87
6715,1,6715,control,9.99,0.0,2024-11-29,0,0,0,447.42,0.0,2,1,33
6716,1,6716,variant_mid,12.99,10.0,2024-05-10,0,0,0,42.82,33.2,3,1,5
6717,1,6717,control,9.99,0.0,2024-05-01,1,1,1,115.78,56.7,0,0,49
6718,1,6718,variant_high,14.99,15.0,2025-07-15,0,0,0,111.71,7.0,2,1,3
6719,1,6719,variant_high,14.99,15.0,2024-08-21,0,0,0,112.92,1.5,0,1,66
6720,1,6720,control,9.99,0.0,2024-02-02,0,0,0,1016.21,35.3,3,1,79
6721,1,6721,control,9.99,0.0,2025-08-02,0,0,0,32.61,35.3,1,1,18
6722,1,6722,control,9.99,0.0,2024-05-27,1,1,0,230.64,23.7,3,1,17
6723,1,6723,variant_high,14.99,15.0,2026-01-12,1,1,0,46.82,59.5,2,1,1
6724,1,6724,control,9.99,0.0,2025-03-24,1,1,0,16.91,58.8,2,0,73
6725,1,6725,variant_mid,12.99,10.0,2025-02-05,1,1,0,992.12,50.8,4,1,27
6726,1,6726,variant_mid,12.99,10.0,2025-05-31,1,0,0,26.46,38.0,5,1,23
6727,1,6727,variant_high,14.99,15.0,2024-06-27,1,1,1,71.43,84.5,3,1,83
6728,1,6728,variant_mid,12.99,10.0,2025-05-20,1,1,0,17.35,59.9,1,1,26
6729,1,6729,variant_mid,12.99,10.0,2024-05-09,0,0,0,107.88,14.9,4,1,54
6730,1,6730,variant_mid,12.99,10.0,2024-07-11,1,1,1,262.81,66.0,0,1,47
6731,1,6731,variant_high,14.99,15.0,2025-03-13,0,0,0,58.73,8.1,4,0,46
6732,1,6732,variant_mid,12.99,10.0,2024-10-25,1,0,0,39.18,72.9,3,0,83
6733,1,6733,variant_mid,12.99,10.0,2025-10-21,0,0,0,27.35,14.6,4,0,75
6734,1,6734,control,9.99,0.0,2024-02-05,0,0,0,45.76,0.0,3,1,0
6735,1,6735,control,9.99,0.0,2024-03-26,0,0,0,274.34,3.9,0,0,55
6736,1,6736,variant_mid,12.99,10.0,2024-01-01,0,0,0,134.61,10.5,2,1,69
6737,1,6737,variant_mid,12.99,10.0,2025-11-08,0,0,0,204.04,0.0,2,1,84
6738,1,6738,variant_high,14.99,15.0,2024-11-05,0,0,0,6.21,7.4,1,1,18
6739,1,6739,variant_high,14.99,15.0,2025-10-12,1,1,0,1324.81,51.2,5,1,47
6740,1,6740,control,9.99,0.0,2025-02-04,0,0,0,87.0,27.3,2,0,27
6741,1,6741,variant_mid,12.99,10.0,2025-10-06,1,0,0,187.15,79.8,2,1,10
6742,1,6742,variant_high,14.99,15.0,2025-09-01,0,0,0,50.81,17.8,6,1,45
6743,1,6743,control,9.99,0.0,2024-03-30,0,0,0,17.01,0.0,5,1,59
6744,1,6744,variant_mid,12.99,10.0,2025-12-13,1,0,0,80.4,66.1,4,1,34
6745,1,6745,variant_mid,12.99,10.0,2025-01-08,1,0,0,11.44,88.4,0,1,66
6746,1,6746,variant_mid,12.99,10.0,2025-03-14,0,0,0,199.0,0.0,3,1,41
6747,1,6747,control,9.99,0.0,2024-06-30,0,0,0,28.54,30.3,2,1,33
6748,1,6748,control,9.99,0.0,2025-09-02,0,0,0,28.92,0.0,0,1,67
6749,1,6749,control,9.99,0.0,2024-03-07,1,1,1,96.18,54.5,2,1,47
6750,1,6750,variant_high,14.99,15.0,2024-04-23,0,0,0,44.63,11.7,3,1,76
6751,1,6751,control,9.99,0.0,2024-06-27,0,0,0,53.84,21.8,1,1,74
6752,1,6752,control,9.99,0.0,2025-08-24,0,0,0,112.58,13.6,5,1,12
6753,1,6753,variant_mid,12.99,10.0,2025-08-30,1,0,0,103.79,47.5,5,1,31
6754,1,6754,variant_high,14.99,15.0,2024-07-19,0,0,0,171.52,0.0,3,1,72
6755,1,6755,control,9.99,0.0,2025-02-24,1,1,1,183.92,70.3,2,1,83
6756,1,6756,variant_high,14.99,15.0,2024-10-28,0,0,0,380.13,32.1,5,1,48
6757,1,6757,control,9.99,0.0,2025-02-13,0,0,0,122.21,11.2,2,1,38
6758,1,6758,control,9.99,0.0,2024-01-19,0,0,0,156.03,15.8,1,1,55
6759,1,6759,variant_high,14.99,15.0,2024-11-28,0,0,0,62.49,10.4,2,1,12
6760,1,6760,variant_high,14.99,15.0,2024-12-12,1,1,1,205.38,49.0,4,1,31
6761,1,6761,variant_mid,12.99,10.0,2024-01-23,1,0,0,53.97,64.2,1,1,85
6762,1,6762,control,9.99,0.0,2025-05-04,0,0,0,80.46,17.2,0,0,16
6763,1,6763,variant_mid,12.99,10.0,2024-10-26,1,0,0,368.23,51.1,4,1,72
6764,1,6764,control,9.99,0.0,2024-07-06,0,0,0,454.71,0.0,0,1,82
6765,1,6765,variant_mid,12.99,10.0,2025-07-27,1,1,1,2220.71,57.4,3,1,16
6766,1,6766,variant_high,14.99,15.0,2025-09-01,1,1,1,111.22,53.4,2,1,8
6767,1,6767,variant_mid,12.99,10.0,2024-07-06,1,1,0,26.46,35.7,7,1,16
6768,1,6768,variant_high,14.99,15.0,2025-11-15,1,1,1,517.2,32.0,8,0,80
6769,1,6769,control,9.99,0.0,2024-01-14,1,1,0,13.85,84.7,1,1,62
6770,1,6770,variant_high,14.99,15.0,2025-03-07,1,0,0,307.29,26.5,1,1,79
6771,1,6771,variant_high,14.99,15.0,2025-06-12,0,0,0,80.49,20.2,3,1,51
6772,1,6772,variant_high,14.99,15.0,2024-07-15,1,1,1,460.63,44.6,2,0,80
6773,1,6773,control,9.99,0.0,2024-09-26,1,0,0,119.35,62.1,3,1,10
6774,1,6774,control,9.99,0.0,2025-05-29,1,1,1,146.41,39.1,2,1,79
6775,1,6775,variant_mid,12.99,10.0,2024-10-02,1,1,1,116.16,61.9,2,1,21
6776,1,6776,variant_mid,12.99,10.0,2024-08-11,1,0,0,304.17,70.2,1,1,30
6777,1,6777,variant_high,14.99,15.0,2025-05-05,0,0,0,138.46,28.9,3,1,74
6778,1,6778,variant_mid,12.99,10.0,2024-05-02,1,0,0,330.96,52.2,2,1,70
6779,1,6779,variant_mid,12.99,10.0,2025-02-25,0,0,0,134.11,15.7,2,0,2
6780,1,6780,control,9.99,0.0,2024-07-30,0,0,0,111.97,8.5,2,1,60
6781,1,6781,variant_high,14.99,15.0,2024-08-22,0,0,0,105.71,31.2,3,1,38
6782,1,6782,control,9.99,0.0,2024-11-30,1,0,0,18.03,73.0,1,0,60
6783,1,6783,variant_high,14.99,15.0,2025-06-28,1,0,0,87.3,66.5,2,1,79
6784,1,6784,variant_high,14.99,15.0,2024-07-01,0,0,0,66.13,7.3,2,0,5
6785,1,6785,control,9.99,0.0,2025-05-16,1,0,0,36.11,48.1,1,0,5
6786,1,6786,variant_high,14.99,15.0,2024-09-08,0,0,0,81.87,0.0,7,1,67
6787,1,6787,control,9.99,0.0,2025-10-28,1,1,1,84.8,76.3,1,0,79
6788,1,6788,control,9.99,0.0,2024-10-29,0,0,0,173.08,5.4,1,1,71
6789,1,6789,variant_mid,12.99,10.0,2024-11-17,0,0,0,78.94,6.2,0,0,87
6790,1,6790,variant_high,14.99,15.0,2025-07-10,1,1,1,37.47,60.2,2,0,2
6791,1,6791,variant_mid,12.99,10.0,2024-02-10,0,0,0,104.84,23.2,4,1,57
6792,1,6792,control,9.99,0.0,2025-09-18,0,0,0,62.94,15.0,4,1,37
6793,1,6793,variant_mid,12.99,10.0,2024-09-07,0,0,0,120.02,5.6,4,1,43
6794,1,6794,variant_mid,12.99,10.0,2025-09-08,1,0,0,121.12,70.4,2,0,52
6795,1,6795,control,9.99,0.0,2024-10-04,1,1,1,82.61,72.3,1,0,42
6796,1,6796,control,9.99,0.0,2024-06-09,1,0,0,110.42,78.0,3,1,31
6797,1,6797,control,9.99,0.0,2024-04-05,1,0,0,419.08,54.4,3,1,30
6798,1,6798,variant_mid,12.99,10.0,2025-09-03,1,1,1,33.11,71.3,1,1,13
6799,1,6799,variant_mid,12.99,10.0,2024-01-27,1,1,0,200.19,93.2,3,1,2
6800,1,6800,variant_high,14.99,15.0,2025-04-14,0,0,0,601.46,8.0,5,1,52
6801,1,6801,control,9.99,0.0,2025-04-05,0,0,0,25.14,0.0,1,1,66
6802,1,6802,variant_high,14.99,15.0,2024-06-30,0,0,0,163.0,0.0,3,1,69
6803,1,6803,variant_mid,12.99,10.0,2025-07-11,1,0,0,397.42,45.8,4,1,70
6804,1,6804,control,9.99,0.0,2024-10-19,1,1,0,53.22,56.0,1,1,46
6805,1,6805,variant_high,14.99,15.0,2025-08-23,0,0,0,30.67,54.4,2,0,13
6806,1,6806,variant_high,14.99,15.0,2024-09-20,0,0,0,131.92,2.4,5,0,35
6807,1,6807,variant_mid,12.99,10.0,2025-07-29,1,1,1,50.42,43.9,3,0,67
6808,1,6808,control,9.99,0.0,2024-11-23,0,0,0,30.51,20.1,1,1,16
6809,1,6809,control,9.99,0.0,2024-12-11,0,0,0,97.78,8.1,0,1,83
6810,1,6810,variant_mid,12.99,10.0,2025-09-20,0,0,0,158.18,8.2,2,1,52
6811,1,6811,variant_high,14.99,15.0,2024-03-22,1,1,1,214.11,61.0,1,0,35
6812,1,6812,variant_mid,12.99,10.0,2024-11-15,1,1,1,140.19,26.9,5,1,84
6813,1,6813,control,9.99,0.0,2024-02-13,1,1,1,215.66,70.8,1,1,82
6814,1,6814,variant_mid,12.99,10.0,2024-02-27,0,0,0,289.48,2.5,2,1,67
6815,1,6815,variant_mid,12.99,10.0,2024-04-11,0,0,0,74.84,16.9,1,1,39
6816,1,6816,control,9.99,0.0,2025-07-06,1,1,1,97.42,60.1,1,1,77
6817,1,6817,variant_high,14.99,15.0,2025-08-07,0,0,0,28.82,32.6,3,1,57
6818,1,6818,variant_mid,12.99,10.0,2025-07-30,1,1,1,85.49,68.4,3,1,51
6819,1,6819,variant_high,14.99,15.0,2026-01-13,1,0,0,17.21,86.4,2,1,18
6820,1,6820,control,9.99,0.0,2025-03-10,0,0,0,22.77,22.8,4,0,19
6821,1,6821,control,9.99,0.0,2024-06-06,0,0,0,76.45,0.0,2,0,39
6822,1,6822,variant_mid,12.99,10.0,2024-12-16,1,1,0,175.33,75.9,2,0,80
6823,1,6823,variant_mid,12.99,10.0,2025-02-26,0,0,0,22.8,5.7,5,1,24
6824,1,6824,variant_mid,12.99,10.0,2025-08-05,1,1,1,289.73,65.4,3,1,14
6825,1,6825,variant_high,14.99,15.0,2024-12-20,0,0,0,104.72,14.3,1,1,20
6826,1,6826,variant_mid,12.99,10.0,2024-01-20,1,0,0,365.04,56.3,2,1,73
6827,1,6827,variant_high,14.99,15.0,2025-09-11,0,0,0,178.13,0.0,2,0,13
6828,1,6828,control,9.99,0.0,2025-03-14,0,0,0,61.79,10.1,3,0,70
6829,1,6829,variant_mid,12.99,10.0,2024-04-08,1,1,1,73.82,60.6,2,0,41
6830,1,6830,variant_mid,12.99,10.0,2025-12-15,0,0,0,325.17,35.3,5,0,38
6831,1,6831,variant_mid,12.99,10.0,2024-12-03,1,0,0,57.74,29.7,4,1,86
6832,1,6832,control,9.99,0.0,2025-08-07,0,0,0,60.71,0.0,1,0,41
6833,1,6833,variant_high,14.99,15.0,2025-06-30,0,0,0,48.81,6.7,2,1,7
6834,1,6834,control,9.99,0.0,2024-08-04,1,1,1,35.3,55.1,2,0,15
6835,1,6835,variant_high,14.99,15.0,2025-10-19,0,0,0,274.45,41.5,5,0,14
6836,1,6836,variant_high,14.99,15.0,2025-11-11,1,1,1,100.5,78.5,4,1,21
6837,1,6837,variant_mid,12.99,10.0,2025-12-03,1,0,0,272.17,79.2,3,1,15
6838,1,6838,control,9.99,0.0,2024-06-04,1,0,0,78.55,41.2,2,1,48
6839,1,6839,variant_mid,12.99,10.0,2024-04-16,1,1,1,125.18,43.6,2,1,70
6840,1,6840,control,9.99,0.0,2025-02-13,1,1,0,75.15,70.2,4,1,66
6841,1,6841,variant_high,14.99,15.0,2024-07-14,1,1,1,148.17,64.3,0,1,13
6842,1,6842,control,9.99,0.0,2025-04-13,0,0,0,1876.18,24.3,3,1,44
6843,1,6843,variant_mid,12.99,10.0,2025-05-06,1,1,0,32.53,73.5,3,0,42
6844,1,6844,variant_mid,12.99,10.0,2024-01-28,1,1,0,84.9,73.8,4,1,57
6845,1,6845,control,9.99,0.0,2025-07-20,1,1,0,37.42,64.3,0,1,60
6846,1,6846,variant_mid,12.99,10.0,2024-04-19,0,0,0,89.8,0.0,4,0,84
6847,1,6847,variant_high,14.99,15.0,2025-02-26,0,0,0,147.79,6.0,4,1,4
6848,1,6848,control,9.99,0.0,2025-02-16,1,1,0,293.44,78.0,3,1,84
6849,1,6849,control,9.99,0.0,2024-01-28,1,1,1,44.5,79.4,1,1,4
6850,1,6850,variant_mid,12.99,10.0,2024-05-17,0,0,0,341.17,22.2,1,0,63
6851,1,6851,variant_mid,12.99,10.0,2025-02-13,1,1,0,44.87,72.0,1,1,17
6852,1,6852,variant_mid,12.99,10.0,2024-11-08,1,1,1,144.43,42.2,0,1,86
6853,1,6853,control,9.99,0.0,2024-12-31,0,0,0,76.92,25.6,0,1,81
6854,1,6854,variant_mid,12.99,10.0,2025-06-05,1,1,1,32.38,65.0,3,0,27
6855,1,6855,control,9.99,0.0,2025-05-25,1,1,1,356.88,32.4,2,1,62
6856,1,6856,control,9.99,0.0,2025-04-01,1,1,1,36.01,51.1,2,1,58
6857,1,6857,variant_mid,12.99,10.0,2025-07-05,1,1,0,184.27,70.0,5,1,60
6858,1,6858,variant_mid,12.99,10.0,2025-10-20,0,0,0,73.84,0.0,2,1,17
6859,1,6859,variant_mid,12.99,10.0,2024-06-22,0,0,0,48.79,26.0,2,1,63
6860,1,6860,control,9.99,0.0,2025-11-03,0,0,0,174.98,0.0,3,1,78
6861,1,6861,variant_high,14.99,15.0,2024-12-18,1,0,0,44.65,30.9,4,1,41
6862,1,6862,control,9.99,0.0,2025-11-18,0,0,0,65.15,9.7,1,1,85
6863,1,6863,control,9.99,0.0,2025-04-25,0,0,0,82.64,33.0,0,0,25
6864,1,6864,variant_high,14.99,15.0,2024-11-02,0,0,0,90.54,23.0,3,1,53
6865,1,6865,variant_high,14.99,15.0,2024-02-05,0,0,0,64.25,17.1,5,1,12
6866,1,6866,variant_high,14.99,15.0,2024-04-17,1,1,1,79.63,54.3,3,0,83
6867,1,6867,variant_mid,12.99,10.0,2025-04-07,1,1,0,239.91,77.6,1,1,73
6868,1,6868,control,9.99,0.0,2025-05-14,1,1,1,47.93,63.8,1,1,30
6869,1,6869,variant_high,14.99,15.0,2024-04-18,0,0,0,465.65,32.8,2,1,51
6870,1,6870,variant_mid,12.99,10.0,2025-11-10,1,0,0,46.47,70.6,2,0,14
6871,1,6871,variant_high,14.99,15.0,2024-09-14,0,0,0,41.6,22.2,7,0,55
6872,1,6872,variant_mid,12.99,10.0,2025-07-21,0,0,0,58.81,0.0,1,1,11
6873,1,6873,variant_mid,12.99,10.0,2025-08-01,0,0,0,189.76,16.5,3,1,75
6874,1,6874,control,9.99,0.0,2025-05-26,1,1,1,178.17,58.3,1,1,39
6875,1,6875,control,9.99,0.0,2025-11-16,1,1,1,53.93,55.8,0,1,62
6876,1,6876,variant_mid,12.99,10.0,2025-08-22,1,0,0,74.2,39.8,1,1,61
6877,1,6877,variant_high,14.99,15.0,2024-05-10,0,0,0,68.1,18.8,0,1,47
6878,1,6878,variant_mid,12.99,10.0,2024-11-13,1,0,0,49.71,50.0,3,1,3
6879,1,6879,control,9.99,0.0,2025-03-04,1,0,0,166.89,48.8,3,1,14
6880,1,6880,variant_mid,12.99,10.0,2025-01-12,0,0,0,22.32,24.4,2,1,54
6881,1,6881,control,9.99,0.0,2025-01-28,0,0,0,803.77,23.3,0,1,59
6882,1,6882,variant_high,14.99,15.0,2024-06-12,0,0,0,120.06,4.8,4,1,21
6883,1,6883,control,9.99,0.0,2025-12-18,0,0,0,39.79,0.0,3,1,57
6884,1,6884,control,9.99,0.0,2025-05-05,0,0,0,14.27,30.3,1,1,54
6885,1,6885,variant_mid,12.99,10.0,2025-08-28,0,0,0,165.13,18.1,2,1,3
6886,1,6886,variant_mid,12.99,10.0,2024-09-13,1,0,0,26.52,82.4,1,0,76
6887,1,6887,variant_high,14.99,15.0,2025-05-11,1,1,1,9.23,81.9,3,1,34
6888,1,6888,variant_mid,12.99,10.0,2024-07-18,1,1,1,405.71,40.2,4,1,43
6889,1,6889,variant_high,14.99,15.0,2025-03-23,0,0,0,61.95,8.0,5,0,73
6890,1,6890,variant_mid,12.99,10.0,2024-07-06,0,0,0,482.1,0.0,1,1,59
6891,1,6891,control,9.99,0.0,2025-11-30,1,1,1,129.53,52.2,1,1,22
6892,1,6892,control,9.99,0.0,2025-01-11,1,0,0,116.14,60.2,1,0,89
6893,1,6893,variant_mid,12.99,10.0,2025-01-06,1,1,0,31.39,42.8,2,1,24
6894,1,6894,variant_mid,12.99,10.0,2025-02-11,0,0,0,58.68,21.1,6,1,64
6895,1,6895,variant_mid,12.99,10.0,2024-06-16,1,0,0,186.09,72.9,1,1,24
6896,1,6896,control,9.99,0.0,2025-09-02,1,0,0,372.87,74.9,1,1,70
6897,1,6897,control,9.99,0.0,2024-08-13,0,0,0,206.47,24.6,1,1,37
6898,1,6898,control,9.99,0.0,2025-10-30,0,0,0,127.89,48.4,4,1,84
6899,1,6899,variant_high,14.99,15.0,2025-09-05,0,0,0,12.86,12.6,2,0,72
6900,1,6900,variant_mid,12.99,10.0,2024-08-13,0,0,0,350.53,0.0,1,1,8
6901,1,6901,control,9.99,0.0,2025-02-20,0,0,0,720.96,0.0,5,1,21
6902,1,6902,variant_mid,12.99,10.0,2024-09-14,0,0,0,376.3,0.0,4,1,52
6903,1,6903,variant_high,14.99,15.0,2024-04-21,1,1,0,39.59,89.8,5,1,6
6904,1,6904,control,9.99,0.0,2024-08-13,1,1,0,31.1,66.0,2,1,32
6905,1,6905,control,9.99,0.0,2025-10-14,0,0,0,220.79,17.1,1,0,34
6906,1,6906,variant_mid,12.99,10.0,2024-08-13,0,0,0,86.89,49.0,2,0,8
6907,1,6907,control,9.99,0.0,2025-11-14,1,0,0,340.92,64.8,1,1,53
6908,1,6908,control,9.99,0.0,2025-06-29,0,0,0,45.99,18.9,2,1,2
6909,1,6909,variant_high,14.99,15.0,2024-11-29,0,0,0,220.02,0.0,2,1,13
6910,1,6910,variant_high,14.99,15.0,2025-04-07,0,0,0,32.57,0.0,3,1,77
6911,1,6911,variant_high,14.99,15.0,2025-10-24,0,0,0,313.42,24.1,2,1,23
6912,1,6912,variant_high,14.99,15.0,2024-03-15,1,0,0,46.09,73.6,3,1,32
6913,1,6913,control,9.99,0.0,2025-08-25,0,0,0,73.29,0.0,1,0,65
6914,1,6914,variant_high,14.99,15.0,2025-02-23,0,0,0,610.63,0.0,8,1,48
6915,1,6915,variant_high,14.99,15.0,2026-01-04,0,0,0,1246.95,12.9,3,0,16
6916,1,6916,variant_mid,12.99,10.0,2025-09-13,0,0,0,53.39,11.1,2,1,51
6917,1,6917,variant_high,14.99,15.0,2025-10-25,1,0,0,118.32,57.7,3,1,19
6918,1,6918,variant_high,14.99,15.0,2024-02-25,0,0,0,20.4,2.4,7,1,59
6919,1,6919,control,9.99,0.0,2024-12-02,0,0,0,163.15,0.0,4,0,77
6920,1,6920,control,9.99,0.0,2025-11-08,1,0,0,251.88,70.2,0,1,50
6921,1,6921,variant_high,14.99,15.0,2024-07-24,1,0,0,51.43,50.2,2,1,72
6922,1,6922,variant_mid,12.99,10.0,2024-07-12,1,1,0,82.56,35.0,5,1,66
6923,1,6923,variant_mid,12.99,10.0,2025-05-15,0,0,0,38.93,9.6,1,0,72
6924,1,6924,control,9.99,0.0,2024-09-11,0,0,0,135.58,0.5,2,1,42
6925,1,6925,control,9.99,0.0,2025-03-05,1,1,1,461.45,47.9,2,1,38
6926,1,6926,control,9.99,0.0,2024-10-27,0,0,0,48.75,0.0,2,1,30
6927,1,6927,variant_mid,12.99,10.0,2024-12-01,1,1,0,81.52,23.7,3,1,50
6928,1,6928,control,9.99,0.0,2024-04-17,0,0,0,54.91,17.6,1,1,82
6929,1,6929,control,9.99,0.0,2025-09-07,1,1,1,42.25,59.0,1,1,70
6930,1,6930,variant_high,14.99,15.0,2024-03-28,0,0,0,210.09,9.1,3,1,32
6931,1,6931,variant_mid,12.99,10.0,2024-05-04,1,1,0,49.51,43.2,5,1,20
6932,1,6932,variant_high,14.99,15.0,2024-07-07,0,0,0,26.72,0.0,4,1,36
6933,1,6933,control,9.99,0.0,2024-08-08,0,0,0,60.02,16.8,1,1,57
6934,1,6934,variant_mid,12.99,10.0,2024-01-08,0,0,0,61.33,34.4,3,1,34
6935,1,6935,variant_high,14.99,15.0,2025-12-18,1,0,0,79.61,94.6,3,1,40
6936,1,6936,variant_high,14.99,15.0,2025-03-13,1,1,1,105.11,41.4,6,1,23
6937,1,6937,variant_high,14.99,15.0,2024-12-28,1,1,0,189.61,70.1,3,1,89
6938,1,6938,variant_high,14.99,15.0,2024-04-14,1,0,0,615.25,67.1,1,1,3
6939,1,6939,control,9.99,0.0,2025-04-09,0,0,0,417.45,21.8,3,0,70
6940,1,6940,control,9.99,0.0,2024-03-11,1,0,0,193.92,69.8,4,1,6
6941,1,6941,variant_high,14.99,15.0,2024-07-20,1,1,1,164.26,63.0,3,1,51
6942,1,6942,variant_mid,12.99,10.0,2025-02-15,0,0,0,15.71,47.4,4,1,78
6943,1,6943,control,9.99,0.0,2026-01-05,0,0,0,84.82,12.4,1,1,79
6944,1,6944,control,9.99,0.0,2025-03-23,0,0,0,99.12,4.0,4,1,86
6945,1,6945,variant_high,14.99,15.0,2024-12-17,1,1,1,179.93,48.2,2,1,2
6946,1,6946,control,9.99,0.0,2025-04-28,1,0,0,373.86,75.9,4,0,10
6947,1,6947,variant_mid,12.99,10.0,2025-07-02,0,0,0,91.16,2.2,2,1,4
6948,1,6948,control,9.99,0.0,2025-01-15,0,0,0,122.69,39.1,2,1,79
6949,1,6949,control,9.99,0.0,2024-09-09,0,0,0,475.71,6.9,2,1,89
6950,1,6950,variant_mid,12.99,10.0,2025-10-22,0,0,0,84.19,13.7,6,0,32
6951,1,6951,control,9.99,0.0,2024-08-15,0,0,0,51.11,14.6,4,1,46
6952,1,6952,variant_mid,12.99,10.0,2024-04-18,1,0,0,41.01,47.7,0,1,82
6953,1,6953,control,9.99,0.0,2024-08-20,1,0,0,35.13,29.7,4,1,76
6954,1,6954,variant_high,14.99,15.0,2025-08-02,1,1,1,133.84,89.3,1,1,69
6955,1,6955,variant_mid,12.99,10.0,2024-03-12,1,0,0,49.47,59.1,5,1,42
6956,1,6956,variant_mid,12.99,10.0,2024-11-09,1,0,0,120.65,68.1,2,0,7
6957,1,6957,variant_mid,12.99,10.0,2024-02-18,1,1,1,54.12,49.7,2,1,54
6958,1,6958,variant_mid,12.99,10.0,2025-11-07,1,0,0,30.36,32.6,4,1,40
6959,1,6959,control,9.99,0.0,2024-09-01,0,0,0,163.66,0.0,1,1,75
6960,1,6960,control,9.99,0.0,2024-06-25,1,1,1,782.36,64.8,1,1,84
6961,1,6961,variant_mid,12.99,10.0,2025-05-26,1,0,0,319.72,48.7,0,1,86
6962,1,6962,control,9.99,0.0,2025-12-11,0,0,0,485.56,0.0,4,0,26
6963,1,6963,variant_high,14.99,15.0,2024-02-16,1,1,0,65.85,82.2,2,0,54
6964,1,6964,variant_mid,12.99,10.0,2025-09-29,0,0,0,67.94,24.1,2,1,85
6965,1,6965,control,9.99,0.0,2024-10-27,0,0,0,172.61,10.9,1,1,49
6966,1,6966,control,9.99,0.0,2024-05-22,0,0,0,159.52,25.2,1,1,19
6967,1,6967,control,9.99,0.0,2024-03-10,0,0,0,116.92,0.0,0,1,3
6968,1,6968,control,9.99,0.0,2024-11-14,0,0,0,94.05,1.9,2,0,9
6969,1,6969,variant_mid,12.99,10.0,2024-07-03,0,0,0,730.43,0.0,2,1,21
6970,1,6970,control,9.99,0.0,2024-07-16,0,0,0,70.65,28.1,0,1,14
6971,1,6971,variant_mid,12.99,10.0,2024-05-27,1,1,1,398.1,88.1,1,1,26
6972,1,6972,control,9.99,0.0,2024-04-27,1,1,1,106.04,78.0,1,1,16
6973,1,6973,variant_high,14.99,15.0,2025-08-14,1,0,0,165.82,74.6,4,1,82
6974,1,6974,variant_mid,12.99,10.0,2024-10-28,0,0,0,83.26,15.5,4,1,70
6975,1,6975,variant_high,14.99,15.0,2025-08-19,0,0,0,200.76,4.7,3,1,48
6976,1,6976,variant_mid,12.99,10.0,2025-02-07,0,0,0,183.75,0.0,1,1,14
6977,1,6977,control,9.99,0.0,2024-03-07,1,0,0,474.93,63.0,1,1,43
6978,1,6978,variant_mid,12.99,10.0,2024-10-29,1,1,1,197.49,57.2,5,1,25
6979,1,6979,variant_mid,12.99,10.0,2024-03-12,0,0,0,33.98,0.0,2,0,82
6980,1,6980,variant_mid,12.99,10.0,2024-09-07,0,0,0,62.57,11.7,6,1,29
6981,1,6981,variant_high,14.99,15.0,2025-09-02,0,0,0,116.57,0.0,3,0,26
6982,1,6982,control,9.99,0.0,2024-08-28,1,0,0,51.05,76.8,2,1,51
6983,1,6983,control,9.99,0.0,2024-06-26,0,0,0,156.8,24.8,3,1,69
6984,1,6984,variant_high,14.99,15.0,2024-04-27,1,1,0,284.99,37.1,2,0,89
6985,1,6985,control,9.99,0.0,2024-04-14,1,1,0,179.73,71.2,1,0,41
6986,1,6986,variant_high,14.99,15.0,2024-06-28,0,0,0,35.93,0.0,3,1,40
6987,1,6987,variant_high,14.99,15.0,2025-10-29,0,0,0,19.61,0.0,2,1,56
6988,1,6988,variant_high,14.99,15.0,2025-02-01,1,0,0,41.51,49.4,4,0,83
6989,1,6989,control,9.99,0.0,2025-08-08,1,1,0,59.25,46.6,1,0,65
6990,1,6990,control,9.99,0.0,2024-05-01,0,0,0,130.14,9.3,1,1,30
6991,1,6991,variant_mid,12.99,10.0,2025-03-21,1,1,1,31.37,60.5,3,1,52
6992,1,6992,control,9.99,0.0,2025-09-06,1,0,0,1242.21,59.2,6,1,53
6993,1,6993,variant_high,14.99,15.0,2025-07-25,0,0,0,336.28,0.6,2,1,20
6994,1,6994,variant_mid,12.99,10.0,2025-07-08,1,0,0,142.57,71.5,1,1,8
6995,1,6995,variant_mid,12.99,10.0,2025-07-05,1,0,0,72.31,70.3,3,1,50
6996,1,6996,control,9.99,0.0,2026-01-09,1,1,1,140.75,44.3,2,1,12
6997,1,6997,variant_mid,12.99,10.0,2024-10-21,1,0,0,141.58,47.8,3,1,57
6998,1,6998,variant_mid,12.99,10.0,2024-08-26,1,0,0,11.88,81.3,3,1,44
6999,1,6999,variant_mid,12.99,10.0,2024-03-11,0,0,0,6.29,22.2,1,0,77
7000,1,7000,control,9.99,0.0,2024-05-20,0,0,0,63.95,17.7,3,1,82
7001,1,7001,variant_mid,12.99,10.0,2024-11-04,1,0,0,527.19,74.7,4,0,62
7002,1,7002,variant_high,14.99,15.0,2024-03-15,0,0,0,108.83,31.6,2,1,44
7003,1,7003,control,9.99,0.0,2025-07-24,0,0,0,538.04,38.3,3,1,25
7004,1,7004,control,9.99,0.0,2024-10-02,0,0,0,397.6,0.1,3,0,37
7005,1,7005,variant_high,14.99,15.0,2024-08-25,0,0,0,41.39,0.0,1,1,21
7006,1,7006,variant_high,14.99,15.0,2025-11-15,0,0,0,267.37,9.3,2,1,5
7007,1,7007,control,9.99,0.0,2024-02-24,0,0,0,760.0,11.9,2,1,43
7008,1,7008,control,9.99,0.0,2025-03-09,0,0,0,83.62,0.0,0,0,85
7009,1,7009,variant_high,14.99,15.0,2025-03-14,0,0,0,87.64,16.9,4,0,74
7010,1,7010,variant_mid,12.99,10.0,2025-12-14,0,0,0,49.49,34.6,3,1,31
7011,1,7011,variant_mid,12.99,10.0,2024-10-26,1,0,0,158.62,82.5,1,1,89
7012,1,7012,control,9.99,0.0,2025-11-03,0,0,0,129.13,25.5,3,1,74
7013,1,7013,variant_mid,12.99,10.0,2025-05-10,0,0,0,114.0,0.0,3,1,3
7014,1,7014,control,9.99,0.0,2024-10-23,0,0,0,141.42,13.7,1,0,11
7015,1,7015,variant_mid,12.99,10.0,2025-01-24,0,0,0,134.89,0.0,4,1,1
7016,1,7016,variant_high,14.99,15.0,2024-11-25,1,1,0,62.74,69.5,3,1,89
7017,1,7017,variant_mid,12.99,10.0,2025-03-31,0,0,0,53.25,19.8,4,1,26
7018,1,7018,control,9.99,0.0,2024-08-12,0,0,0,112.62,3.9,0,1,11
7019,1,7019,control,9.99,0.0,2024-09-02,1,1,1,264.25,48.5,1,1,46
7020,1,7020,variant_high,14.99,15.0,2025-06-29,0,0,0,232.91,16.9,0,1,60
7021,1,7021,variant_high,14.99,15.0,2026-01-06,0,0,0,94.85,0.0,2,1,11
7022,1,7022,variant_high,14.99,15.0,2025-02-24,0,0,0,24.08,23.3,3,0,40
7023,1,7023,variant_high,14.99,15.0,2024-09-15,0,0,0,45.79,0.0,3,1,0
7024,1,7024,variant_mid,12.99,10.0,2024-03-07,1,1,0,362.46,65.9,6,1,85
7025,1,7025,variant_high,14.99,15.0,2025-11-30,1,0,0,190.67,62.0,1,1,1
7026,1,7026,variant_mid,12.99,10.0,2025-11-01,0,0,0,190.54,12.5,2,1,51
7027,1,7027,variant_high,14.99,15.0,2024-06-01,0,0,0,24.13,10.8,2,1,72
7028,1,7028,variant_mid,12.99,10.0,2025-08-06,1,1,0,65.27,81.8,3,0,57
7029,1,7029,variant_mid,12.99,10.0,2025-05-22,0,0,0,24.7,0.0,0,0,61
7030,1,7030,control,9.99,0.0,2025-11-12,1,0,0,44.66,66.7,5,1,73
7031,1,7031,variant_mid,12.99,10.0,2025-01-02,0,0,0,78.09,14.4,1,1,3
7032,1,7032,variant_mid,12.99,10.0,2024-07-21,1,1,1,364.66,37.6,1,0,30
7033,1,7033,variant_mid,12.99,10.0,2024-09-17,1,1,0,496.55,62.1,2,1,68
7034,1,7034,variant_mid,12.99,10.0,2025-07-09,0,0,0,310.45,14.1,3,0,75
7035,1,7035,variant_high,14.99,15.0,2024-06-09,1,1,1,53.65,52.0,4,1,32
7036,1,7036,variant_high,14.99,15.0,2025-04-10,1,0,0,54.23,52.1,3,1,70
7037,1,7037,variant_mid,12.99,10.0,2025-09-07,0,0,0,124.18,7.5,0,1,2
7038,1,7038,variant_high,14.99,15.0,2024-04-02,1,1,0,25.99,67.3,4,1,41
7039,1,7039,variant_mid,12.99,10.0,2025-01-24,1,0,0,186.22,51.7,3,1,88
7040,1,7040,variant_mid,12.99,10.0,2024-07-22,0,0,0,36.97,8.0,1,1,32
7041,1,7041,variant_high,14.99,15.0,2025-01-17,0,0,0,158.13,5.8,4,0,88
7042,1,7042,control,9.99,0.0,2024-06-05,1,1,0,94.39,91.1,1,1,40
7043,1,7043,variant_high,14.99,15.0,2024-09-09,0,0,0,91.01,24.4,2,1,38
7044,1,7044,control,9.99,0.0,2024-05-03,0,0,0,17.26,0.0,3,1,58
7045,1,7045,variant_high,14.99,15.0,2024-10-23,0,0,0,43.28,0.0,5,1,66
7046,1,7046,variant_high,14.99,15.0,2025-05-02,0,0,0,531.57,0.0,2,1,36
7047,1,7047,variant_mid,12.99,10.0,2024-08-16,1,1,0,18.39,68.7,4,1,86
7048,1,7048,control,9.99,0.0,2025-10-07,1,1,1,715.32,37.8,1,0,6
7049,1,7049,control,9.99,0.0,2025-03-28,1,0,0,169.04,60.7,4,1,16
7050,1,7050,control,9.99,0.0,2026-01-06,1,1,1,30.33,58.3,2,1,29
7051,1,7051,variant_high,14.99,15.0,2025-05-13,1,1,1,21.23,50.9,3,1,14
7052,1,7052,variant_mid,12.99,10.0,2024-06-16,1,1,1,116.41,69.3,2,1,36
7053,1,7053,control,9.99,0.0,2025-02-27,0,0,0,156.79,18.1,3,1,67
7054,1,7054,variant_mid,12.99,10.0,2025-05-24,1,0,0,176.19,45.9,3,1,35
7055,1,7055,control,9.99,0.0,2024-12-16,0,0,0,189.53,13.1,3,1,4
7056,1,7056,variant_mid,12.99,10.0,2024-03-10,1,1,1,188.2,78.4,2,1,62
7057,1,7057,control,9.99,0.0,2024-05-21,0,0,0,41.43,4.3,0,1,64
7058,1,7058,variant_high,14.99,15.0,2024-06-26,0,0,0,28.93,34.8,5,1,30
7059,1,7059,variant_high,14.99,15.0,2024-11-09,1,0,0,247.48,37.7,2,1,12
7060,1,7060,control,9.99,0.0,2025-09-28,1,0,0,226.26,57.0,2,1,62
7061,1,7061,control,9.99,0.0,2024-01-27,1,1,1,51.62,94.2,2,1,0
7062,1,7062,variant_mid,12.99,10.0,2025-11-20,0,0,0,208.14,4.9,0,1,49
7063,1,7063,variant_high,14.99,15.0,2025-02-05,1,0,0,58.83,13.3,3,1,42
7064,1,7064,control,9.99,0.0,2025-12-28,0,0,0,83.19,33.6,2,1,87
7065,1,7065,variant_mid,12.99,10.0,2025-05-23,1,0,0,84.86,82.3,2,1,35
7066,1,7066,variant_mid,12.99,10.0,2024-12-12,1,1,1,108.14,43.7,3,1,74
7067,1,7067,control,9.99,0.0,2024-04-02,0,0,0,56.51,19.7,1,1,88
7068,1,7068,control,9.99,0.0,2025-07-09,1,1,0,52.38,58.3,2,1,6
7069,1,7069,variant_mid,12.99,10.0,2025-03-25,0,0,0,114.81,0.0,1,1,0
7070,1,7070,control,9.99,0.0,2024-10-04,0,0,0,26.9,0.0,0,1,75
7071,1,7071,variant_mid,12.99,10.0,2025-08-22,0,0,0,234.06,3.3,3,0,58
7072,1,7072,variant_high,14.99,15.0,2025-06-03,0,0,0,378.53,0.0,2,0,50
7073,1,7073,variant_high,14.99,15.0,2024-08-05,0,0,0,19.31,0.0,3,1,53
7074,1,7074,variant_mid,12.99,10.0,2024-04-25,0,0,0,104.97,15.3,1,1,44
7075,1,7075,control,9.99,0.0,2025-05-09,0,0,0,102.28,41.1,0,0,52
7076,1,7076,variant_mid,12.99,10.0,2024-04-11,1,1,0,6.07,57.6,3,0,86
7077,1,7077,control,9.99,0.0,2025-01-24,1,1,1,156.69,74.2,4,0,16
7078,1,7078,variant_mid,12.99,10.0,2025-12-31,1,0,0,482.57,49.0,3,1,18
7079,1,7079,control,9.99,0.0,2025-07-13,1,0,0,88.87,34.6,2,1,89
7080,1,7080,control,9.99,0.0,2024-08-16,1,1,1,25.53,41.4,1,1,68
7081,1,7081,control,9.99,0.0,2025-12-15,1,0,0,131.22,74.8,1,1,44
7082,1,7082,control,9.99,0.0,2025-10-28,0,0,0,108.83,4.8,4,1,35
7083,1,7083,variant_high,14.99,15.0,2025-01-02,0,0,0,16.87,25.2,1,1,8
7084,1,7084,variant_high,14.99,15.0,2024-01-21,1,0,0,112.09,79.3,4,0,48
7085,1,7085,variant_high,14.99,15.0,2025-10-22,0,0,0,24.54,1.7,2,1,57
7086,1,7086,control,9.99,0.0,2025-09-13,0,0,0,137.02,1.3,5,0,72
7087,1,7087,variant_mid,12.99,10.0,2025-12-25,1,0,0,156.67,41.8,3,1,4
7088,1,7088,variant_mid,12.99,10.0,2025-12-01,0,0,0,201.55,22.9,4,1,89
7089,1,7089,variant_high,14.99,15.0,2024-12-31,0,0,0,293.86,29.7,0,1,10
7090,1,7090,variant_high,14.99,15.0,2024-01-20,1,0,0,248.87,72.1,0,1,33
7091,1,7091,control,9.99,0.0,2024-11-04,1,1,1,482.67,71.7,2,1,72
7092,1,7092,variant_mid,12.99,10.0,2024-10-29,1,0,0,88.29,66.8,3,1,59
7093,1,7093,control,9.99,0.0,2024-08-08,1,1,0,180.98,100.0,2,1,64
7094,1,7094,variant_mid,12.99,10.0,2025-08-20,1,1,0,95.56,76.3,1,1,69
7095,1,7095,variant_high,14.99,15.0,2025-08-22,1,0,0,15.79,54.9,1,1,1
7096,1,7096,variant_high,14.99,15.0,2024-01-12,0,0,0,120.16,14.1,2,0,18
7097,1,7097,control,9.99,0.0,2025-10-30,0,0,0,107.4,17.1,2,1,46
7098,1,7098,variant_high,14.99,15.0,2024-08-28,0,0,0,271.03,21.6,2,0,5
7099,1,7099,control,9.99,0.0,2024-05-27,0,0,0,175.08,31.5,2,1,87
7100,1,7100,control,9.99,0.0,2024-07-26,0,0,0,320.87,24.3,0,0,38
7101,1,7101,variant_high,14.99,15.0,2024-03-07,1,1,0,42.54,49.2,2,0,84
7102,1,7102,variant_high,14.99,15.0,2024-04-17,1,1,1,299.38,53.4,1,1,68
7103,1,7103,control,9.99,0.0,2024-08-10,0,0,0,154.28,9.3,5,1,9
7104,1,7104,variant_high,14.99,15.0,2024-03-23,1,1,1,73.62,41.7,3,0,27
7105,1,7105,control,9.99,0.0,2024-05-18,1,0,0,96.95,46.6,3,1,6
7106,1,7106,variant_mid,12.99,10.0,2024-07-02,0,0,0,151.57,0.0,1,1,20
7107,1,7107,variant_high,14.99,15.0,2025-07-20,0,0,0,36.42,6.1,3,1,79
7108,1,7108,variant_high,14.99,15.0,2024-06-07,0,0,0,225.84,0.0,5,0,4
7109,1,7109,variant_mid,12.99,10.0,2025-11-01,0,0,0,410.52,0.0,6,0,88
7110,1,7110,variant_mid,12.99,10.0,2025-12-12,0,0,0,58.41,8.5,4,1,76
7111,1,7111,variant_high,14.99,15.0,2024-09-08,0,0,0,96.59,7.4,4,0,62
7112,1,7112,variant_high,14.99,15.0,2024-01-17,0,0,0,228.02,0.0,2,0,84
7113,1,7113,control,9.99,0.0,2024-08-11,1,0,0,174.81,89.8,1,1,17
7114,1,7114,control,9.99,0.0,2024-04-23,1,1,0,329.36,60.8,1,0,6
7115,1,7115,variant_mid,12.99,10.0,2024-01-28,0,0,0,55.82,15.9,4,1,19
7116,1,7116,variant_mid,12.99,10.0,2025-08-15,0,0,0,210.73,12.0,4,1,32
7117,1,7117,control,9.99,0.0,2024-03-25,1,0,0,65.1,43.6,2,0,38
7118,1,7118,variant_mid,12.99,10.0,2025-07-12,0,0,0,368.52,0.0,0,1,56
7119,1,7119,control,9.99,0.0,2025-05-07,1,1,1,78.72,92.5,3,0,10
7120,1,7120,variant_high,14.99,15.0,2024-12-09,0,0,0,46.64,0.0,2,1,8
7121,1,7121,control,9.99,0.0,2024-09-02,1,0,0,177.71,71.9,0,1,22
7122,1,7122,variant_high,14.99,15.0,2024-10-26,0,0,0,7.67,0.0,2,1,24
7123,1,7123,variant_high,14.99,15.0,2024-08-21,1,1,1,118.24,85.4,3,0,68
7124,1,7124,variant_mid,12.99,10.0,2024-09-19,0,0,0,60.65,40.8,4,0,77
7125,1,7125,control,9.99,0.0,2024-08-02,0,0,0,28.02,41.0,4,1,12
7126,1,7126,variant_high,14.99,15.0,2025-12-29,1,1,0,152.03,81.5,7,0,59
7127,1,7127,variant_mid,12.99,10.0,2025-11-20,1,0,0,39.39,96.7,2,0,10
7128,1,7128,variant_mid,12.99,10.0,2025-10-01,0,0,0,54.69,32.4,2,1,27
7129,1,7129,control,9.99,0.0,2025-09-11,1,0,0,60.48,64.3,3,0,75
7130,1,7130,variant_mid,12.99,10.0,2024-07-24,0,0,0,201.09,47.3,7,1,7
7131,1,7131,variant_mid,12.99,10.0,2025-10-06,0,0,0,67.91,24.4,2,1,34
7132,1,7132,variant_high,14.99,15.0,2024-12-21,0,0,0,428.62,24.1,2,0,67
7133,1,7133,variant_high,14.99,15.0,2024-05-01,1,1,1,41.87,38.7,4,0,67
7134,1,7134,variant_mid,12.99,10.0,2025-06-28,1,0,0,68.32,90.6,4,0,66
7135,1,7135,control,9.99,0.0,2025-12-07,1,0,0,21.63,72.6,2,0,67
7136,1,7136,variant_mid,12.99,10.0,2025-09-01,1,1,1,72.19,47.3,4,0,24
7137,1,7137,control,9.99,0.0,2024-01-31,1,1,0,67.01,41.2,2,1,30
7138,1,7138,control,9.99,0.0,2024-04-10,0,0,0,29.64,27.7,4,0,21
7139,1,7139,variant_mid,12.99,10.0,2024-04-18,0,0,0,52.5,18.3,0,1,13
7140,1,7140,control,9.99,0.0,2025-12-05,0,0,0,243.21,22.0,1,1,7
7141,1,7141,control,9.99,0.0,2025-01-26,0,0,0,34.89,0.0,1,1,45
7142,1,7142,control,9.99,0.0,2025-08-30,0,0,0,180.09,1.1,3,1,39
7143,1,7143,control,9.99,0.0,2024-04-17,1,1,0,51.69,70.4,2,1,44
7144,1,7144,variant_high,14.99,15.0,2025-01-19,0,0,0,17.02,0.0,2,1,7
7145,1,7145,variant_mid,12.99,10.0,2024-10-09,1,1,1,293.34,70.1,1,1,40
7146,1,7146,variant_high,14.99,15.0,2025-01-16,1,0,0,64.35,63.8,3,0,80
7147,1,7147,variant_high,14.99,15.0,2025-05-06,1,1,1,51.32,55.7,1,1,64
7148,1,7148,variant_high,14.99,15.0,2025-01-24,1,1,1,137.86,23.7,1,0,32
7149,1,7149,control,9.99,0.0,2024-03-04,0,0,0,96.69,31.0,1,1,69
7150,1,7150,variant_mid,12.99,10.0,2025-08-28,1,0,0,150.48,44.8,4,0,82
7151,1,7151,variant_mid,12.99,10.0,2025-11-08,1,0,0,139.09,52.5,5,1,17
7152,1,7152,variant_mid,12.99,10.0,2025-02-05,1,0,0,118.35,82.7,0,1,50
7153,1,7153,control,9.99,0.0,2024-05-16,0,0,0,25.83,23.5,1,1,5
7154,1,7154,control,9.99,0.0,2025-08-22,0,0,0,1356.04,32.2,5,1,77
7155,1,7155,variant_mid,12.99,10.0,2025-03-15,0,0,0,23.6,27.8,4,1,20
7156,1,7156,variant_high,14.99,15.0,2025-09-22,0,0,0,30.87,8.2,3,1,13
7157,1,7157,variant_mid,12.99,10.0,2025-04-09,0,0,0,233.85,15.7,3,1,2
7158,1,7158,control,9.99,0.0,2025-05-31,1,0,0,27.32,56.0,0,1,47
7159,1,7159,variant_mid,12.99,10.0,2025-07-30,0,0,0,226.66,36.7,2,0,18
7160,1,7160,variant_mid,12.99,10.0,2024-02-15,1,1,0,28.42,77.1,4,1,59
7161,1,7161,variant_high,14.99,15.0,2024-07-04,1,0,0,60.55,54.9,1,0,6
7162,1,7162,variant_high,14.99,15.0,2024-12-03,0,0,0,86.82,4.6,3,0,57
7163,1,7163,variant_mid,12.99,10.0,2025-06-20,1,1,1,295.39,58.2,3,0,24
7164,1,7164,variant_mid,12.99,10.0,2024-07-12,0,0,0,224.97,2.4,1,1,33
7165,1,7165,variant_mid,12.99,10.0,2024-12-06,1,0,0,54.22,65.2,3,1,30
7166,1,7166,control,9.99,0.0,2024-02-02,1,1,0,282.53,50.6,1,0,38
7167,1,7167,variant_mid,12.99,10.0,2025-04-23,1,0,0,217.63,61.4,4,1,80
7168,1,7168,variant_high,14.99,15.0,2025-04-28,0,0,0,410.26,6.5,2,0,27
7169,1,7169,variant_mid,12.99,10.0,2025-02-03,0,0,0,321.39,29.7,2,1,49
7170,1,7170,variant_mid,12.99,10.0,2025-01-18,0,0,0,156.86,19.6,4,0,55
7171,1,7171,control,9.99,0.0,2026-01-15,0,0,0,178.76,14.3,2,1,60
7172,1,7172,variant_mid,12.99,10.0,2024-02-25,1,1,1,251.69,54.9,2,0,43
7173,1,7173,control,9.99,0.0,2025-06-01,0,0,0,15.54,0.0,1,1,32
7174,1,7174,variant_mid,12.99,10.0,2025-04-15,0,0,0,53.23,0.0,3,1,28
7175,1,7175,variant_mid,12.99,10.0,2024-12-09,1,1,0,110.05,83.6,1,1,14
7176,1,7176,control,9.99,0.0,2024-05-19,1,0,0,400.88,74.8,2,1,39
7177,1,7177,control,9.99,0.0,2025-11-17,1,1,1,82.85,72.7,1,1,86
7178,1,7178,control,9.99,0.0,2025-11-18,0,0,0,191.41,33.4,2,1,56
7179,1,7179,control,9.99,0.0,2024-09-09,0,0,0,380.11,8.7,1,0,56
7180,1,7180,variant_mid,12.99,10.0,2025-05-29,0,0,0,206.09,4.9,5,1,74
7181,1,7181,variant_high,14.99,15.0,2024-03-24,0,0,0,99.06,14.0,4,1,23
7182,1,7182,control,9.99,0.0,2024-01-23,1,0,0,12.78,72.5,2,1,71
7183,1,7183,control,9.99,0.0,2025-12-16,1,0,0,20.79,69.0,1,1,89
7184,1,7184,variant_mid,12.99,10.0,2025-10-05,1,0,0,296.35,81.3,3,0,76
7185,1,7185,control,9.99,0.0,2024-01-21,1,1,1,200.6,80.6,3,1,87
7186,1,7186,variant_high,14.99,15.0,2024-02-22,0,0,0,52.02,10.7,2,0,72
7187,1,7187,variant_high,14.99,15.0,2024-04-25,0,0,0,116.5,0.0,4,0,76
7188,1,7188,variant_high,14.99,15.0,2024-01-27,1,0,0,90.59,28.5,3,0,25
7189,1,7189,variant_mid,12.99,10.0,2024-10-07,0,0,0,76.74,40.8,0,0,59
7190,1,7190,variant_high,14.99,15.0,2024-10-31,1,0,0,77.03,29.8,2,0,32
7191,1,7191,variant_mid,12.99,10.0,2025-05-04,1,1,0,86.33,38.4,1,1,73
7192,1,7192,variant_mid,12.99,10.0,2024-04-27,0,0,0,14.34,5.9,6,1,53
7193,1,7193,variant_mid,12.99,10.0,2025-10-02,0,0,0,216.31,10.1,2,1,79
7194,1,7194,variant_mid,12.99,10.0,2025-08-20,1,1,1,49.9,68.3,2,1,56
7195,1,7195,variant_high,14.99,15.0,2025-06-05,1,1,0,100.96,31.8,3,1,78
7196,1,7196,variant_high,14.99,15.0,2025-11-23,0,0,0,65.74,25.8,2,0,11
7197,1,7197,variant_mid,12.99,10.0,2024-05-23,0,0,0,205.73,23.0,2,1,43
7198,1,7198,variant_high,14.99,15.0,2025-07-26,0,0,0,75.68,0.0,4,0,73
7199,1,7199,variant_mid,12.99,10.0,2024-11-25,1,1,1,15.36,52.4,3,1,9
7200,1,7200,variant_mid,12.99,10.0,2024-10-11,1,0,0,35.12,78.1,2,0,83
7201,1,7201,variant_mid,12.99,10.0,2025-05-23,1,0,0,54.41,47.3,3,0,19
7202,1,7202,variant_high,14.99,15.0,2024-08-14,0,0,0,22.29,0.0,0,1,10
7203,1,7203,variant_high,14.99,15.0,2024-01-21,1,1,1,72.15,80.2,4,0,26
7204,1,7204,variant_high,14.99,15.0,2024-09-09,0,0,0,49.12,22.8,3,0,89
7205,1,7205,variant_mid,12.99,10.0,2025-07-27,0,0,0,93.45,11.4,3,1,79
7206,1,7206,variant_mid,12.99,10.0,2024-03-08,1,1,1,65.23,40.5,6,1,12
7207,1,7207,control,9.99,0.0,2025-09-21,1,1,1,202.71,94.1,5,1,43
7208,1,7208,variant_mid,12.99,10.0,2025-11-08,0,0,0,74.89,32.6,1,1,43
7209,1,7209,variant_high,14.99,15.0,2024-12-27,0,0,0,60.21,30.6,2,1,87
7210,1,7210,variant_high,14.99,15.0,2024-07-13,1,0,0,29.34,50.4,3,1,13
7211,1,7211,variant_mid,12.99,10.0,2025-09-04,0,0,0,39.88,47.4,2,1,75
7212,1,7212,variant_mid,12.99,10.0,2024-07-21,1,0,0,133.08,44.1,1,1,26
7213,1,7213,variant_mid,12.99,10.0,2024-06-02,1,1,0,43.53,33.0,1,1,52
7214,1,7214,control,9.99,0.0,2025-06-07,0,0,0,457.47,0.0,0,1,31
7215,1,7215,variant_high,14.99,15.0,2024-09-02,0,0,0,190.61,42.4,4,1,76
7216,1,7216,control,9.99,0.0,2025-04-08,1,0,0,57.19,64.6,1,1,85
7217,1,7217,variant_high,14.99,15.0,2024-06-30,0,0,0,92.23,16.8,2,1,32
7218,1,7218,variant_mid,12.99,10.0,2025-12-01,1,1,0,82.29,55.0,1,1,60
7219,1,7219,variant_mid,12.99,10.0,2024-06-15,0,0,0,42.58,5.8,4,1,50
7220,1,7220,variant_high,14.99,15.0,2025-12-19,0,0,0,109.06,3.0,2,0,50
7221,1,7221,variant_mid,12.99,10.0,2025-07-25,0,0,0,49.1,0.0,3,1,12
7222,1,7222,variant_mid,12.99,10.0,2024-11-13,1,1,1,245.04,100.0,3,1,84
7223,1,7223,control,9.99,0.0,2025-05-24,0,0,0,156.23,28.5,5,1,16
7224,1,7224,control,9.99,0.0,2025-11-20,1,1,1,125.68,72.1,1,1,80
7225,1,7225,variant_mid,12.99,10.0,2025-04-06,0,0,0,256.22,0.0,2,1,17
7226,1,7226,variant_mid,12.99,10.0,2025-12-07,1,0,0,77.7,42.4,1,1,21
7227,1,7227,variant_mid,12.99,10.0,2025-11-02,0,0,0,61.13,0.0,1,1,19
7228,1,7228,variant_mid,12.99,10.0,2025-10-01,0,0,0,26.12,0.0,4,1,79
7229,1,7229,control,9.99,0.0,2025-11-04,0,0,0,145.15,13.3,2,0,13
7230,1,7230,variant_high,14.99,15.0,2025-11-29,0,0,0,138.72,30.8,1,1,69
7231,1,7231,variant_high,14.99,15.0,2024-01-19,0,0,0,45.44,33.3,3,1,79
7232,1,7232,variant_high,14.99,15.0,2025-03-23,0,0,0,116.67,9.0,4,1,28
7233,1,7233,control,9.99,0.0,2025-05-18,0,0,0,112.19,0.0,2,1,39
7234,1,7234,control,9.99,0.0,2024-04-11,1,1,1,197.65,98.0,6,1,21
7235,1,7235,control,9.99,0.0,2025-05-04,0,0,0,107.56,0.0,2,1,4
7236,1,7236,variant_high,14.99,15.0,2025-10-09,0,0,0,125.89,40.8,3,1,62
7237,1,7237,variant_mid,12.99,10.0,2025-06-28,0,0,0,42.15,18.2,0,1,89
7238,1,7238,variant_high,14.99,15.0,2024-08-21,0,0,0,84.13,0.0,2,1,12
7239,1,7239,variant_high,14.99,15.0,2024-12-30,1,0,0,21.41,70.9,3,1,36
7240,1,7240,control,9.99,0.0,2025-11-10,1,1,1,70.74,50.7,3,1,51
7241,1,7241,variant_mid,12.99,10.0,2024-07-28,0,0,0,56.46,0.0,1,0,79
7242,1,7242,variant_mid,12.99,10.0,2025-01-20,1,1,0,101.68,59.4,1,1,84
7243,1,7243,variant_mid,12.99,10.0,2025-09-13,1,1,1,42.95,45.0,5,0,77
7244,1,7244,variant_high,14.99,15.0,2025-01-02,1,1,0,44.73,69.0,2,1,53
7245,1,7245,control,9.99,0.0,2024-03-27,1,0,0,43.08,43.2,3,1,9
7246,1,7246,variant_high,14.99,15.0,2025-09-16,0,0,0,84.85,40.0,2,0,47
7247,1,7247,control,9.99,0.0,2024-09-23,1,0,0,45.41,57.8,2,1,2
7248,1,7248,variant_high,14.99,15.0,2024-10-29,1,1,0,38.2,68.1,0,1,55
7249,1,7249,control,9.99,0.0,2025-09-14,1,0,0,89.72,69.0,1,0,57
7250,1,7250,variant_mid,12.99,10.0,2024-03-20,1,1,1,130.86,65.5,2,0,57
7251,1,7251,variant_mid,12.99,10.0,2025-07-04,1,0,0,80.95,81.3,2,1,66
7252,1,7252,variant_mid,12.99,10.0,2025-07-28,1,1,0,40.88,46.6,3,1,45
7253,1,7253,variant_high,14.99,15.0,2025-10-30,0,0,0,67.13,0.0,2,1,26
7254,1,7254,variant_high,14.99,15.0,2024-08-18,0,0,0,26.03,37.5,3,0,54
7255,1,7255,control,9.99,0.0,2024-01-26,0,0,0,37.69,0.0,4,0,31
7256,1,7256,variant_mid,12.99,10.0,2025-09-27,1,1,0,746.04,72.7,1,0,0
7257,1,7257,control,9.99,0.0,2024-05-12,0,0,0,371.89,38.1,3,1,7
7258,1,7258,control,9.99,0.0,2025-11-01,1,0,0,358.84,80.6,1,1,30
7259,1,7259,control,9.99,0.0,2025-06-08,0,0,0,60.35,0.0,2,1,18
7260,1,7260,control,9.99,0.0,2024-11-01,1,1,1,231.51,49.8,1,1,33
7261,1,7261,variant_high,14.99,15.0,2024-10-11,0,0,0,157.07,15.0,0,1,16
7262,1,7262,variant_high,14.99,15.0,2025-05-19,0,0,0,165.55,19.8,3,0,38
7263,1,7263,control,9.99,0.0,2025-09-19,1,0,0,129.71,68.9,0,0,53
7264,1,7264,variant_high,14.99,15.0,2024-01-23,1,1,1,65.61,71.3,3,0,87
7265,1,7265,control,9.99,0.0,2024-02-01,0,0,0,11.17,2.8,3,1,24
7266,1,7266,variant_mid,12.99,10.0,2025-08-22,1,0,0,45.66,55.6,2,0,10
7267,1,7267,control,9.99,0.0,2024-11-03,1,0,0,71.92,52.6,1,1,47
7268,1,7268,control,9.99,0.0,2024-12-07,1,0,0,65.67,47.7,5,1,7
7269,1,7269,variant_mid,12.99,10.0,2024-01-13,1,1,1,92.1,68.5,6,1,44
7270,1,7270,variant_high,14.99,15.0,2024-07-25,1,1,1,49.79,27.8,1,0,6
7271,1,7271,variant_mid,12.99,10.0,2025-03-31,0,0,0,78.54,0.5,1,0,78
7272,1,7272,variant_high,14.99,15.0,2025-10-01,1,1,1,287.56,62.2,2,1,78
7273,1,7273,control,9.99,0.0,2024-04-04,0,0,0,243.46,15.6,1,1,73
7274,1,7274,variant_mid,12.99,10.0,2024-10-29,0,0,0,203.37,0.0,1,1,43
7275,1,7275,control,9.99,0.0,2025-07-10,0,0,0,263.35,43.7,1,1,25
7276,1,7276,control,9.99,0.0,2025-08-24,1,0,0,52.44,33.9,3,1,61
7277,1,7277,control,9.99,0.0,2024-12-28,0,0,0,128.8,24.7,3,1,13
7278,1,7278,control,9.99,0.0,2024-11-08,0,0,0,428.95,0.0,5,1,72
7279,1,7279,variant_high,14.99,15.0,2025-09-03,0,0,0,240.92,0.0,4,1,31
7280,1,7280,variant_mid,12.99,10.0,2025-11-25,1,0,0,66.36,79.8,4,1,75
7281,1,7281,variant_mid,12.99,10.0,2025-08-01,0,0,0,128.08,38.8,1,1,27
7282,1,7282,control,9.99,0.0,2025-05-20,0,0,0,1259.96,21.5,4,0,6
7283,1,7283,control,9.99,0.0,2025-05-31,1,1,1,70.04,91.2,1,0,79
7284,1,7284,variant_mid,12.99,10.0,2025-05-20,0,0,0,150.17,33.7,0,1,20
7285,1,7285,control,9.99,0.0,2025-01-28,0,0,0,146.57,10.8,2,1,21
7286,1,7286,control,9.99,0.0,2024-04-02,1,1,0,29.05,47.6,1,0,59
7287,1,7287,control,9.99,0.0,2025-10-30,1,0,0,668.9,26.4,1,1,19
7288,1,7288,variant_high,14.99,15.0,2025-07-08,1,0,0,114.56,35.1,1,1,85
7289,1,7289,variant_mid,12.99,10.0,2024-09-15,1,1,1,175.89,78.6,1,1,42
7290,1,7290,control,9.99,0.0,2025-01-20,1,1,1,326.23,91.2,0,1,51
7291,1,7291,variant_mid,12.99,10.0,2024-03-07,0,0,0,42.86,9.7,2,1,39
7292,1,7292,variant_high,14.99,15.0,2025-06-11,1,1,1,283.37,48.6,2,1,22
7293,1,7293,control,9.99,0.0,2024-11-12,0,0,0,51.15,0.0,4,1,9
7294,1,7294,control,9.99,0.0,2025-09-30,0,0,0,180.46,9.0,3,1,47
7295,1,7295,variant_high,14.99,15.0,2024-06-24,1,0,0,39.25,77.8,4,1,72
7296,1,7296,variant_high,14.99,15.0,2025-06-02,1,1,0,128.2,58.6,3,1,9
7297,1,7297,variant_mid,12.99,10.0,2024-09-07,0,0,0,91.1,5.2,5,1,34
7298,1,7298,control,9.99,0.0,2025-01-13,1,0,0,118.49,92.4,1,1,7
7299,1,7299,control,9.99,0.0,2024-09-09,1,0,0,311.65,60.1,1,1,53
7300,1,7300,variant_high,14.99,15.0,2025-09-14,1,0,0,333.89,48.2,4,1,1
7301,1,7301,variant_high,14.99,15.0,2024-06-17,0,0,0,169.94,10.0,4,0,45
7302,1,7302,variant_mid,12.99,10.0,2025-07-12,1,0,0,205.91,62.2,2,1,13
7303,1,7303,control,9.99,0.0,2024-01-27,0,0,0,578.32,0.0,2,1,41
7304,1,7304,control,9.99,0.0,2025-07-23,1,0,0,145.09,2.5,3,1,40
7305,1,7305,variant_high,14.99,15.0,2024-12-16,1,1,0,70.07,72.1,1,1,81
7306,1,7306,variant_mid,12.99,10.0,2025-11-09,0,0,0,107.75,13.5,1,1,52
7307,1,7307,variant_mid,12.99,10.0,2024-11-11,0,0,0,328.84,2.9,1,1,28
7308,1,7308,variant_mid,12.99,10.0,2024-04-28,1,0,0,61.6,65.1,1,1,21
7309,1,7309,variant_high,14.99,15.0,2025-05-12,0,0,0,260.14,3.8,3,1,28
7310,1,7310,variant_mid,12.99,10.0,2025-01-16,0,0,0,208.32,14.8,2,1,21
7311,1,7311,control,9.99,0.0,2024-02-03,1,0,0,232.56,60.4,3,1,87
7312,1,7312,variant_high,14.99,15.0,2024-04-07,1,1,0,54.79,83.1,3,1,71
7313,1,7313,control,9.99,0.0,2025-01-11,1,0,0,368.8,40.4,0,1,15
7314,1,7314,variant_mid,12.99,10.0,2025-07-16,1,1,1,474.93,37.1,8,1,87
7315,1,7315,control,9.99,0.0,2025-12-28,0,0,0,42.64,35.4,2,1,27
7316,1,7316,variant_high,14.99,15.0,2024-11-30,1,0,0,2206.56,47.9,3,1,44
7317,1,7317,variant_mid,12.99,10.0,2025-12-06,1,1,0,77.86,97.1,5,0,75
7318,1,7318,control,9.99,0.0,2025-06-13,1,1,1,141.62,72.4,5,1,24
7319,1,7319,variant_mid,12.99,10.0,2025-02-14,1,1,1,111.16,49.1,5,1,89
7320,1,7320,variant_mid,12.99,10.0,2024-04-01,0,0,0,686.66,32.6,3,1,69
7321,1,7321,variant_mid,12.99,10.0,2025-09-18,0,0,0,244.66,11.9,1,1,17
7322,1,7322,control,9.99,0.0,2025-04-06,0,0,0,33.48,13.4,1,1,21
7323,1,7323,control,9.99,0.0,2025-08-02,0,0,0,13.72,0.0,2,0,6
7324,1,7324,variant_high,14.99,15.0,2024-03-27,0,0,0,43.42,13.1,2,1,59
7325,1,7325,control,9.99,0.0,2025-11-29,0,0,0,297.99,21.3,1,1,84
7326,1,7326,variant_mid,12.99,10.0,2024-09-27,1,0,0,90.5,64.6,2,1,74
7327,1,7327,control,9.99,0.0,2024-11-03,1,0,0,26.74,68.7,2,0,74
7328,1,7328,variant_high,14.99,15.0,2025-01-28,0,0,0,71.92,31.4,5,0,59
7329,1,7329,variant_mid,12.99,10.0,2024-02-13,1,1,0,40.29,44.5,7,1,67
7330,1,7330,variant_high,14.99,15.0,2025-05-23,1,1,0,106.68,59.7,3,1,22
7331,1,7331,variant_mid,12.99,10.0,2024-07-20,1,0,0,92.94,43.3,2,1,72
7332,1,7332,variant_mid,12.99,10.0,2025-01-20,1,1,1,24.66,40.6,5,1,66
7333,1,7333,variant_high,14.99,15.0,2025-01-26,0,0,0,267.24,0.0,1,1,41
7334,1,7334,variant_high,14.99,15.0,2025-06-20,0,0,0,63.72,5.5,5,1,72
7335,1,7335,variant_high,14.99,15.0,2025-08-08,0,0,0,376.67,7.5,4,1,60
7336,1,7336,variant_high,14.99,15.0,2024-05-26,1,0,0,52.5,78.6,3,1,24
7337,1,7337,variant_mid,12.99,10.0,2025-08-15,1,1,1,29.12,32.9,4,1,20
7338,1,7338,variant_mid,12.99,10.0,2025-04-16,0,0,0,172.71,19.0,1,0,46
7339,1,7339,variant_mid,12.99,10.0,2025-11-11,1,0,0,71.12,46.7,2,0,68
7340,1,7340,variant_high,14.99,15.0,2024-10-19,0,0,0,272.01,32.0,0,1,49
7341,1,7341,variant_high,14.99,15.0,2025-02-26,0,0,0,92.3,0.0,0,1,36
7342,1,7342,variant_mid,12.99,10.0,2024-05-04,1,0,0,220.45,48.0,5,0,50
7343,1,7343,variant_mid,12.99,10.0,2024-09-17,0,0,0,54.6,0.0,1,1,59
7344,1,7344,control,9.99,0.0,2025-09-19,0,0,0,235.94,37.5,3,0,65
7345,1,7345,variant_high,14.99,15.0,2025-08-08,1,0,0,73.01,57.6,3,1,19
7346,1,7346,variant_high,14.99,15.0,2025-12-13,0,0,0,221.44,26.2,4,1,54
7347,1,7347,variant_high,14.99,15.0,2025-09-18,1,1,1,134.1,72.0,3,1,55
7348,1,7348,variant_mid,12.99,10.0,2024-06-26,0,0,0,203.44,1.1,7,1,9
7349,1,7349,variant_high,14.99,15.0,2024-08-26,1,1,1,228.99,89.4,2,0,89
7350,1,7350,control,9.99,0.0,2024-05-14,0,0,0,24.31,25.3,0,1,74
7351,1,7351,variant_mid,12.99,10.0,2025-01-05,0,0,0,99.35,0.0,1,1,17
7352,1,7352,variant_mid,12.99,10.0,2025-07-20,0,0,0,47.25,30.1,1,1,39
7353,1,7353,variant_mid,12.99,10.0,2025-09-06,0,0,0,90.28,17.6,4,1,88
7354,1,7354,control,9.99,0.0,2026-01-04,1,0,0,302.86,69.7,6,1,56
7355,1,7355,control,9.99,0.0,2024-09-26,0,0,0,32.06,34.7,0,1,65
7356,1,7356,variant_high,14.99,15.0,2024-11-11,1,0,0,15.72,38.2,5,1,57
7357,1,7357,variant_mid,12.99,10.0,2025-03-12,1,1,1,90.85,82.4,2,0,12
7358,1,7358,control,9.99,0.0,2025-08-19,0,0,0,149.53,7.9,1,1,51
7359,1,7359,variant_high,14.99,15.0,2025-12-22,1,0,0,162.34,88.1,3,0,47
7360,1,7360,control,9.99,0.0,2024-04-28,0,0,0,326.76,0.0,1,0,71
7361,1,7361,control,9.99,0.0,2024-09-12,1,1,1,118.68,84.0,1,1,35
7362,1,7362,control,9.99,0.0,2024-06-17,0,0,0,28.87,0.0,3,1,73
7363,1,7363,control,9.99,0.0,2024-07-03,1,1,0,316.85,56.2,4,1,19
7364,1,7364,variant_high,14.99,15.0,2024-04-24,1,1,1,14.43,63.9,1,1,84
7365,1,7365,variant_high,14.99,15.0,2025-03-29,0,0,0,202.03,44.1,3,1,28
7366,1,7366,variant_high,14.99,15.0,2025-05-02,1,1,1,247.44,44.0,2,1,70
7367,1,7367,variant_mid,12.99,10.0,2024-11-26,0,0,0,222.03,5.0,3,1,61
7368,1,7368,variant_mid,12.99,10.0,2025-03-11,1,1,0,26.07,44.3,3,1,52
7369,1,7369,variant_mid,12.99,10.0,2025-06-07,1,0,0,77.0,36.8,0,1,43
7370,1,7370,variant_high,14.99,15.0,2025-04-30,1,1,0,102.48,54.2,4,1,14
7371,1,7371,variant_mid,12.99,10.0,2025-12-09,1,1,1,50.01,98.3,1,1,85
7372,1,7372,variant_mid,12.99,10.0,2024-05-15,1,1,0,93.22,77.1,5,1,21
7373,1,7373,control,9.99,0.0,2025-12-14,0,0,0,5.0,7.3,2,1,44
7374,1,7374,control,9.99,0.0,2024-03-02,1,0,0,64.36,64.3,1,1,58
7375,1,7375,control,9.99,0.0,2024-01-25,0,0,0,76.12,0.0,4,1,1
7376,1,7376,variant_high,14.99,15.0,2025-02-07,0,0,0,461.87,0.0,4,1,69
7377,1,7377,variant_mid,12.99,10.0,2024-12-24,1,1,1,107.6,39.4,4,0,64
7378,1,7378,variant_high,14.99,15.0,2025-01-31,0,0,0,23.26,0.0,5,1,54
7379,1,7379,variant_mid,12.99,10.0,2026-01-13,0,0,0,10.46,0.0,1,1,29
7380,1,7380,variant_mid,12.99,10.0,2024-11-05,1,0,0,37.08,78.6,0,1,89
7381,1,7381,variant_mid,12.99,10.0,2025-09-29,1,1,1,115.88,81.7,4,1,40
7382,1,7382,control,9.99,0.0,2025-05-31,0,0,0,5.0,0.0,2,1,11
7383,1,7383,variant_high,14.99,15.0,2024-03-06,0,0,0,100.66,35.4,2,1,33
7384,1,7384,control,9.99,0.0,2024-11-11,0,0,0,76.98,29.4,2,1,33
7385,1,7385,variant_high,14.99,15.0,2024-04-15,0,0,0,57.07,0.0,2,1,85
7386,1,7386,control,9.99,0.0,2025-09-21,1,1,0,47.19,60.0,1,1,47
7387,1,7387,variant_mid,12.99,10.0,2024-10-02,0,0,0,139.51,12.3,1,1,41
7388,1,7388,variant_mid,12.99,10.0,2025-07-31,1,1,1,71.52,63.3,2,1,33
7389,1,7389,control,9.99,0.0,2024-02-24,0,0,0,70.83,0.0,0,1,4
7390,1,7390,variant_mid,12.99,10.0,2024-09-18,1,0,0,414.58,59.8,5,1,72
7391,1,7391,variant_mid,12.99,10.0,2025-08-17,0,0,0,124.03,26.2,6,1,36
7392,1,7392,variant_high,14.99,15.0,2025-10-19,1,0,0,20.59,81.5,1,1,11
7393,1,7393,variant_mid,12.99,10.0,2024-02-07,0,0,0,786.5,13.0,2,0,4
7394,1,7394,control,9.99,0.0,2024-12-29,0,0,0,79.36,11.7,1,1,73
7395,1,7395,control,9.99,0.0,2025-10-03,0,0,0,54.68,23.4,3,1,72
7396,1,7396,variant_high,14.99,15.0,2024-12-05,0,0,0,159.44,14.9,4,1,18
7397,1,7397,control,9.99,0.0,2024-08-15,0,0,0,531.89,5.3,2,1,43
7398,1,7398,variant_mid,12.99,10.0,2025-06-19,1,0,0,87.79,37.3,1,0,8
7399,1,7399,control,9.99,0.0,2025-08-11,1,1,1,53.93,46.7,0,0,57
7400,1,7400,variant_mid,12.99,10.0,2025-12-07,0,0,0,46.83,19.3,4,1,38
7401,1,7401,variant_mid,12.99,10.0,2025-11-15,1,1,1,656.01,35.9,3,0,66
7402,1,7402,variant_high,14.99,15.0,2024-02-04,1,1,1,773.21,56.5,1,0,6
7403,1,7403,variant_mid,12.99,10.0,2025-08-30,1,1,0,10.9,72.1,2,1,44
7404,1,7404,control,9.99,0.0,2024-05-24,1,0,0,10.72,56.3,2,1,68
7405,1,7405,variant_mid,12.99,10.0,2025-09-14,1,1,1,106.35,77.6,3,1,8
7406,1,7406,control,9.99,0.0,2025-08-22,0,0,0,45.02,12.5,4,1,37
7407,1,7407,variant_high,14.99,15.0,2024-06-27,0,0,0,83.4,22.2,0,1,36
7408,1,7408,variant_mid,12.99,10.0,2024-11-22,1,1,0,43.84,58.7,2,0,4
7409,1,7409,variant_high,14.99,15.0,2025-07-21,1,1,0,111.08,27.7,3,0,80
7410,1,7410,variant_high,14.99,15.0,2025-09-23,0,0,0,62.73,11.1,0,1,47
7411,1,7411,control,9.99,0.0,2025-10-02,0,0,0,77.25,20.9,4,1,4
7412,1,7412,variant_high,14.99,15.0,2024-09-17,1,1,0,48.56,56.1,3,1,58
7413,1,7413,variant_high,14.99,15.0,2024-03-02,0,0,0,106.49,0.4,5,1,68
7414,1,7414,variant_high,14.99,15.0,2025-12-23,0,0,0,158.58,0.0,3,1,63
7415,1,7415,variant_mid,12.99,10.0,2025-09-28,1,0,0,133.35,58.4,2,1,69
7416,1,7416,variant_high,14.99,15.0,2024-06-06,1,0,0,44.2,37.4,3,1,10
7417,1,7417,control,9.99,0.0,2025-03-02,1,0,0,141.19,69.1,2,1,5
7418,1,7418,variant_high,14.99,15.0,2025-12-13,0,0,0,247.21,0.0,2,1,9
7419,1,7419,control,9.99,0.0,2024-09-13,0,0,0,30.31,6.1,1,1,54
7420,1,7420,variant_high,14.99,15.0,2025-08-11,0,0,0,311.83,21.1,1,1,62
7421,1,7421,variant_high,14.99,15.0,2024-12-31,1,0,0,274.26,59.9,2,1,18
7422,1,7422,variant_high,14.99,15.0,2025-12-27,0,0,0,130.86,9.9,2,1,20
7423,1,7423,variant_high,14.99,15.0,2024-10-27,1,0,0,63.87,60.8,3,1,10
7424,1,7424,variant_high,14.99,15.0,2024-05-09,0,0,0,28.18,7.4,5,1,70
7425,1,7425,variant_high,14.99,15.0,2025-12-02,1,0,0,97.68,80.3,3,1,1
7426,1,7426,variant_mid,12.99,10.0,2024-09-20,1,1,1,536.35,53.9,5,1,34
7427,1,7427,control,9.99,0.0,2024-07-29,1,0,0,68.29,93.1,1,1,83
7428,1,7428,variant_high,14.99,15.0,2024-05-29,1,1,1,182.82,66.1,3,0,39
7429,1,7429,variant_mid,12.99,10.0,2024-11-10,1,1,0,157.66,49.8,2,1,53
7430,1,7430,variant_high,14.99,15.0,2025-09-12,0,0,0,197.71,33.2,6,1,85
7431,1,7431,variant_mid,12.99,10.0,2024-09-12,1,0,0,1006.39,47.3,3,1,28
7432,1,7432,variant_mid,12.99,10.0,2024-07-14,0,0,0,133.48,0.0,2,1,35
7433,1,7433,variant_mid,12.99,10.0,2024-12-07,1,0,0,248.73,74.5,3,0,39
7434,1,7434,variant_high,14.99,15.0,2025-01-31,1,0,0,8.13,51.2,2,1,24
7435,1,7435,control,9.99,0.0,2025-09-01,1,1,1,496.27,33.5,1,0,71
7436,1,7436,variant_mid,12.99,10.0,2024-06-06,0,0,0,128.99,3.7,1,1,3
7437,1,7437,control,9.99,0.0,2024-09-09,0,0,0,64.35,25.4,2,0,76
7438,1,7438,variant_mid,12.99,10.0,2025-06-15,0,0,0,23.47,19.0,3,1,51
7439,1,7439,variant_mid,12.99,10.0,2024-11-11,0,0,0,287.35,0.0,6,1,2
7440,1,7440,control,9.99,0.0,2025-06-28,0,0,0,38.02,26.3,0,1,8
7441,1,7441,variant_high,14.99,15.0,2024-11-26,0,0,0,71.76,21.7,6,1,13
7442,1,7442,variant_high,14.99,15.0,2024-04-03,0,0,0,83.46,0.0,1,0,70
7443,1,7443,variant_high,14.99,15.0,2025-10-05,0,0,0,75.77,0.0,1,0,29
7444,1,7444,variant_high,14.99,15.0,2025-06-02,1,1,0,30.28,91.4,3,1,81
7445,1,7445,control,9.99,0.0,2024-04-18,1,1,0,56.89,69.6,1,1,44
7446,1,7446,variant_mid,12.99,10.0,2024-05-17,0,0,0,209.49,0.0,1,1,34
7447,1,7447,variant_high,14.99,15.0,2024-09-24,0,0,0,340.55,14.3,3,1,56
7448,1,7448,variant_high,14.99,15.0,2025-12-08,0,0,0,16.95,3.1,3,1,6
7449,1,7449,variant_high,14.99,15.0,2024-08-26,1,0,0,423.06,34.6,3,0,6
7450,1,7450,variant_mid,12.99,10.0,2025-10-13,0,0,0,44.77,6.5,1,1,6
7451,1,7451,variant_high,14.99,15.0,2025-01-08,0,0,0,47.52,9.4,1,1,35
7452,1,7452,variant_high,14.99,15.0,2024-05-30,0,0,0,39.18,12.7,2,0,53
7453,1,7453,variant_mid,12.99,10.0,2024-04-12,0,0,0,193.89,3.8,4,1,38
7454,1,7454,control,9.99,0.0,2024-09-21,0,0,0,184.18,11.2,2,0,53
7455,1,7455,variant_high,14.99,15.0,2024-06-29,0,0,0,66.77,46.4,2,1,34
7456,1,7456,variant_mid,12.99,10.0,2025-03-12,1,1,1,240.38,58.9,2,1,59
7457,1,7457,variant_high,14.99,15.0,2025-12-17,1,0,0,27.14,71.1,2,1,33
7458,1,7458,control,9.99,0.0,2025-08-11,0,0,0,59.87,0.0,0,1,88
7459,1,7459,control,9.99,0.0,2024-08-24,0,0,0,314.05,0.0,2,1,11
7460,1,7460,variant_high,14.99,15.0,2025-12-03,1,0,0,116.56,60.0,7,1,54
7461,1,7461,control,9.99,0.0,2025-12-12,1,1,0,111.7,60.7,4,1,19
7462,1,7462,variant_mid,12.99,10.0,2024-11-01,0,0,0,573.2,10.9,3,1,63
7463,1,7463,variant_mid,12.99,10.0,2025-01-10,1,1,0,175.85,62.7,3,1,55
7464,1,7464,control,9.99,0.0,2025-01-05,0,0,0,75.58,13.7,2,1,32
7465,1,7465,variant_mid,12.99,10.0,2024-11-09,0,0,0,18.04,6.3,4,0,61
7466,1,7466,control,9.99,0.0,2024-05-03,1,1,1,11.55,56.7,0,1,71
7467,1,7467,control,9.99,0.0,2025-10-29,1,1,1,214.45,60.9,0,1,52
7468,1,7468,variant_high,14.99,15.0,2024-09-21,1,0,0,115.68,58.6,4,1,2
7469,1,7469,variant_mid,12.99,10.0,2024-03-08,0,0,0,37.72,9.4,3,1,57
7470,1,7470,variant_high,14.99,15.0,2025-12-30,1,1,1,36.99,37.2,3,0,49
7471,1,7471,variant_mid,12.99,10.0,2024-04-05,0,0,0,21.99,7.3,2,1,78
7472,1,7472,variant_high,14.99,15.0,2025-11-20,0,0,0,108.56,5.0,3,1,61
7473,1,7473,control,9.99,0.0,2024-04-28,1,0,0,71.33,52.2,0,1,21
7474,1,7474,control,9.99,0.0,2024-11-01,0,0,0,167.9,0.0,1,1,66
7475,1,7475,control,9.99,0.0,2025-01-25,0,0,0,33.42,10.2,4,0,4
7476,1,7476,control,9.99,0.0,2024-06-21,1,0,0,146.32,45.8,1,1,25
7477,1,7477,variant_high,14.99,15.0,2025-03-06,1,0,0,65.35,34.4,0,1,37
7478,1,7478,variant_mid,12.99,10.0,2025-02-28,0,0,0,88.75,15.7,1,1,71
7479,1,7479,variant_mid,12.99,10.0,2025-10-07,0,0,0,91.83,12.6,1,1,13
7480,1,7480,variant_mid,12.99,10.0,2024-11-12,1,1,1,52.7,48.8,2,1,7
7481,1,7481,control,9.99,0.0,2025-10-20,1,0,0,57.03,46.0,0,1,23
7482,1,7482,variant_high,14.99,15.0,2025-07-13,0,0,0,86.86,40.6,4,1,43
7483,1,7483,variant_mid,12.99,10.0,2025-08-17,0,0,0,151.76,39.3,3,0,49
7484,1,7484,control,9.99,0.0,2025-04-19,0,0,0,356.03,25.9,3,1,77
7485,1,7485,variant_mid,12.99,10.0,2024-05-25,1,1,0,114.05,52.7,1,1,26
7486,1,7486,control,9.99,0.0,2025-05-03,1,1,0,47.36,62.2,1,1,67
7487,1,7487,variant_high,14.99,15.0,2025-06-07,1,0,0,80.08,32.6,3,1,81
7488,1,7488,variant_mid,12.99,10.0,2024-10-20,1,0,0,1540.24,29.1,3,0,72
7489,1,7489,variant_high,14.99,15.0,2025-04-10,0,0,0,39.81,9.8,3,0,20
7490,1,7490,variant_high,14.99,15.0,2025-04-08,1,0,0,809.15,86.0,3,1,1
7491,1,7491,control,9.99,0.0,2025-05-03,1,1,0,185.5,70.5,2,1,20
7492,1,7492,control,9.99,0.0,2025-05-18,1,1,1,138.13,63.9,4,1,74
7493,1,7493,variant_high,14.99,15.0,2025-05-08,0,0,0,33.09,40.0,5,0,18
7494,1,7494,variant_mid,12.99,10.0,2025-05-05,1,1,1,367.07,68.8,4,0,72
7495,1,7495,variant_mid,12.99,10.0,2024-09-01,1,1,0,360.23,62.2,2,1,41
7496,1,7496,variant_mid,12.99,10.0,2025-06-09,1,1,1,6.72,60.0,4,1,0
7497,1,7497,variant_mid,12.99,10.0,2024-04-26,1,1,1,124.06,45.8,3,0,86
7498,1,7498,variant_mid,12.99,10.0,2025-10-25,0,0,0,60.06,0.0,3,0,2
7499,1,7499,variant_high,14.99,15.0,2025-08-08,1,1,0,188.96,92.6,4,1,87
7500,1,7500,variant_mid,12.99,10.0,2024-07-20,1,1,1,179.48,47.0,2,1,71
7501,1,7501,control,9.99,0.0,2024-03-12,0,0,0,178.12,0.0,4,1,20
7502,1,7502,control,9.99,0.0,2024-04-24,1,1,1,261.5,65.2,1,1,19
7503,1,7503,variant_high,14.99,15.0,2025-05-20,1,1,1,95.05,72.2,3,1,29
7504,1,7504,variant_mid,12.99,10.0,2024-02-11,1,0,0,96.36,69.2,2,1,31
7505,1,7505,variant_mid,12.99,10.0,2024-03-17,0,0,0,1066.25,4.9,4,0,23
7506,1,7506,control,9.99,0.0,2025-06-05,1,0,0,60.25,46.3,0,1,46
7507,1,7507,variant_high,14.99,15.0,2024-12-31,1,1,1,174.93,70.5,3,1,0
7508,1,7508,variant_mid,12.99,10.0,2024-09-19,0,0,0,35.76,10.4,4,1,57
7509,1,7509,variant_high,14.99,15.0,2024-07-24,1,0,0,257.4,55.6,5,1,84
7510,1,7510,control,9.99,0.0,2025-01-14,0,0,0,151.06,28.6,0,1,9
7511,1,7511,control,9.99,0.0,2024-08-10,1,1,1,604.74,62.4,2,1,15
7512,1,7512,control,9.99,0.0,2024-02-29,0,0,0,100.84,16.3,2,1,64
7513,1,7513,variant_mid,12.99,10.0,2024-12-17,0,0,0,397.39,0.0,2,0,23
7514,1,7514,variant_high,14.99,15.0,2025-11-24,0,0,0,62.46,34.5,4,1,49
7515,1,7515,variant_mid,12.99,10.0,2025-01-14,0,0,0,87.38,15.3,3,0,43
7516,1,7516,variant_high,14.99,15.0,2025-03-20,0,0,0,158.88,21.7,3,1,84
7517,1,7517,variant_high,14.99,15.0,2024-09-14,1,0,0,267.68,52.7,0,1,87
7518,1,7518,control,9.99,0.0,2024-04-15,1,1,1,255.92,46.8,1,1,63
7519,1,7519,variant_mid,12.99,10.0,2025-07-05,1,0,0,213.7,58.9,2,0,59
7520,1,7520,variant_high,14.99,15.0,2024-11-08,1,0,0,89.23,48.3,1,1,87
7521,1,7521,variant_mid,12.99,10.0,2024-03-14,0,0,0,44.64,11.6,1,1,75
7522,1,7522,control,9.99,0.0,2024-08-18,1,0,0,162.05,63.8,2,0,30
7523,1,7523,variant_high,14.99,15.0,2024-01-26,1,1,1,716.75,52.6,3,1,58
7524,1,7524,variant_mid,12.99,10.0,2025-09-30,1,1,1,191.85,72.4,3,1,51
7525,1,7525,variant_high,14.99,15.0,2026-01-07,0,0,0,89.89,6.6,2,1,72
7526,1,7526,variant_mid,12.99,10.0,2025-10-21,1,1,1,347.35,60.9,1,0,54
7527,1,7527,variant_mid,12.99,10.0,2025-09-02,0,0,0,358.21,6.7,1,1,25
7528,1,7528,variant_mid,12.99,10.0,2025-08-12,1,1,1,777.67,42.4,4,0,74
7529,1,7529,variant_high,14.99,15.0,2024-12-23,1,0,0,475.79,55.7,4,1,32
7530,1,7530,variant_high,14.99,15.0,2024-10-26,0,0,0,334.91,19.3,4,1,22
7531,1,7531,variant_mid,12.99,10.0,2024-03-18,1,0,0,193.88,35.9,1,0,4
7532,1,7532,control,9.99,0.0,2025-11-22,0,0,0,43.02,21.2,2,1,39
7533,1,7533,control,9.99,0.0,2024-01-25,1,1,1,43.21,87.2,2,1,17
7534,1,7534,control,9.99,0.0,2024-08-05,1,0,0,55.77,78.7,1,0,85
7535,1,7535,variant_mid,12.99,10.0,2024-11-13,1,0,0,157.69,30.7,4,1,51
7536,1,7536,variant_mid,12.99,10.0,2025-05-06,1,0,0,33.46,50.7,2,1,9
7537,1,7537,control,9.99,0.0,2026-01-13,0,0,0,29.17,21.3,1,1,1
7538,1,7538,variant_mid,12.99,10.0,2025-02-02,1,0,0,180.39,32.9,3,1,0
7539,1,7539,variant_high,14.99,15.0,2025-08-26,1,0,0,166.23,40.9,5,1,2
7540,1,7540,control,9.99,0.0,2024-11-19,0,0,0,21.98,20.1,0,0,63
7541,1,7541,variant_high,14.99,15.0,2026-01-07,0,0,0,241.49,0.0,3,0,24
7542,1,7542,control,9.99,0.0,2024-05-27,0,0,0,42.41,15.0,4,1,74
7543,1,7543,variant_mid,12.99,10.0,2024-11-08,1,0,0,90.0,64.4,3,1,7
7544,1,7544,variant_high,14.99,15.0,2024-07-01,1,0,0,157.51,80.0,4,1,56
7545,1,7545,control,9.99,0.0,2024-07-26,0,0,0,54.01,29.7,3,1,61
7546,1,7546,variant_high,14.99,15.0,2025-08-27,0,0,0,323.64,0.0,3,1,78
7547,1,7547,control,9.99,0.0,2025-06-22,0,0,0,267.5,0.0,5,0,79
7548,1,7548,variant_mid,12.99,10.0,2025-05-22,1,1,0,58.81,81.9,1,1,22
7549,1,7549,control,9.99,0.0,2024-03-05,0,0,0,96.29,2.8,3,1,14
7550,1,7550,variant_mid,12.99,10.0,2025-11-10,1,0,0,137.82,52.3,1,1,69
7551,1,7551,control,9.99,0.0,2025-11-26,1,1,1,279.85,56.5,1,1,5
7552,1,7552,variant_high,14.99,15.0,2025-05-18,0,0,0,213.03,5.9,4,1,78
7553,1,7553,control,9.99,0.0,2024-10-28,1,0,0,232.37,36.8,4,1,60
7554,1,7554,variant_high,14.99,15.0,2024-02-28,0,0,0,93.25,6.1,1,1,38
7555,1,7555,control,9.99,0.0,2024-12-01,0,0,0,174.7,0.0,2,1,15
7556,1,7556,control,9.99,0.0,2024-04-07,0,0,0,22.65,0.0,4,1,43
7557,1,7557,variant_mid,12.99,10.0,2025-05-08,1,0,0,445.81,35.1,2,1,15
7558,1,7558,variant_mid,12.99,10.0,2025-06-14,1,0,0,163.53,59.3,0,1,18
7559,1,7559,variant_high,14.99,15.0,2024-03-03,1,0,0,121.76,73.9,3,1,18
7560,1,7560,variant_high,14.99,15.0,2024-07-02,1,1,1,51.83,42.5,2,1,57
7561,1,7561,variant_mid,12.99,10.0,2025-04-23,1,0,0,741.87,64.5,3,1,59
7562,1,7562,variant_high,14.99,15.0,2024-07-17,1,0,0,77.4,74.0,6,1,81
7563,1,7563,control,9.99,0.0,2025-09-16,1,1,0,91.71,69.9,2,1,84
7564,1,7564,variant_high,14.99,15.0,2024-11-09,1,0,0,385.14,79.9,2,0,16
7565,1,7565,variant_mid,12.99,10.0,2025-05-21,0,0,0,59.43,25.0,5,0,70
7566,1,7566,control,9.99,0.0,2025-07-13,0,0,0,437.23,0.2,1,1,11
7567,1,7567,variant_mid,12.99,10.0,2025-03-19,0,0,0,358.78,12.8,2,1,7
7568,1,7568,variant_mid,12.99,10.0,2025-05-01,1,1,1,754.17,85.0,3,1,74
7569,1,7569,variant_mid,12.99,10.0,2025-03-14,1,0,0,342.01,31.7,2,1,82
7570,1,7570,control,9.99,0.0,2024-05-27,1,1,1,145.73,30.6,1,0,15
7571,1,7571,variant_mid,12.99,10.0,2024-08-05,1,1,1,30.04,56.2,3,1,20
7572,1,7572,variant_mid,12.99,10.0,2025-10-25,1,0,0,404.99,73.1,1,1,81
7573,1,7573,variant_mid,12.99,10.0,2024-10-03,1,0,0,35.6,51.3,2,1,89
7574,1,7574,variant_high,14.99,15.0,2025-12-11,1,1,1,88.0,39.8,4,1,77
7575,1,7575,variant_high,14.99,15.0,2025-02-25,0,0,0,385.87,9.5,3,1,3
7576,1,7576,variant_mid,12.99,10.0,2025-08-16,0,0,0,225.3,22.7,6,1,16
7577,1,7577,variant_mid,12.99,10.0,2024-06-28,1,0,0,93.7,76.0,2,1,68
7578,1,7578,variant_high,14.99,15.0,2024-05-27,0,0,0,145.77,12.8,6,0,23
7579,1,7579,variant_high,14.99,15.0,2024-10-14,1,1,0,33.49,45.0,1,1,86
7580,1,7580,variant_high,14.99,15.0,2025-08-11,0,0,0,195.38,0.0,3,0,20
7581,1,7581,variant_high,14.99,15.0,2025-05-30,1,0,0,46.4,68.7,1,1,6
7582,1,7582,variant_mid,12.99,10.0,2025-01-29,1,1,1,257.27,59.6,1,1,13
7583,1,7583,variant_high,14.99,15.0,2024-05-27,0,0,0,13.24,0.0,3,1,81
7584,1,7584,variant_mid,12.99,10.0,2024-02-10,0,0,0,67.37,16.0,3,1,87
7585,1,7585,control,9.99,0.0,2024-04-18,1,0,0,120.17,59.5,3,1,50
7586,1,7586,variant_mid,12.99,10.0,2025-05-13,1,1,1,86.78,64.5,1,1,30
7587,1,7587,control,9.99,0.0,2025-12-04,1,1,1,38.51,92.7,2,1,76
7588,1,7588,control,9.99,0.0,2025-12-25,0,0,0,687.03,0.0,1,0,72
7589,1,7589,variant_mid,12.99,10.0,2025-07-15,1,1,0,109.38,43.2,1,1,84
7590,1,7590,variant_mid,12.99,10.0,2024-12-01,1,1,1,25.73,42.5,0,0,0
7591,1,7591,variant_high,14.99,15.0,2025-06-20,1,0,0,126.07,56.1,6,1,1
7592,1,7592,variant_high,14.99,15.0,2024-02-29,0,0,0,94.44,21.4,3,1,43
7593,1,7593,variant_mid,12.99,10.0,2024-09-25,0,0,0,80.28,44.1,4,1,44
7594,1,7594,control,9.99,0.0,2024-07-07,1,1,0,163.22,100.0,2,0,79
7595,1,7595,control,9.99,0.0,2025-12-25,0,0,0,114.06,57.9,1,1,60
7596,1,7596,variant_high,14.99,15.0,2025-03-03,1,1,0,106.49,51.6,3,1,72
7597,1,7597,variant_mid,12.99,10.0,2025-12-02,0,0,0,104.45,0.0,6,0,84
7598,1,7598,variant_mid,12.99,10.0,2025-08-11,0,0,0,51.76,5.1,3,1,11
7599,1,7599,variant_mid,12.99,10.0,2025-06-22,1,1,1,65.3,53.4,1,1,68
7600,1,7600,control,9.99,0.0,2024-05-28,0,0,0,43.37,0.0,3,1,22
7601,1,7601,variant_mid,12.99,10.0,2024-02-28,1,0,0,196.69,51.0,0,1,16
7602,1,7602,variant_high,14.99,15.0,2024-06-14,0,0,0,615.7,34.8,1,1,6
7603,1,7603,variant_high,14.99,15.0,2025-09-07,1,1,1,28.04,74.4,5,0,48
7604,1,7604,variant_mid,12.99,10.0,2025-11-11,0,0,0,43.4,7.3,3,0,87
7605,1,7605,control,9.99,0.0,2025-06-02,1,1,1,83.28,81.2,4,1,58
7606,1,7606,control,9.99,0.0,2025-10-13,0,0,0,68.19,4.5,2,0,21
7607,1,7607,control,9.99,0.0,2024-03-07,0,0,0,124.49,7.1,2,1,79
7608,1,7608,variant_mid,12.99,10.0,2025-11-07,1,0,0,65.62,72.1,5,1,43
7609,1,7609,control,9.99,0.0,2024-03-29,0,0,0,55.89,3.6,2,1,7
7610,1,7610,variant_mid,12.99,10.0,2024-05-23,0,0,0,109.88,0.0,1,1,13
7611,1,7611,variant_mid,12.99,10.0,2025-09-02,0,0,0,185.35,8.0,2,1,32
7612,1,7612,variant_mid,12.99,10.0,2025-12-01,0,0,0,24.86,16.2,0,1,63
7613,1,7613,control,9.99,0.0,2024-05-05,0,0,0,31.93,0.9,1,0,18
7614,1,7614,variant_mid,12.99,10.0,2024-09-15,0,0,0,95.18,0.0,3,1,58
7615,1,7615,variant_high,14.99,15.0,2025-08-26,1,0,0,314.75,59.6,5,1,26
7616,1,7616,control,9.99,0.0,2025-01-27,0,0,0,205.24,10.6,1,1,39
7617,1,7617,variant_mid,12.99,10.0,2024-11-01,0,0,0,41.07,27.0,1,0,65
7618,1,7618,variant_mid,12.99,10.0,2024-12-13,0,0,0,58.01,0.0,8,1,21
7619,1,7619,variant_mid,12.99,10.0,2024-08-17,1,0,0,81.19,69.0,2,0,85
7620,1,7620,variant_high,14.99,15.0,2025-12-19,1,0,0,119.11,50.3,2,1,38
7621,1,7621,variant_high,14.99,15.0,2025-01-20,1,1,1,309.89,74.9,4,1,73
7622,1,7622,variant_high,14.99,15.0,2024-07-26,0,0,0,631.86,0.0,3,1,78
7623,1,7623,variant_high,14.99,15.0,2025-10-18,1,1,1,59.43,50.0,2,1,66
7624,1,7624,variant_high,14.99,15.0,2025-12-15,0,0,0,155.52,42.3,1,1,33
7625,1,7625,variant_high,14.99,15.0,2024-02-25,1,0,0,84.66,48.2,1,1,63
7626,1,7626,variant_mid,12.99,10.0,2025-12-06,1,1,1,94.91,41.3,0,1,87
7627,1,7627,variant_high,14.99,15.0,2025-12-24,1,1,0,44.85,82.4,2,1,68
7628,1,7628,control,9.99,0.0,2025-11-16,1,1,0,26.26,90.3,0,0,65
7629,1,7629,variant_high,14.99,15.0,2024-04-27,1,1,0,726.38,47.6,6,1,11
7630,1,7630,control,9.99,0.0,2024-09-24,1,0,0,19.02,87.2,4,1,43
7631,1,7631,control,9.99,0.0,2025-10-04,0,0,0,227.51,3.8,2,1,78
7632,1,7632,control,9.99,0.0,2024-10-11,1,0,0,590.05,86.2,2,1,84
7633,1,7633,variant_high,14.99,15.0,2024-12-02,1,1,1,20.46,34.7,3,1,64
7634,1,7634,variant_mid,12.99,10.0,2024-06-14,0,0,0,86.98,6.2,3,1,38
7635,1,7635,variant_high,14.99,15.0,2024-11-07,0,0,0,93.93,14.9,2,1,20
7636,1,7636,variant_mid,12.99,10.0,2024-12-15,0,0,0,410.02,25.2,5,1,71
7637,1,7637,variant_mid,12.99,10.0,2024-11-11,0,0,0,111.73,28.4,7,1,37
7638,1,7638,variant_high,14.99,15.0,2024-07-06,1,1,0,19.43,86.7,1,1,15
7639,1,7639,variant_mid,12.99,10.0,2024-03-07,0,0,0,104.09,0.0,4,1,4
7640,1,7640,variant_mid,12.99,10.0,2025-04-17,1,0,0,60.72,21.0,6,1,43
7641,1,7641,variant_high,14.99,15.0,2024-02-27,0,0,0,38.29,8.2,5,1,46
7642,1,7642,control,9.99,0.0,2025-10-13,1,1,1,60.67,53.6,1,0,36
7643,1,7643,variant_mid,12.99,10.0,2024-02-23,0,0,0,31.45,26.9,3,1,39
7644,1,7644,control,9.99,0.0,2025-12-12,1,1,0,403.37,61.2,1,1,34
7645,1,7645,variant_mid,12.99,10.0,2025-02-23,1,1,1,208.73,63.0,2,1,28
7646,1,7646,variant_high,14.99,15.0,2024-11-28,0,0,0,119.21,32.1,2,1,38
7647,1,7647,control,9.99,0.0,2025-09-17,0,0,0,73.67,1.4,1,1,39
7648,1,7648,control,9.99,0.0,2024-11-18,1,1,1,44.31,24.5,2,1,73
7649,1,7649,variant_high,14.99,15.0,2024-04-21,1,1,1,664.17,53.0,2,0,47
7650,1,7650,variant_high,14.99,15.0,2025-01-23,1,0,0,374.42,69.9,1,1,77
7651,1,7651,variant_mid,12.99,10.0,2025-01-05,1,1,0,103.88,19.9,2,1,28
7652,1,7652,variant_mid,12.99,10.0,2025-10-30,0,0,0,33.44,0.0,1,0,46
7653,1,7653,control,9.99,0.0,2025-01-22,1,1,0,105.43,79.4,0,0,16
7654,1,7654,control,9.99,0.0,2024-03-01,0,0,0,564.7,16.1,1,0,13
7655,1,7655,variant_mid,12.99,10.0,2024-09-14,0,0,0,225.92,14.2,2,1,78
7656,1,7656,variant_mid,12.99,10.0,2024-08-16,1,0,0,109.39,50.8,4,0,82
7657,1,7657,variant_high,14.99,15.0,2024-06-26,0,0,0,81.82,13.1,5,1,22
7658,1,7658,variant_mid,12.99,10.0,2024-05-28,0,0,0,536.63,12.4,4,1,31
7659,1,7659,control,9.99,0.0,2024-02-27,1,0,0,62.2,37.2,3,1,13
7660,1,7660,control,9.99,0.0,2025-07-26,0,0,0,82.17,0.0,2,1,32
7661,1,7661,variant_high,14.99,15.0,2024-10-30,0,0,0,43.54,25.1,4,0,28
7662,1,7662,variant_mid,12.99,10.0,2024-10-22,0,0,0,61.98,22.6,2,1,61
7663,1,7663,variant_high,14.99,15.0,2024-11-12,0,0,0,157.35,26.8,6,0,12
7664,1,7664,variant_mid,12.99,10.0,2025-12-22,0,0,0,98.21,49.0,1,1,24
7665,1,7665,control,9.99,0.0,2025-06-06,0,0,0,344.56,6.2,1,1,3
7666,1,7666,variant_high,14.99,15.0,2025-12-18,1,0,0,14.65,37.1,3,1,51
7667,1,7667,variant_mid,12.99,10.0,2025-03-17,1,1,0,240.97,65.1,5,1,45
7668,1,7668,control,9.99,0.0,2025-10-06,0,0,0,166.87,0.0,4,1,8
7669,1,7669,variant_mid,12.99,10.0,2025-11-21,0,0,0,58.1,0.0,1,0,58
7670,1,7670,variant_high,14.99,15.0,2025-01-13,0,0,0,16.48,0.0,4,1,2
7671,1,7671,variant_mid,12.99,10.0,2024-12-26,0,0,0,402.02,23.4,3,0,69
7672,1,7672,variant_mid,12.99,10.0,2025-11-19,1,1,0,1625.08,79.1,3,1,30
7673,1,7673,variant_mid,12.99,10.0,2025-06-18,0,0,0,192.81,8.8,2,1,62
7674,1,7674,variant_high,14.99,15.0,2024-10-08,0,0,0,108.54,0.0,3,1,69
7675,1,7675,variant_high,14.99,15.0,2024-08-21,0,0,0,21.89,0.0,3,1,32
7676,1,7676,variant_high,14.99,15.0,2024-10-23,0,0,0,27.39,11.7,2,1,52
7677,1,7677,control,9.99,0.0,2024-07-21,1,1,1,136.37,39.0,2,1,40
7678,1,7678,variant_mid,12.99,10.0,2024-12-27,0,0,0,13.75,3.5,1,1,88
7679,1,7679,variant_high,14.99,15.0,2025-05-22,0,0,0,87.51,22.3,4,1,60
7680,1,7680,control,9.99,0.0,2025-06-11,1,1,1,58.59,58.3,2,1,68
7681,1,7681,control,9.99,0.0,2024-02-07,1,0,0,14.87,62.4,3,0,50
7682,1,7682,variant_high,14.99,15.0,2024-02-18,1,1,0,50.73,39.4,1,0,9
7683,1,7683,variant_high,14.99,15.0,2025-04-23,1,1,0,189.33,68.8,2,1,52
7684,1,7684,variant_high,14.99,15.0,2025-01-29,0,0,0,94.71,0.0,4,1,85
7685,1,7685,variant_mid,12.99,10.0,2024-02-29,1,0,0,262.26,52.1,2,1,71
7686,1,7686,control,9.99,0.0,2025-12-22,1,1,1,14.28,75.5,3,1,79
7687,1,7687,control,9.99,0.0,2025-12-31,0,0,0,99.9,3.7,0,1,27
7688,1,7688,variant_high,14.99,15.0,2024-02-24,0,0,0,262.12,13.5,3,1,43
7689,1,7689,variant_high,14.99,15.0,2024-01-16,1,0,0,233.32,63.3,1,0,87
7690,1,7690,variant_mid,12.99,10.0,2024-03-19,0,0,0,98.75,5.1,0,1,3
7691,1,7691,variant_mid,12.99,10.0,2025-05-06,0,0,0,267.28,0.0,0,0,27
7692,1,7692,variant_high,14.99,15.0,2025-12-05,0,0,0,214.92,0.0,5,1,26
7693,1,7693,control,9.99,0.0,2024-11-07,1,0,0,573.09,39.5,3,1,80
7694,1,7694,control,9.99,0.0,2025-09-08,1,1,1,12.69,83.3,3,1,81
7695,1,7695,variant_high,14.99,15.0,2024-06-09,1,1,0,253.59,60.7,0,0,2
7696,1,7696,variant_mid,12.99,10.0,2024-01-16,1,0,0,221.79,76.2,2,1,47
7697,1,7697,variant_high,14.99,15.0,2024-12-19,0,0,0,33.59,0.0,4,1,11
7698,1,7698,variant_high,14.99,15.0,2024-12-14,0,0,0,142.84,47.0,4,1,21
7699,1,7699,variant_high,14.99,15.0,2025-12-31,1,0,0,72.0,63.4,4,1,59
7700,1,7700,variant_mid,12.99,10.0,2024-09-01,0,0,0,45.85,24.6,7,1,86
7701,1,7701,variant_mid,12.99,10.0,2024-11-19,0,0,0,335.98,19.0,2,0,78
7702,1,7702,variant_mid,12.99,10.0,2024-05-06,0,0,0,20.25,8.6,3,1,70
7703,1,7703,variant_high,14.99,15.0,2024-11-03,0,0,0,75.74,15.6,2,1,60
7704,1,7704,control,9.99,0.0,2024-02-16,1,0,0,80.85,35.4,1,0,66
7705,1,7705,variant_high,14.99,15.0,2024-09-22,0,0,0,56.09,0.0,3,1,75
7706,1,7706,variant_high,14.99,15.0,2024-07-02,0,0,0,67.35,13.3,1,1,79
7707,1,7707,variant_mid,12.99,10.0,2024-10-22,1,0,0,10.21,50.7,4,1,68
7708,1,7708,variant_high,14.99,15.0,2025-04-22,0,0,0,232.37,15.6,4,1,79
7709,1,7709,control,9.99,0.0,2025-07-31,1,1,1,996.56,68.2,1,1,10
7710,1,7710,control,9.99,0.0,2024-08-27,1,0,0,51.81,65.8,3,1,82
7711,1,7711,control,9.99,0.0,2025-10-09,1,0,0,40.54,41.1,2,1,60
7712,1,7712,variant_mid,12.99,10.0,2024-08-16,1,1,1,56.44,70.2,2,1,27
7713,1,7713,control,9.99,0.0,2024-03-06,1,1,1,353.97,70.9,1,1,22
7714,1,7714,variant_mid,12.99,10.0,2024-07-23,1,1,0,185.5,59.7,1,1,22
7715,1,7715,variant_mid,12.99,10.0,2024-06-30,0,0,0,136.81,43.7,0,1,37
7716,1,7716,control,9.99,0.0,2024-03-31,1,0,0,109.41,43.1,2,1,31
7717,1,7717,control,9.99,0.0,2025-05-04,1,1,1,834.92,63.5,0,1,27
7718,1,7718,variant_high,14.99,15.0,2025-03-18,0,0,0,32.25,15.1,4,1,43
7719,1,7719,variant_mid,12.99,10.0,2024-08-15,1,0,0,186.86,55.5,1,0,81
7720,1,7720,variant_high,14.99,15.0,2025-06-20,1,1,0,191.79,47.5,5,0,53
7721,1,7721,variant_high,14.99,15.0,2024-06-12,0,0,0,68.72,0.0,4,0,0
7722,1,7722,variant_high,14.99,15.0,2025-12-20,0,0,0,10.42,2.5,2,1,51
7723,1,7723,variant_high,14.99,15.0,2024-09-30,1,1,1,30.1,52.6,2,1,5
7724,1,7724,variant_high,14.99,15.0,2024-07-01,1,1,1,28.16,59.5,3,1,44
7725,1,7725,variant_mid,12.99,10.0,2025-07-06,0,0,0,55.66,14.5,3,1,88
7726,1,7726,variant_mid,12.99,10.0,2024-05-05,1,1,0,42.47,100.0,6,1,65
7727,1,7727,control,9.99,0.0,2025-12-07,1,1,1,486.86,63.3,1,1,46
7728,1,7728,variant_high,14.99,15.0,2025-06-12,0,0,0,30.39,0.0,3,1,71
7729,1,7729,variant_high,14.99,15.0,2024-06-01,1,0,0,212.84,64.6,4,1,62
7730,1,7730,variant_high,14.99,15.0,2024-08-29,1,1,0,56.54,95.9,3,1,68
7731,1,7731,variant_mid,12.99,10.0,2025-12-13,1,0,0,165.47,76.3,0,1,10
7732,1,7732,variant_mid,12.99,10.0,2025-01-06,0,0,0,53.75,31.7,7,1,23
7733,1,7733,control,9.99,0.0,2025-02-08,1,1,1,81.34,53.6,1,1,33
7734,1,7734,control,9.99,0.0,2025-06-11,0,0,0,198.51,0.0,1,1,43
7735,1,7735,control,9.99,0.0,2024-07-26,0,0,0,26.71,3.8,2,1,79
7736,1,7736,variant_high,14.99,15.0,2024-11-20,0,0,0,131.84,40.1,7,1,66
7737,1,7737,variant_mid,12.99,10.0,2024-11-22,0,0,0,122.07,7.8,4,1,57
7738,1,7738,variant_mid,12.99,10.0,2024-10-14,1,0,0,21.27,92.0,4,1,77
7739,1,7739,control,9.99,0.0,2024-08-26,1,0,0,254.47,54.4,4,1,22
7740,1,7740,variant_high,14.99,15.0,2024-11-25,1,1,1,115.94,79.6,2,1,49
7741,1,7741,variant_high,14.99,15.0,2025-08-02,0,0,0,63.95,0.0,3,1,56
7742,1,7742,variant_high,14.99,15.0,2024-12-10,1,1,0,189.4,76.0,2,1,42
7743,1,7743,variant_mid,12.99,10.0,2024-03-25,0,0,0,154.64,0.0,2,1,53
7744,1,7744,variant_mid,12.99,10.0,2024-01-16,0,0,0,255.87,18.1,6,1,46
7745,1,7745,variant_mid,12.99,10.0,2024-02-04,1,0,0,259.67,75.8,3,1,50
7746,1,7746,control,9.99,0.0,2024-05-23,0,0,0,75.69,36.1,3,1,36
7747,1,7747,variant_mid,12.99,10.0,2025-07-22,0,0,0,122.35,0.0,1,1,51
7748,1,7748,variant_mid,12.99,10.0,2025-04-05,0,0,0,131.81,19.4,1,1,0
7749,1,7749,variant_high,14.99,15.0,2024-09-27,1,1,0,2773.04,91.6,2,0,27
7750,1,7750,variant_mid,12.99,10.0,2024-01-19,0,0,0,74.35,24.2,2,1,88
7751,1,7751,control,9.99,0.0,2024-09-12,1,1,1,167.13,76.3,2,0,0
7752,1,7752,variant_mid,12.99,10.0,2024-07-30,0,0,0,43.49,0.0,1,1,51
7753,1,7753,variant_mid,12.99,10.0,2025-01-01,0,0,0,15.06,20.8,0,1,74
7754,1,7754,variant_mid,12.99,10.0,2024-11-30,1,1,1,86.06,100.0,1,0,26
7755,1,7755,variant_high,14.99,15.0,2024-05-14,1,0,0,165.72,24.3,6,0,16
7756,1,7756,control,9.99,0.0,2024-11-26,1,0,0,5.32,31.7,2,1,17
7757,1,7757,variant_mid,12.99,10.0,2024-04-14,0,0,0,44.1,2.7,3,1,83
7758,1,7758,variant_mid,12.99,10.0,2024-02-12,0,0,0,108.08,0.0,1,1,38
7759,1,7759,variant_high,14.99,15.0,2025-11-06,0,0,0,37.66,10.7,5,1,67
7760,1,7760,variant_high,14.99,15.0,2025-10-14,0,0,0,68.88,14.6,5,1,74
7761,1,7761,variant_mid,12.99,10.0,2026-01-15,0,0,0,335.5,16.6,1,1,77
7762,1,7762,variant_high,14.99,15.0,2024-03-25,0,0,0,496.94,4.0,6,1,16
7763,1,7763,control,9.99,0.0,2025-05-20,0,0,0,210.93,0.0,3,1,30
7764,1,7764,variant_high,14.99,15.0,2025-10-09,1,0,0,165.25,78.2,9,0,58
7765,1,7765,variant_high,14.99,15.0,2024-10-28,1,0,0,68.76,80.7,3,0,32
7766,1,7766,control,9.99,0.0,2026-01-03,0,0,0,95.25,14.9,3,1,9
7767,1,7767,variant_high,14.99,15.0,2025-12-23,1,0,0,27.53,90.1,3,1,69
7768,1,7768,variant_mid,12.99,10.0,2024-05-18,1,0,0,270.8,75.3,3,0,7
7769,1,7769,variant_high,14.99,15.0,2025-09-27,1,0,0,63.77,47.9,1,1,26
7770,1,7770,control,9.99,0.0,2024-02-24,1,1,0,296.32,55.4,5,1,63
7771,1,7771,variant_mid,12.99,10.0,2024-05-13,0,0,0,505.88,0.0,1,1,22
7772,1,7772,variant_mid,12.99,10.0,2024-04-17,1,1,1,33.71,30.6,1,1,13
7773,1,7773,control,9.99,0.0,2026-01-05,0,0,0,96.27,18.8,1,1,79
7774,1,7774,variant_high,14.99,15.0,2025-10-04,1,1,1,1074.5,55.5,4,1,9
7775,1,7775,variant_high,14.99,15.0,2024-08-10,0,0,0,252.49,0.0,1,1,63
7776,1,7776,variant_mid,12.99,10.0,2025-12-30,0,0,0,47.06,0.0,2,1,41
7777,1,7777,variant_high,14.99,15.0,2024-04-15,0,0,0,19.06,7.6,2,1,63
7778,1,7778,variant_high,14.99,15.0,2025-03-08,0,0,0,35.33,0.0,4,1,8
7779,1,7779,variant_high,14.99,15.0,2025-10-09,0,0,0,79.7,0.0,1,1,27
7780,1,7780,control,9.99,0.0,2025-12-06,0,0,0,40.03,0.4,0,1,71
7781,1,7781,variant_high,14.99,15.0,2024-06-16,0,0,0,37.17,2.9,2,1,40
7782,1,7782,control,9.99,0.0,2025-07-22,0,0,0,51.52,0.0,2,1,22
7783,1,7783,variant_mid,12.99,10.0,2025-05-15,1,0,0,42.13,62.1,1,1,84
7784,1,7784,variant_high,14.99,15.0,2025-02-21,0,0,0,53.84,1.2,3,1,66
7785,1,7785,control,9.99,0.0,2025-08-17,1,1,1,484.08,76.8,1,1,7
7786,1,7786,control,9.99,0.0,2025-11-04,1,1,1,220.63,81.9,2,1,57
7787,1,7787,variant_high,14.99,15.0,2024-04-18,0,0,0,330.54,29.8,7,1,76
7788,1,7788,control,9.99,0.0,2024-12-20,0,0,0,130.99,0.0,0,1,88
7789,1,7789,control,9.99,0.0,2024-06-13,1,0,0,240.39,57.9,1,1,26
7790,1,7790,control,9.99,0.0,2024-11-09,1,1,1,20.53,100.0,0,1,37
7791,1,7791,variant_high,14.99,15.0,2024-10-03,0,0,0,35.93,0.0,1,0,73
7792,1,7792,variant_mid,12.99,10.0,2025-06-10,0,0,0,153.47,0.0,1,1,77
7793,1,7793,variant_mid,12.99,10.0,2025-04-10,1,0,0,6.9,69.0,4,1,72
7794,1,7794,variant_high,14.99,15.0,2025-07-10,0,0,0,183.71,0.0,5,1,30
7795,1,7795,variant_high,14.99,15.0,2025-06-13,0,0,0,38.78,0.0,1,1,4
7796,1,7796,variant_mid,12.99,10.0,2024-09-30,1,1,1,75.63,66.5,3,1,87
7797,1,7797,variant_mid,12.99,10.0,2025-05-02,1,1,1,46.27,53.1,4,1,52
7798,1,7798,variant_high,14.99,15.0,2024-12-25,1,0,0,78.09,76.0,4,1,77
7799,1,7799,control,9.99,0.0,2025-02-07,0,0,0,27.54,0.0,0,1,76
7800,1,7800,variant_high,14.99,15.0,2024-06-13,0,0,0,131.95,4.2,2,1,16
7801,1,7801,control,9.99,0.0,2024-07-23,1,0,0,182.6,58.5,3,1,20
7802,1,7802,variant_high,14.99,15.0,2024-04-12,0,0,0,33.48,0.0,4,1,21
7803,1,7803,variant_high,14.99,15.0,2024-05-01,0,0,0,123.84,7.7,3,0,1
7804,1,7804,control,9.99,0.0,2024-09-18,1,1,1,166.05,50.5,1,1,1
7805,1,7805,control,9.99,0.0,2024-05-15,0,0,0,106.95,33.1,3,1,84
7806,1,7806,control,9.99,0.0,2025-01-13,0,0,0,307.91,6.4,3,0,29
7807,1,7807,variant_mid,12.99,10.0,2025-06-17,0,0,0,70.67,27.6,3,1,47
7808,1,7808,variant_mid,12.99,10.0,2024-05-13,0,0,0,106.78,7.9,3,1,77
7809,1,7809,control,9.99,0.0,2024-06-15,0,0,0,154.62,34.4,4,1,3
7810,1,7810,control,9.99,0.0,2024-05-13,0,0,0,453.97,15.7,5,1,22
7811,1,7811,variant_mid,12.99,10.0,2025-08-21,0,0,0,10.81,2.1,3,1,59
7812,1,7812,control,9.99,0.0,2024-04-16,0,0,0,231.54,17.5,2,0,55
7813,1,7813,variant_high,14.99,15.0,2025-11-11,0,0,0,705.26,12.7,3,1,73
7814,1,7814,control,9.99,0.0,2025-10-18,1,0,0,58.98,41.6,0,1,51
7815,1,7815,control,9.99,0.0,2024-10-26,1,0,0,384.66,58.3,0,1,88
7816,1,7816,control,9.99,0.0,2025-05-28,0,0,0,53.38,0.0,4,1,26
7817,1,7817,control,9.99,0.0,2024-05-22,1,1,0,31.1,65.8,2,1,53
7818,1,7818,control,9.99,0.0,2024-04-21,1,0,0,673.99,60.3,2,1,57
7819,1,7819,control,9.99,0.0,2025-04-28,0,0,0,23.17,0.2,4,1,41
7820,1,7820,control,9.99,0.0,2025-05-04,0,0,0,238.45,16.4,2,0,41
7821,1,7821,variant_mid,12.99,10.0,2024-08-21,1,1,0,50.0,93.4,1,1,24
7822,1,7822,variant_mid,12.99,10.0,2025-01-03,0,0,0,247.44,24.3,1,1,80
7823,1,7823,variant_mid,12.99,10.0,2025-01-18,1,1,1,91.22,59.3,4,1,82
7824,1,7824,variant_high,14.99,15.0,2025-03-07,1,1,0,16.59,53.8,4,0,44
7825,1,7825,variant_high,14.99,15.0,2024-08-13,1,1,1,6.53,54.7,4,1,37
7826,1,7826,control,9.99,0.0,2025-09-11,1,1,1,19.34,39.0,3,1,12
7827,1,7827,variant_mid,12.99,10.0,2025-03-18,0,0,0,883.95,27.2,2,1,26
7828,1,7828,variant_high,14.99,15.0,2024-12-14,0,0,0,329.69,25.1,3,1,60
7829,1,7829,variant_mid,12.99,10.0,2025-01-18,1,0,0,50.91,87.4,2,1,2
7830,1,7830,control,9.99,0.0,2024-08-17,0,0,0,50.64,40.4,3,1,89
7831,1,7831,variant_high,14.99,15.0,2024-09-20,0,0,0,141.69,23.0,1,1,76
7832,1,7832,control,9.99,0.0,2025-07-26,1,1,1,83.15,45.3,0,1,69
7833,1,7833,variant_mid,12.99,10.0,2024-04-17,0,0,0,247.15,16.1,6,1,6
7834,1,7834,variant_high,14.99,15.0,2024-05-05,1,1,0,1061.44,52.9,1,1,19
7835,1,7835,variant_high,14.99,15.0,2024-05-08,0,0,0,35.02,26.2,3,1,14
7836,1,7836,variant_high,14.99,15.0,2025-11-06,0,0,0,384.12,42.4,1,1,34
7837,1,7837,variant_high,14.99,15.0,2025-08-24,1,0,0,140.98,69.5,2,1,3
7838,1,7838,variant_mid,12.99,10.0,2025-11-23,0,0,0,416.35,4.8,1,0,76
7839,1,7839,variant_mid,12.99,10.0,2024-08-24,0,0,0,42.38,5.9,0,1,26
7840,1,7840,control,9.99,0.0,2024-09-14,1,1,1,120.71,98.7,2,1,43
7841,1,7841,variant_mid,12.99,10.0,2024-08-12,0,0,0,177.11,9.9,2,1,4
7842,1,7842,variant_high,14.99,15.0,2025-07-25,0,0,0,396.01,0.0,4,1,76
7843,1,7843,control,9.99,0.0,2025-07-17,1,0,0,301.48,57.1,2,1,14
7844,1,7844,control,9.99,0.0,2025-11-22,1,1,0,1051.12,81.8,1,1,43
7845,1,7845,variant_high,14.99,15.0,2024-08-12,1,1,0,44.66,55.6,5,1,26
7846,1,7846,control,9.99,0.0,2025-11-03,1,0,0,314.4,52.8,0,1,40
7847,1,7847,control,9.99,0.0,2025-12-10,1,1,0,33.0,28.8,1,1,52
7848,1,7848,variant_high,14.99,15.0,2024-04-12,1,0,0,46.78,46.1,1,1,33
7849,1,7849,variant_mid,12.99,10.0,2024-09-22,0,0,0,213.06,0.0,4,1,30
7850,1,7850,variant_high,14.99,15.0,2024-05-22,1,1,0,208.59,83.7,3,1,12
7851,1,7851,control,9.99,0.0,2025-12-22,0,0,0,185.6,10.3,1,0,69
7852,1,7852,control,9.99,0.0,2025-01-07,0,0,0,133.34,0.0,1,1,60
7853,1,7853,control,9.99,0.0,2024-01-14,0,0,0,164.78,20.5,1,1,67
7854,1,7854,control,9.99,0.0,2025-02-10,0,0,0,28.83,39.7,5,0,40
7855,1,7855,variant_mid,12.99,10.0,2024-05-19,0,0,0,213.48,0.0,3,1,55
7856,1,7856,variant_high,14.99,15.0,2024-09-15,0,0,0,50.26,0.0,0,1,1
7857,1,7857,variant_mid,12.99,10.0,2025-03-10,1,1,1,779.36,57.5,3,1,18
7858,1,7858,variant_mid,12.99,10.0,2024-03-15,0,0,0,113.6,13.9,3,1,24
7859,1,7859,control,9.99,0.0,2025-11-02,1,1,1,254.75,44.3,0,1,24
7860,1,7860,variant_high,14.99,15.0,2024-11-11,1,0,0,54.02,56.2,4,1,7
7861,1,7861,control,9.99,0.0,2025-04-16,1,0,0,27.49,73.8,1,1,16
7862,1,7862,control,9.99,0.0,2024-08-02,1,1,0,169.25,31.4,2,0,53
7863,1,7863,variant_high,14.99,15.0,2025-07-18,1,0,0,17.53,70.9,2,1,87
7864,1,7864,variant_high,14.99,15.0,2024-12-01,1,1,0,87.3,79.4,3,0,51
7865,1,7865,control,9.99,0.0,2025-01-14,1,0,0,221.22,81.1,1,1,7
7866,1,7866,control,9.99,0.0,2024-07-21,1,0,0,40.7,52.3,5,0,9
7867,1,7867,variant_mid,12.99,10.0,2024-05-20,0,0,0,332.78,28.0,8,0,14
7868,1,7868,variant_mid,12.99,10.0,2024-11-19,1,0,0,218.78,49.3,3,0,8
7869,1,7869,variant_high,14.99,15.0,2024-08-30,1,1,0,53.38,51.1,4,1,78
7870,1,7870,variant_mid,12.99,10.0,2025-03-07,0,0,0,208.0,4.0,6,1,9
7871,1,7871,control,9.99,0.0,2025-03-08,0,0,0,34.86,10.0,1,1,75
7872,1,7872,variant_mid,12.99,10.0,2024-10-05,1,1,1,727.11,82.5,3,1,57
7873,1,7873,control,9.99,0.0,2024-04-15,0,0,0,19.35,24.5,1,1,86
7874,1,7874,variant_mid,12.99,10.0,2024-06-02,1,1,0,100.21,45.0,4,1,26
7875,1,7875,variant_mid,12.99,10.0,2024-07-16,0,0,0,109.66,0.5,4,1,58
7876,1,7876,variant_high,14.99,15.0,2024-10-24,0,0,0,51.21,17.8,3,1,30
7877,1,7877,control,9.99,0.0,2025-07-17,0,0,0,70.95,39.2,1,1,66
7878,1,7878,variant_mid,12.99,10.0,2024-07-21,0,0,0,37.34,20.4,3,1,2
7879,1,7879,control,9.99,0.0,2025-07-02,0,0,0,128.98,0.0,1,1,59
7880,1,7880,variant_high,14.99,15.0,2024-02-17,0,0,0,60.83,0.0,6,1,27
7881,1,7881,control,9.99,0.0,2025-05-01,1,0,0,120.31,51.3,4,1,0
7882,1,7882,control,9.99,0.0,2025-04-25,0,0,0,358.22,27.2,2,1,80
7883,1,7883,control,9.99,0.0,2025-08-04,1,1,1,310.34,57.5,3,0,4
7884,1,7884,variant_high,14.99,15.0,2025-04-22,0,0,0,36.37,19.9,2,1,14
7885,1,7885,control,9.99,0.0,2024-08-20,0,0,0,284.72,0.0,5,0,11
7886,1,7886,variant_mid,12.99,10.0,2024-09-07,1,1,1,325.39,63.8,4,1,48
7887,1,7887,control,9.99,0.0,2025-08-21,1,1,0,38.12,93.6,0,1,72
7888,1,7888,variant_high,14.99,15.0,2025-12-20,1,1,0,35.11,75.5,2,1,60
7889,1,7889,variant_high,14.99,15.0,2025-01-23,1,0,0,193.34,48.5,6,0,52
7890,1,7890,control,9.99,0.0,2025-08-08,1,1,0,36.7,69.3,0,1,87
7891,1,7891,variant_mid,12.99,10.0,2025-12-28,1,1,1,91.01,79.3,2,0,0
7892,1,7892,variant_mid,12.99,10.0,2025-11-03,0,0,0,90.65,52.8,2,1,30
7893,1,7893,variant_mid,12.99,10.0,2024-02-08,0,0,0,300.26,0.0,1,0,87
7894,1,7894,control,9.99,0.0,2024-12-17,1,0,0,217.18,59.5,2,0,33
7895,1,7895,control,9.99,0.0,2025-03-26,1,1,0,954.02,61.2,2,1,63
7896,1,7896,variant_high,14.99,15.0,2025-02-06,0,0,0,34.35,26.7,3,1,28
7897,1,7897,variant_mid,12.99,10.0,2025-03-10,1,1,0,75.7,62.5,2,1,6
7898,1,7898,control,9.99,0.0,2025-05-27,0,0,0,75.83,23.8,7,1,32
7899,1,7899,control,9.99,0.0,2024-06-23,1,0,0,432.22,75.7,2,1,65
7900,1,7900,variant_mid,12.99,10.0,2025-03-21,0,0,0,60.15,9.6,3,1,74
7901,1,7901,variant_high,14.99,15.0,2025-05-10,0,0,0,33.97,40.5,3,1,14
7902,1,7902,variant_high,14.99,15.0,2025-05-18,1,0,0,609.26,36.9,2,1,6
7903,1,7903,variant_high,14.99,15.0,2025-03-15,0,0,0,642.69,17.8,3,0,46
7904,1,7904,variant_high,14.99,15.0,2024-11-29,0,0,0,40.24,21.7,3,1,52
7905,1,7905,variant_mid,12.99,10.0,2024-10-06,1,1,1,93.1,58.4,3,1,15
7906,1,7906,variant_mid,12.99,10.0,2024-04-25,1,1,1,124.93,56.4,1,0,57
7907,1,7907,variant_mid,12.99,10.0,2025-07-17,0,0,0,511.33,20.4,4,1,7
7908,1,7908,variant_high,14.99,15.0,2025-08-18,0,0,0,57.31,11.0,2,1,39
7909,1,7909,control,9.99,0.0,2026-01-02,0,0,0,22.98,0.0,0,1,74
7910,1,7910,variant_mid,12.99,10.0,2024-10-17,1,0,0,14.87,79.2,3,0,57
7911,1,7911,variant_high,14.99,15.0,2024-06-07,0,0,0,12.71,16.0,3,1,8
7912,1,7912,control,9.99,0.0,2025-03-20,1,1,1,234.62,58.4,3,1,10
7913,1,7913,variant_high,14.99,15.0,2025-03-31,1,1,1,55.85,62.7,1,0,78
7914,1,7914,variant_high,14.99,15.0,2024-10-16,0,0,0,124.12,27.7,3,0,23
7915,1,7915,variant_mid,12.99,10.0,2024-09-07,1,1,1,36.34,30.2,1,0,49
7916,1,7916,variant_high,14.99,15.0,2024-12-31,0,0,0,262.38,33.1,0,0,58
7917,1,7917,control,9.99,0.0,2024-11-14,0,0,0,255.56,24.1,0,1,68
7918,1,7918,variant_high,14.99,15.0,2025-04-21,0,0,0,89.68,30.8,3,1,58
7919,1,7919,control,9.99,0.0,2025-06-17,1,1,0,62.25,53.1,3,0,39
7920,1,7920,control,9.99,0.0,2025-02-26,1,1,0,20.33,51.9,3,1,8
7921,1,7921,variant_mid,12.99,10.0,2025-05-28,0,0,0,35.3,3.1,2,1,68
7922,1,7922,variant_high,14.99,15.0,2024-04-18,1,0,0,121.29,54.9,0,1,12
7923,1,7923,variant_high,14.99,15.0,2024-09-03,0,0,0,193.26,2.8,2,1,65
7924,1,7924,variant_mid,12.99,10.0,2024-06-24,0,0,0,95.06,15.3,2,1,7
7925,1,7925,variant_high,14.99,15.0,2025-08-08,1,1,1,110.44,69.3,1,0,5
7926,1,7926,variant_mid,12.99,10.0,2024-05-21,1,1,0,80.18,63.6,0,0,61
7927,1,7927,variant_high,14.99,15.0,2025-10-11,0,0,0,21.71,20.1,6,1,82
7928,1,7928,control,9.99,0.0,2025-02-24,0,0,0,51.42,11.5,1,0,71
7929,1,7929,variant_high,14.99,15.0,2024-05-11,1,1,1,79.63,56.1,3,1,6
7930,1,7930,variant_high,14.99,15.0,2024-11-04,0,0,0,50.17,8.7,3,1,3
7931,1,7931,variant_high,14.99,15.0,2024-02-20,1,0,0,21.69,38.3,2,1,66
7932,1,7932,variant_mid,12.99,10.0,2024-07-02,0,0,0,58.18,8.4,0,1,1
7933,1,7933,variant_high,14.99,15.0,2025-03-24,0,0,0,49.06,7.0,0,1,44
7934,1,7934,control,9.99,0.0,2024-02-02,1,1,1,19.46,46.8,1,1,61
7935,1,7935,control,9.99,0.0,2025-01-29,0,0,0,370.07,3.1,2,1,36
7936,1,7936,variant_mid,12.99,10.0,2025-07-22,1,0,0,188.44,61.1,1,1,1
7937,1,7937,variant_high,14.99,15.0,2024-07-07,0,0,0,173.97,0.0,5,1,18
7938,1,7938,variant_high,14.99,15.0,2024-02-25,1,1,1,47.48,88.4,4,1,32
7939,1,7939,variant_mid,12.99,10.0,2025-04-08,1,0,0,29.79,47.9,1,1,88
7940,1,7940,variant_high,14.99,15.0,2024-10-07,1,1,1,173.52,16.2,2,1,21
7941,1,7941,variant_mid,12.99,10.0,2024-11-08,0,0,0,157.75,27.6,0,1,30
7942,1,7942,control,9.99,0.0,2024-12-09,0,0,0,28.88,0.0,2,1,34
7943,1,7943,variant_mid,12.99,10.0,2025-03-10,1,1,0,56.0,24.6,3,1,72
7944,1,7944,control,9.99,0.0,2024-12-07,1,1,0,1498.31,53.7,2,0,65
7945,1,7945,variant_mid,12.99,10.0,2024-08-15,0,0,0,360.87,6.0,3,1,26
7946,1,7946,control,9.99,0.0,2024-04-29,0,0,0,43.24,0.0,1,1,33
7947,1,7947,control,9.99,0.0,2026-01-01,1,1,0,56.11,40.8,2,1,86
7948,1,7948,variant_high,14.99,15.0,2025-06-11,0,0,0,232.46,15.5,4,1,60
7949,1,7949,variant_mid,12.99,10.0,2025-05-04,0,0,0,100.46,29.6,3,1,49
7950,1,7950,variant_high,14.99,15.0,2024-06-30,1,1,0,69.07,61.6,1,0,57
7951,1,7951,variant_high,14.99,15.0,2024-01-26,1,1,0,259.03,100.0,3,1,55
7952,1,7952,control,9.99,0.0,2025-04-19,0,0,0,66.12,0.0,0,1,79
7953,1,7953,variant_high,14.99,15.0,2025-10-24,0,0,0,132.63,16.3,3,1,82
7954,1,7954,control,9.99,0.0,2024-10-19,0,0,0,41.15,0.0,2,1,82
7955,1,7955,variant_high,14.99,15.0,2024-04-12,1,1,0,13.88,90.8,1,1,16
7956,1,7956,variant_mid,12.99,10.0,2025-02-04,0,0,0,499.54,43.4,4,1,7
7957,1,7957,control,9.99,0.0,2026-01-10,1,0,0,36.32,52.1,1,1,43
7958,1,7958,variant_mid,12.99,10.0,2024-11-27,1,1,0,467.78,56.5,4,1,6
7959,1,7959,variant_high,14.99,15.0,2024-09-20,1,1,1,46.84,57.3,3,0,61
7960,1,7960,control,9.99,0.0,2025-12-18,0,0,0,73.7,1.4,0,1,24
7961,1,7961,variant_high,14.99,15.0,2024-07-09,1,0,0,140.3,31.5,1,1,78
7962,1,7962,variant_mid,12.99,10.0,2024-09-24,1,1,0,35.18,25.0,2,1,12
7963,1,7963,control,9.99,0.0,2024-07-05,0,0,0,105.22,24.1,3,1,58
7964,1,7964,variant_high,14.99,15.0,2024-04-25,0,0,0,71.08,6.6,3,1,51
7965,1,7965,variant_high,14.99,15.0,2025-10-21,1,0,0,456.05,51.9,1,0,42
7966,1,7966,variant_mid,12.99,10.0,2024-10-07,0,0,0,18.08,11.9,3,0,65
7967,1,7967,control,9.99,0.0,2025-08-22,0,0,0,150.32,42.2,1,1,71
7968,1,7968,variant_high,14.99,15.0,2025-01-17,0,0,0,782.64,0.0,6,1,29
7969,1,7969,variant_high,14.99,15.0,2025-06-29,1,0,0,1300.68,28.6,4,1,55
7970,1,7970,variant_high,14.99,15.0,2024-02-19,1,0,0,48.2,26.7,2,1,85
7971,1,7971,variant_high,14.99,15.0,2025-03-04,0,0,0,53.13,2.9,3,1,29
7972,1,7972,variant_mid,12.99,10.0,2025-11-19,0,0,0,276.97,0.0,3,0,4
7973,1,7973,variant_mid,12.99,10.0,2025-12-25,0,0,0,5.95,0.0,3,1,84
7974,1,7974,variant_mid,12.99,10.0,2024-05-27,1,0,0,195.8,43.3,4,1,49
7975,1,7975,control,9.99,0.0,2025-07-13,0,0,0,312.42,33.3,2,1,63
7976,1,7976,variant_mid,12.99,10.0,2025-11-12,1,1,1,142.76,44.1,2,1,8
7977,1,7977,control,9.99,0.0,2025-07-09,0,0,0,58.02,45.4,3,1,26
7978,1,7978,variant_high,14.99,15.0,2024-11-05,0,0,0,69.9,16.1,2,1,43
7979,1,7979,control,9.99,0.0,2024-04-07,1,0,0,236.05,77.1,0,0,79
7980,1,7980,variant_high,14.99,15.0,2025-02-09,0,0,0,335.42,0.0,3,1,46
7981,1,7981,control,9.99,0.0,2024-02-03,1,0,0,202.83,79.5,2,1,44
7982,1,7982,variant_high,14.99,15.0,2025-05-28,0,0,0,47.45,0.0,1,1,3
7983,1,7983,variant_mid,12.99,10.0,2024-11-05,0,0,0,358.74,10.0,2,0,80
7984,1,7984,variant_mid,12.99,10.0,2024-03-05,0,0,0,86.88,18.4,4,1,12
7985,1,7985,control,9.99,0.0,2025-06-07,0,0,0,30.06,27.5,2,1,6
7986,1,7986,variant_mid,12.99,10.0,2024-11-11,0,0,0,58.86,14.6,1,0,68
7987,1,7987,variant_mid,12.99,10.0,2025-01-10,0,0,0,168.98,19.9,2,1,32
7988,1,7988,variant_high,14.99,15.0,2024-08-09,1,0,0,30.44,50.6,3,0,32
7989,1,7989,variant_high,14.99,15.0,2024-11-24,0,0,0,146.35,15.2,4,0,87
7990,1,7990,variant_high,14.99,15.0,2024-05-09,0,0,0,44.67,18.6,4,0,86
7991,1,7991,control,9.99,0.0,2024-05-30,1,1,0,275.44,85.7,0,1,21
7992,1,7992,control,9.99,0.0,2025-05-13,0,0,0,54.67,0.0,1,1,2
7993,1,7993,variant_mid,12.99,10.0,2025-09-01,1,1,1,89.86,24.7,1,1,37
7994,1,7994,variant_mid,12.99,10.0,2024-05-06,1,1,1,222.55,74.7,2,1,50
7995,1,7995,variant_high,14.99,15.0,2024-05-03,0,0,0,184.03,0.0,3,1,0
7996,1,7996,variant_mid,12.99,10.0,2025-03-07,0,0,0,328.94,52.8,5,1,55
7997,1,7997,variant_mid,12.99,10.0,2025-02-20,1,1,1,33.56,70.6,1,1,29
7998,1,7998,variant_mid,12.99,10.0,2024-10-21,0,0,0,1351.67,8.6,1,1,64
7999,1,7999,variant_mid,12.99,10.0,2025-12-25,1,0,0,139.11,62.4,6,1,1
8000,1,8000,variant_high,14.99,15.0,2026-01-02,0,0,0,136.53,17.0,5,1,15
8001,1,8001,control,9.99,0.0,2025-04-26,1,1,1,69.38,55.4,0,1,70
8002,1,8002,control,9.99,0.0,2025-10-30,0,0,0,103.95,8.1,2,0,32
8003,1,8003,control,9.99,0.0,2024-12-16,1,0,0,235.58,85.9,4,0,27
8004,1,8004,control,9.99,0.0,2024-01-20,1,0,0,196.91,24.0,1,1,14
8005,1,8005,variant_mid,12.99,10.0,2024-03-27,1,1,0,80.27,29.6,3,1,49
8006,1,8006,variant_high,14.99,15.0,2025-08-19,1,1,1,195.37,37.9,4,1,4
8007,1,8007,variant_high,14.99,15.0,2024-04-01,0,0,0,1862.86,24.4,5,1,29
8008,1,8008,variant_high,14.99,15.0,2024-05-13,0,0,0,19.59,0.0,2,1,1
8009,1,8009,control,9.99,0.0,2025-05-29,1,0,0,34.33,38.2,2,1,8
8010,1,8010,control,9.99,0.0,2024-12-28,0,0,0,142.25,18.1,4,1,65
8011,1,8011,control,9.99,0.0,2024-06-26,0,0,0,434.43,0.0,3,1,14
8012,1,8012,variant_mid,12.99,10.0,2025-08-16,1,0,0,424.43,57.2,0,0,10
8013,1,8013,variant_mid,12.99,10.0,2025-06-15,0,0,0,71.51,20.1,3,1,84
8014,1,8014,control,9.99,0.0,2024-08-06,0,0,0,372.36,26.0,0,1,52
8015,1,8015,control,9.99,0.0,2024-05-30,1,1,1,112.5,73.9,1,1,9
8016,1,8016,variant_high,14.99,15.0,2025-07-07,1,0,0,624.49,76.0,6,1,16
8017,1,8017,control,9.99,0.0,2024-07-09,1,1,1,66.16,54.4,1,1,81
8018,1,8018,control,9.99,0.0,2024-07-10,0,0,0,88.44,0.0,1,1,60
8019,1,8019,variant_mid,12.99,10.0,2025-10-17,1,0,0,34.91,67.0,3,1,44
8020,1,8020,variant_mid,12.99,10.0,2025-10-03,0,0,0,53.91,0.0,4,0,48
8021,1,8021,variant_high,14.99,15.0,2025-12-23,0,0,0,26.5,0.0,4,1,83
8022,1,8022,variant_mid,12.99,10.0,2024-11-17,1,1,1,424.13,80.5,2,1,33
8023,1,8023,variant_high,14.99,15.0,2025-06-23,1,0,0,93.4,51.7,4,1,13
8024,1,8024,variant_high,14.99,15.0,2024-06-13,0,0,0,64.78,29.2,1,1,46
8025,1,8025,variant_mid,12.99,10.0,2026-01-11,1,1,1,77.0,52.4,1,1,3
8026,1,8026,variant_high,14.99,15.0,2024-02-14,0,0,0,144.43,0.0,3,0,82
8027,1,8027,variant_mid,12.99,10.0,2025-10-03,0,0,0,62.88,0.0,3,0,47
8028,1,8028,variant_high,14.99,15.0,2025-03-24,1,0,0,155.55,100.0,3,1,3
8029,1,8029,variant_mid,12.99,10.0,2025-11-26,0,0,0,22.78,15.2,3,0,76
8030,1,8030,control,9.99,0.0,2025-06-01,1,0,0,457.16,41.2,2,1,58
8031,1,8031,variant_mid,12.99,10.0,2024-05-23,0,0,0,132.98,0.0,3,1,34
8032,1,8032,variant_high,14.99,15.0,2025-05-27,1,0,0,547.72,76.0,4,0,15
8033,1,8033,variant_high,14.99,15.0,2025-07-07,1,1,0,160.26,34.5,3,0,17
8034,1,8034,control,9.99,0.0,2025-01-05,1,0,0,212.64,53.1,0,1,62
8035,1,8035,variant_mid,12.99,10.0,2025-03-08,0,0,0,67.31,4.8,4,0,3
8036,1,8036,variant_high,14.99,15.0,2024-11-06,1,1,1,318.71,70.7,4,0,71
8037,1,8037,variant_mid,12.99,10.0,2024-07-30,1,1,0,333.85,25.6,3,1,38
8038,1,8038,variant_mid,12.99,10.0,2025-04-07,1,1,1,159.2,80.2,1,1,75
8039,1,8039,variant_high,14.99,15.0,2025-01-09,1,1,0,205.03,17.1,5,1,40
8040,1,8040,variant_mid,12.99,10.0,2024-02-03,0,0,0,192.02,23.9,1,1,64
8041,1,8041,control,9.99,0.0,2025-07-22,1,1,1,59.57,73.9,1,1,81
8042,1,8042,control,9.99,0.0,2024-07-08,0,0,0,307.44,34.6,0,1,20
8043,1,8043,variant_mid,12.99,10.0,2024-02-09,0,0,0,33.72,29.8,2,1,85
8044,1,8044,variant_mid,12.99,10.0,2024-07-21,0,0,0,679.52,12.0,3,0,84
8045,1,8045,variant_high,14.99,15.0,2025-10-14,0,0,0,14.41,0.0,2,1,14
8046,1,8046,variant_high,14.99,15.0,2025-07-31,0,0,0,43.05,33.3,4,0,53
8047,1,8047,control,9.99,0.0,2024-11-07,1,0,0,39.4,57.8,3,1,24
8048,1,8048,variant_high,14.99,15.0,2024-11-28,1,1,1,171.55,64.0,3,0,84
8049,1,8049,control,9.99,0.0,2024-11-19,0,0,0,93.63,0.0,2,0,59
8050,1,8050,control,9.99,0.0,2024-02-21,1,0,0,179.11,54.1,3,1,39
8051,1,8051,variant_mid,12.99,10.0,2024-09-26,0,0,0,34.98,0.0,3,1,1
8052,1,8052,variant_mid,12.99,10.0,2025-10-25,0,0,0,39.24,52.8,2,1,12
8053,1,8053,control,9.99,0.0,2025-04-24,0,0,0,450.08,25.5,3,1,70
8054,1,8054,variant_mid,12.99,10.0,2024-10-08,0,0,0,40.77,13.8,1,0,47
8055,1,8055,variant_high,14.99,15.0,2026-01-08,1,1,1,302.67,38.8,4,1,88
8056,1,8056,variant_high,14.99,15.0,2024-03-08,0,0,0,30.3,0.0,1,0,32
8057,1,8057,variant_mid,12.99,10.0,2025-10-08,0,0,0,82.96,18.6,3,0,20
8058,1,8058,variant_high,14.99,15.0,2024-11-18,1,0,0,21.79,44.8,1,1,59
8059,1,8059,control,9.99,0.0,2025-01-18,1,0,0,65.69,35.1,2,1,59
8060,1,8060,control,9.99,0.0,2025-11-25,1,0,0,50.18,67.4,0,1,9
8061,1,8061,control,9.99,0.0,2025-11-29,0,0,0,245.42,0.0,1,0,61
8062,1,8062,control,9.99,0.0,2025-08-24,0,0,0,484.36,27.9,2,1,12
8063,1,8063,control,9.99,0.0,2025-01-25,0,0,0,26.19,0.0,2,1,82
8064,1,8064,control,9.99,0.0,2025-03-15,0,0,0,56.6,0.0,2,1,31
8065,1,8065,variant_mid,12.99,10.0,2025-11-10,0,0,0,81.21,11.2,3,1,24
8066,1,8066,control,9.99,0.0,2025-07-13,1,0,0,43.94,70.2,3,0,39
8067,1,8067,control,9.99,0.0,2024-08-14,0,0,0,41.78,31.7,4,1,36
8068,1,8068,variant_mid,12.99,10.0,2025-01-17,1,1,0,403.37,90.2,2,1,3
8069,1,8069,variant_mid,12.99,10.0,2025-08-25,1,1,0,108.39,41.8,5,1,80
8070,1,8070,variant_mid,12.99,10.0,2025-08-12,1,1,0,113.61,61.8,0,1,44
8071,1,8071,control,9.99,0.0,2024-08-14,1,0,0,68.1,81.2,1,1,59
8072,1,8072,variant_high,14.99,15.0,2025-09-12,1,0,0,232.35,100.0,2,1,42
8073,1,8073,variant_high,14.99,15.0,2025-02-21,0,0,0,82.47,22.4,3,0,80
8074,1,8074,control,9.99,0.0,2024-09-05,1,1,0,24.39,82.2,4,1,68
8075,1,8075,variant_mid,12.99,10.0,2025-01-13,1,0,0,180.5,45.5,1,1,27
8076,1,8076,variant_high,14.99,15.0,2024-12-07,1,0,0,301.92,68.3,2,1,10
8077,1,8077,variant_mid,12.99,10.0,2024-03-02,0,0,0,991.28,33.8,3,1,41
8078,1,8078,control,9.99,0.0,2024-06-14,0,0,0,150.27,42.8,2,1,81
8079,1,8079,control,9.99,0.0,2024-04-19,0,0,0,106.46,0.0,4,1,21
8080,1,8080,variant_mid,12.99,10.0,2025-05-27,0,0,0,45.07,1.4,3,0,75
8081,1,8081,variant_mid,12.99,10.0,2024-11-10,1,1,0,55.63,90.5,0,1,55
8082,1,8082,variant_high,14.99,15.0,2024-04-16,0,0,0,100.1,0.0,5,1,7
8083,1,8083,control,9.99,0.0,2025-03-15,1,1,1,161.05,62.6,2,1,86
8084,1,8084,control,9.99,0.0,2024-12-25,1,1,0,15.69,55.8,1,1,80
8085,1,8085,variant_mid,12.99,10.0,2025-05-11,1,0,0,204.43,67.3,3,1,36
8086,1,8086,variant_mid,12.99,10.0,2025-12-26,0,0,0,68.82,13.6,1,1,0
8087,1,8087,variant_mid,12.99,10.0,2026-01-07,1,1,1,26.34,24.1,2,0,22
8088,1,8088,control,9.99,0.0,2024-12-12,1,0,0,15.53,51.6,3,0,69
8089,1,8089,variant_mid,12.99,10.0,2024-02-04,0,0,0,51.94,5.1,3,1,15
8090,1,8090,variant_high,14.99,15.0,2024-03-05,1,0,0,76.76,60.0,4,0,62
8091,1,8091,variant_high,14.99,15.0,2024-04-30,0,0,0,28.49,7.7,2,1,89
8092,1,8092,variant_high,14.99,15.0,2024-01-19,0,0,0,107.03,6.7,3,1,29
8093,1,8093,variant_mid,12.99,10.0,2025-04-28,0,0,0,67.38,0.0,5,0,52
8094,1,8094,variant_high,14.99,15.0,2025-12-11,1,1,0,40.45,79.1,1,1,12
8095,1,8095,variant_mid,12.99,10.0,2025-07-08,1,0,0,143.45,83.8,4,0,84
8096,1,8096,control,9.99,0.0,2025-06-09,1,1,1,585.03,77.5,1,1,14
8097,1,8097,variant_high,14.99,15.0,2024-08-26,1,0,0,53.33,45.2,4,1,11
8098,1,8098,control,9.99,0.0,2025-06-21,0,0,0,69.44,0.0,3,0,68
8099,1,8099,control,9.99,0.0,2025-01-11,1,1,1,32.46,49.3,4,0,12
8100,1,8100,control,9.99,0.0,2024-10-07,1,1,0,93.74,76.3,3,1,64
8101,1,8101,variant_mid,12.99,10.0,2024-02-21,0,0,0,152.51,0.4,1,1,30
8102,1,8102,variant_mid,12.99,10.0,2025-01-05,1,1,1,21.6,79.7,4,1,23
8103,1,8103,variant_mid,12.99,10.0,2024-11-04,0,0,0,45.13,0.0,2,0,88
8104,1,8104,control,9.99,0.0,2025-02-26,0,0,0,280.15,10.2,3,1,42
8105,1,8105,control,9.99,0.0,2024-12-06,0,0,0,69.41,0.0,0,1,65
8106,1,8106,control,9.99,0.0,2025-07-26,1,0,0,490.27,37.8,2,1,73
8107,1,8107,control,9.99,0.0,2025-11-07,1,0,0,610.3,59.3,2,1,86
8108,1,8108,control,9.99,0.0,2025-01-15,1,1,1,124.67,57.0,3,0,17
8109,1,8109,control,9.99,0.0,2024-09-23,1,0,0,181.24,77.1,4,0,82
8110,1,8110,variant_high,14.99,15.0,2024-08-15,0,0,0,100.69,0.0,6,1,61
8111,1,8111,variant_high,14.99,15.0,2025-10-14,1,0,0,836.17,58.5,6,1,20
8112,1,8112,variant_mid,12.99,10.0,2025-02-02,1,0,0,402.9,82.5,1,1,24
8113,1,8113,variant_mid,12.99,10.0,2025-12-23,0,0,0,13.61,6.7,1,1,58
8114,1,8114,variant_high,14.99,15.0,2025-05-17,0,0,0,161.97,38.2,2,1,56
8115,1,8115,variant_mid,12.99,10.0,2025-03-09,0,0,0,282.4,0.0,0,1,26
8116,1,8116,variant_high,14.99,15.0,2024-02-15,0,0,0,805.26,0.0,4,1,40
8117,1,8117,variant_high,14.99,15.0,2025-06-19,0,0,0,339.76,25.3,1,0,77
8118,1,8118,control,9.99,0.0,2024-12-29,0,0,0,146.38,31.7,1,1,51
8119,1,8119,control,9.99,0.0,2024-03-30,1,0,0,34.63,48.5,0,1,16
8120,1,8120,control,9.99,0.0,2024-09-28,0,0,0,138.69,0.0,2,1,60
8121,1,8121,variant_mid,12.99,10.0,2024-12-06,0,0,0,67.38,21.7,5,1,5
8122,1,8122,variant_high,14.99,15.0,2025-10-28,0,0,0,97.01,54.3,3,1,79
8123,1,8123,control,9.99,0.0,2025-04-25,1,0,0,84.8,75.8,2,1,56
8124,1,8124,variant_high,14.99,15.0,2024-10-15,1,0,0,93.23,70.9,4,0,40
8125,1,8125,variant_mid,12.99,10.0,2025-12-22,1,1,1,28.73,87.8,2,1,67
8126,1,8126,variant_mid,12.99,10.0,2025-04-20,1,0,0,40.63,83.5,5,1,18
8127,1,8127,variant_high,14.99,15.0,2025-12-18,0,0,0,130.32,27.8,4,0,24
8128,1,8128,variant_mid,12.99,10.0,2024-12-01,1,1,1,43.25,46.5,6,1,3
8129,1,8129,variant_high,14.99,15.0,2025-09-18,1,0,0,113.8,85.8,0,1,28
8130,1,8130,variant_high,14.99,15.0,2025-09-05,0,0,0,619.38,0.0,6,1,81
8131,1,8131,variant_mid,12.99,10.0,2025-06-10,1,1,0,53.6,87.7,2,1,40
8132,1,8132,control,9.99,0.0,2025-11-28,0,0,0,783.55,3.7,0,1,53
8133,1,8133,variant_mid,12.99,10.0,2025-02-11,1,0,0,36.6,50.2,3,1,22
8134,1,8134,variant_mid,12.99,10.0,2024-03-19,0,0,0,33.75,0.0,3,1,54
8135,1,8135,variant_high,14.99,15.0,2024-10-15,1,1,0,376.53,42.0,3,1,16
8136,1,8136,control,9.99,0.0,2024-01-31,0,0,0,771.84,22.9,1,0,80
8137,1,8137,control,9.99,0.0,2024-07-21,0,0,0,160.55,2.4,1,1,22
8138,1,8138,variant_mid,12.99,10.0,2025-06-11,0,0,0,353.2,0.0,3,1,85
8139,1,8139,variant_high,14.99,15.0,2024-04-04,0,0,0,39.44,0.0,1,1,48
8140,1,8140,variant_mid,12.99,10.0,2025-04-14,0,0,0,37.19,12.0,1,0,15
8141,1,8141,control,9.99,0.0,2025-04-26,1,1,0,42.56,9.5,0,1,37
8142,1,8142,variant_high,14.99,15.0,2025-02-19,1,1,0,42.61,56.4,4,1,55
8143,1,8143,variant_mid,12.99,10.0,2025-05-23,1,1,1,208.95,60.3,3,1,66
8144,1,8144,variant_mid,12.99,10.0,2024-11-29,0,0,0,98.38,41.4,0,1,79
8145,1,8145,variant_mid,12.99,10.0,2025-04-30,0,0,0,205.13,0.0,2,1,15
8146,1,8146,variant_high,14.99,15.0,2025-07-07,1,0,0,111.26,30.0,0,1,86
8147,1,8147,control,9.99,0.0,2025-03-20,0,0,0,244.65,15.6,0,1,42
8148,1,8148,control,9.99,0.0,2025-06-09,0,0,0,169.56,0.0,1,1,0
8149,1,8149,variant_high,14.99,15.0,2025-07-20,1,1,1,143.87,57.8,3,1,83
8150,1,8150,control,9.99,0.0,2024-11-01,1,0,0,50.99,59.5,3,0,50
8151,1,8151,control,9.99,0.0,2025-11-14,1,1,1,148.64,86.3,3,1,9
8152,1,8152,variant_mid,12.99,10.0,2024-08-30,0,0,0,9.92,15.6,2,1,26
8153,1,8153,variant_mid,12.99,10.0,2024-02-21,1,0,0,7.4,61.1,4,1,88
8154,1,8154,variant_high,14.99,15.0,2025-12-20,0,0,0,87.69,0.0,3,1,69
8155,1,8155,variant_high,14.99,15.0,2025-09-16,1,1,1,124.32,64.6,2,1,24
8156,1,8156,control,9.99,0.0,2024-11-08,1,0,0,32.58,60.9,1,1,64
8157,1,8157,control,9.99,0.0,2024-06-23,0,0,0,187.37,19.8,5,1,14
8158,1,8158,variant_high,14.99,15.0,2024-06-13,1,1,0,97.42,60.8,2,1,18
8159,1,8159,control,9.99,0.0,2025-03-07,1,1,1,89.79,92.5,2,1,16
8160,1,8160,variant_high,14.99,15.0,2025-12-06,1,0,0,45.29,43.4,1,0,62
8161,1,8161,control,9.99,0.0,2024-09-02,1,1,1,103.71,67.0,0,1,83
8162,1,8162,variant_mid,12.99,10.0,2025-06-17,0,0,0,189.61,0.0,4,1,53
8163,1,8163,variant_mid,12.99,10.0,2024-09-29,1,1,1,40.05,82.0,4,1,58
8164,1,8164,variant_mid,12.99,10.0,2025-03-03,1,1,0,58.41,41.1,4,1,22
8165,1,8165,variant_mid,12.99,10.0,2025-04-11,0,0,0,217.07,6.2,2,1,25
8166,1,8166,control,9.99,0.0,2025-07-19,1,0,0,144.71,52.5,1,1,75
8167,1,8167,control,9.99,0.0,2025-06-28,0,0,0,117.99,0.0,2,0,76
8168,1,8168,variant_mid,12.99,10.0,2024-06-11,0,0,0,23.64,10.1,5,1,43
8169,1,8169,variant_high,14.99,15.0,2024-03-22,1,0,0,144.3,45.3,4,0,8
8170,1,8170,variant_mid,12.99,10.0,2025-02-13,1,0,0,314.82,68.7,0,1,38
8171,1,8171,variant_mid,12.99,10.0,2024-10-30,0,0,0,90.23,6.8,3,1,51
8172,1,8172,variant_high,14.99,15.0,2024-07-25,1,0,0,193.34,65.2,2,0,61
8173,1,8173,variant_mid,12.99,10.0,2024-06-11,0,0,0,430.28,21.0,1,1,35
8174,1,8174,variant_mid,12.99,10.0,2025-10-11,0,0,0,139.25,0.0,1,1,76
8175,1,8175,control,9.99,0.0,2024-03-05,0,0,0,43.21,3.3,2,1,38
8176,1,8176,variant_high,14.99,15.0,2024-04-25,1,0,0,31.49,73.3,5,0,71
8177,1,8177,control,9.99,0.0,2024-09-10,1,0,0,116.25,59.6,4,1,1
8178,1,8178,control,9.99,0.0,2024-06-11,1,0,0,5.0,51.3,0,0,14
8179,1,8179,control,9.99,0.0,2024-02-20,0,0,0,106.04,28.6,3,1,52
8180,1,8180,control,9.99,0.0,2024-06-27,1,1,0,108.17,59.0,2,1,42
8181,1,8181,variant_mid,12.99,10.0,2024-09-23,1,0,0,55.61,78.6,1,1,19
8182,1,8182,control,9.99,0.0,2024-12-05,1,0,0,12.88,63.9,2,1,14
8183,1,8183,variant_mid,12.99,10.0,2025-02-05,0,0,0,176.98,10.7,3,1,20
8184,1,8184,variant_mid,12.99,10.0,2024-04-13,1,0,0,156.23,51.4,2,0,50
8185,1,8185,control,9.99,0.0,2025-12-20,1,1,0,111.13,47.6,1,1,0
8186,1,8186,control,9.99,0.0,2025-02-05,0,0,0,107.34,5.3,0,1,76
8187,1,8187,control,9.99,0.0,2024-11-09,0,0,0,58.55,34.0,1,1,31
8188,1,8188,variant_mid,12.99,10.0,2025-06-25,1,0,0,1462.3,63.4,4,1,41
8189,1,8189,variant_mid,12.99,10.0,2025-11-19,1,0,0,181.67,58.5,2,1,50
8190,1,8190,control,9.99,0.0,2024-01-16,0,0,0,956.44,6.5,0,1,5
8191,1,8191,control,9.99,0.0,2025-01-11,1,0,0,22.31,96.7,4,1,45
8192,1,8192,control,9.99,0.0,2025-10-13,1,0,0,125.29,65.5,4,1,39
8193,1,8193,variant_high,14.99,15.0,2024-06-23,0,0,0,48.09,0.0,1,1,35
8194,1,8194,variant_high,14.99,15.0,2025-10-03,0,0,0,240.41,17.3,3,1,45
8195,1,8195,variant_mid,12.99,10.0,2025-03-09,1,1,1,54.33,66.2,5,1,12
8196,1,8196,variant_high,14.99,15.0,2024-02-27,0,0,0,102.21,26.1,3,0,0
8197,1,8197,control,9.99,0.0,2025-10-18,1,1,1,2406.67,68.4,4,1,25
8198,1,8198,variant_mid,12.99,10.0,2024-03-01,0,0,0,14.9,0.0,4,0,3
8199,1,8199,variant_mid,12.99,10.0,2025-06-10,0,0,0,60.48,0.0,2,1,7
8200,1,8200,variant_mid,12.99,10.0,2025-02-26,0,0,0,124.6,55.4,1,0,17
8201,1,8201,variant_high,14.99,15.0,2025-08-20,0,0,0,111.92,28.3,3,1,68
8202,1,8202,variant_mid,12.99,10.0,2024-08-17,0,0,0,70.61,7.8,2,1,31
8203,1,8203,variant_high,14.99,15.0,2024-04-03,0,0,0,17.19,17.8,2,1,70
8204,1,8204,control,9.99,0.0,2024-12-30,1,0,0,55.88,66.6,1,1,89
8205,1,8205,control,9.99,0.0,2025-06-30,1,1,1,327.88,63.0,1,1,21
8206,1,8206,variant_mid,12.99,10.0,2025-02-22,1,1,0,92.65,70.4,3,1,76
8207,1,8207,control,9.99,0.0,2024-03-09,0,0,0,234.4,10.4,0,1,42
8208,1,8208,control,9.99,0.0,2025-04-27,1,1,1,10.43,69.4,1,1,61
8209,1,8209,control,9.99,0.0,2024-11-08,0,0,0,378.27,3.9,2,1,31
8210,1,8210,variant_mid,12.99,10.0,2025-06-29,1,1,1,16.17,75.2,1,1,44
8211,1,8211,variant_high,14.99,15.0,2025-11-11,1,1,1,55.82,46.7,3,1,72
8212,1,8212,variant_mid,12.99,10.0,2025-10-06,0,0,0,32.75,26.0,3,1,32
8213,1,8213,variant_mid,12.99,10.0,2026-01-03,0,0,0,94.29,53.6,4,0,11
8214,1,8214,control,9.99,0.0,2025-04-04,0,0,0,146.91,13.3,2,1,70
8215,1,8215,variant_mid,12.99,10.0,2025-07-01,1,1,0,18.79,54.8,1,0,18
8216,1,8216,control,9.99,0.0,2024-03-23,0,0,0,165.44,0.0,3,1,46
8217,1,8217,control,9.99,0.0,2024-05-18,0,0,0,365.99,6.0,3,1,59
8218,1,8218,variant_mid,12.99,10.0,2024-04-13,0,0,0,453.15,0.0,4,1,16
8219,1,8219,control,9.99,0.0,2025-07-07,0,0,0,173.71,0.0,1,0,6
8220,1,8220,control,9.99,0.0,2025-04-04,1,1,1,56.5,51.0,1,0,59
8221,1,8221,variant_high,14.99,15.0,2025-11-05,1,1,0,79.61,49.5,5,0,80
8222,1,8222,variant_mid,12.99,10.0,2025-06-19,1,1,1,34.29,60.6,5,1,17
8223,1,8223,variant_high,14.99,15.0,2025-10-16,1,0,0,169.82,61.7,1,1,52
8224,1,8224,variant_mid,12.99,10.0,2025-07-08,1,1,1,37.77,55.2,3,1,89
8225,1,8225,control,9.99,0.0,2025-04-11,0,0,0,108.57,5.7,5,1,86
8226,1,8226,variant_mid,12.99,10.0,2025-01-18,0,0,0,39.3,21.4,0,1,19
8227,1,8227,variant_high,14.99,15.0,2024-04-28,0,0,0,96.38,21.3,6,1,41
8228,1,8228,variant_high,14.99,15.0,2025-03-24,1,0,0,443.74,69.1,2,1,0
8229,1,8229,variant_mid,12.99,10.0,2025-02-04,0,0,0,138.63,14.7,3,1,37
8230,1,8230,control,9.99,0.0,2026-01-01,0,0,0,137.91,0.0,1,1,3
8231,1,8231,variant_mid,12.99,10.0,2025-11-14,1,0,0,164.26,43.6,3,1,67
8232,1,8232,control,9.99,0.0,2024-09-22,0,0,0,311.4,1.3,1,0,6
8233,1,8233,control,9.99,0.0,2024-05-30,0,0,0,69.24,0.0,2,0,85
8234,1,8234,control,9.99,0.0,2024-06-12,1,0,0,127.67,48.2,1,1,25
8235,1,8235,control,9.99,0.0,2025-01-08,1,1,0,95.84,76.3,7,1,27
8236,1,8236,variant_mid,12.99,10.0,2025-12-21,0,0,0,248.69,5.5,2,1,56
8237,1,8237,variant_high,14.99,15.0,2025-09-26,1,1,0,72.5,79.5,2,1,15
8238,1,8238,variant_mid,12.99,10.0,2025-11-10,0,0,0,582.12,1.3,3,1,81
8239,1,8239,variant_high,14.99,15.0,2024-07-06,0,0,0,57.69,0.0,2,1,1
8240,1,8240,variant_high,14.99,15.0,2024-01-19,1,1,0,15.13,60.5,2,1,75
8241,1,8241,control,9.99,0.0,2025-05-12,1,1,1,36.17,61.2,1,1,0
8242,1,8242,variant_mid,12.99,10.0,2024-11-07,1,1,0,128.93,54.8,1,1,53
8243,1,8243,variant_high,14.99,15.0,2024-12-17,0,0,0,11.85,0.0,2,1,28
8244,1,8244,control,9.99,0.0,2025-07-07,1,1,1,268.43,82.1,0,0,85
8245,1,8245,variant_mid,12.99,10.0,2025-12-24,1,1,0,29.02,42.5,3,1,67
8246,1,8246,variant_high,14.99,15.0,2024-05-27,1,0,0,221.54,67.6,5,0,22
8247,1,8247,variant_high,14.99,15.0,2025-04-05,0,0,0,1109.42,0.8,2,0,25
8248,1,8248,variant_mid,12.99,10.0,2024-02-13,0,0,0,98.73,21.2,2,0,2
8249,1,8249,variant_mid,12.99,10.0,2025-01-10,1,0,0,60.91,55.1,5,0,48
8250,1,8250,variant_mid,12.99,10.0,2024-02-15,0,0,0,24.85,53.6,3,1,60
8251,1,8251,variant_high,14.99,15.0,2025-08-25,1,1,1,147.52,29.9,2,0,36
8252,1,8252,variant_high,14.99,15.0,2025-02-26,0,0,0,77.41,0.0,4,1,78
8253,1,8253,control,9.99,0.0,2024-07-13,0,0,0,209.71,0.0,1,1,11
8254,1,8254,variant_mid,12.99,10.0,2024-06-22,0,0,0,70.09,15.1,9,1,4
8255,1,8255,variant_high,14.99,15.0,2025-04-30,1,0,0,70.89,83.7,2,1,49
8256,1,8256,variant_mid,12.99,10.0,2024-07-16,1,0,0,161.3,91.8,1,1,10
8257,1,8257,variant_high,14.99,15.0,2024-10-27,0,0,0,535.33,16.3,2,1,88
8258,1,8258,variant_mid,12.99,10.0,2024-01-14,0,0,0,719.21,10.4,4,0,27
8259,1,8259,variant_mid,12.99,10.0,2024-09-23,1,1,1,153.58,54.9,1,1,89
8260,1,8260,variant_mid,12.99,10.0,2025-06-25,1,0,0,251.21,92.8,7,1,77
8261,1,8261,variant_mid,12.99,10.0,2024-02-22,0,0,0,321.39,26.0,3,1,60
8262,1,8262,control,9.99,0.0,2025-09-21,1,1,1,68.88,54.1,0,0,13
8263,1,8263,variant_high,14.99,15.0,2024-08-02,0,0,0,57.32,24.4,3,0,65
8264,1,8264,variant_mid,12.99,10.0,2025-07-07,0,0,0,187.82,41.1,2,1,13
8265,1,8265,variant_high,14.99,15.0,2024-04-22,0,0,0,190.73,0.0,2,0,5
8266,1,8266,control,9.99,0.0,2024-04-16,0,0,0,147.19,0.0,3,1,28
8267,1,8267,variant_high,14.99,15.0,2025-10-16,0,0,0,95.13,38.6,3,0,47
8268,1,8268,control,9.99,0.0,2025-12-07,1,1,0,55.11,47.4,1,1,85
8269,1,8269,variant_high,14.99,15.0,2024-07-28,0,0,0,633.53,0.2,1,1,14
8270,1,8270,variant_high,14.99,15.0,2025-12-22,0,0,0,304.81,38.7,2,1,26
8271,1,8271,variant_high,14.99,15.0,2025-08-31,0,0,0,51.94,14.4,1,0,15
8272,1,8272,variant_mid,12.99,10.0,2024-07-11,1,0,0,51.25,21.9,1,1,6
8273,1,8273,control,9.99,0.0,2025-08-24,1,1,1,306.03,42.2,3,0,58
8274,1,8274,variant_high,14.99,15.0,2026-01-07,1,0,0,27.93,70.9,1,1,2
8275,1,8275,control,9.99,0.0,2024-08-08,1,0,0,41.23,63.8,0,1,54
8276,1,8276,control,9.99,0.0,2024-12-03,0,0,0,115.73,0.0,1,1,21
8277,1,8277,control,9.99,0.0,2024-07-31,0,0,0,208.23,0.0,1,1,39
8278,1,8278,variant_high,14.99,15.0,2024-02-14,1,1,1,474.61,46.9,0,1,51
8279,1,8279,variant_high,14.99,15.0,2025-11-17,1,0,0,9.01,64.5,5,1,51
8280,1,8280,variant_high,14.99,15.0,2025-03-11,1,1,0,56.14,46.6,4,0,75
8281,1,8281,variant_mid,12.99,10.0,2024-05-17,1,1,1,515.21,37.0,1,1,50
8282,1,8282,variant_mid,12.99,10.0,2025-02-03,1,1,1,130.47,80.4,1,0,54
8283,1,8283,variant_high,14.99,15.0,2025-08-10,1,0,0,149.08,32.1,6,1,54
8284,1,8284,variant_mid,12.99,10.0,2025-10-01,1,1,0,146.29,14.8,2,1,63
8285,1,8285,variant_mid,12.99,10.0,2025-08-03,1,1,1,21.9,44.5,3,1,7
8286,1,8286,variant_high,14.99,15.0,2024-09-20,1,1,1,10.64,84.1,2,1,13
8287,1,8287,variant_high,14.99,15.0,2025-11-07,0,0,0,398.11,14.1,5,1,87
8288,1,8288,variant_mid,12.99,10.0,2025-08-01,0,0,0,178.24,1.6,2,1,79
8289,1,8289,variant_mid,12.99,10.0,2024-12-06,1,1,0,72.55,54.2,1,1,1
8290,1,8290,variant_high,14.99,15.0,2025-08-08,0,0,0,199.47,7.1,2,0,58
8291,1,8291,variant_high,14.99,15.0,2026-01-13,1,1,1,5.0,48.7,4,1,20
8292,1,8292,control,9.99,0.0,2024-02-02,0,0,0,264.18,0.0,4,1,68
8293,1,8293,variant_high,14.99,15.0,2025-04-01,1,1,1,146.79,90.0,0,1,68
8294,1,8294,variant_high,14.99,15.0,2025-05-11,1,1,1,101.39,70.2,5,1,81
8295,1,8295,variant_high,14.99,15.0,2025-10-16,0,0,0,46.97,12.1,5,0,45
8296,1,8296,variant_mid,12.99,10.0,2024-12-22,0,0,0,77.79,29.9,2,1,25
8297,1,8297,control,9.99,0.0,2024-09-22,1,0,0,38.84,39.1,3,1,73
8298,1,8298,control,9.99,0.0,2024-05-29,0,0,0,36.39,15.6,0,1,85
8299,1,8299,control,9.99,0.0,2024-11-15,1,0,0,26.89,78.8,1,1,56
8300,1,8300,variant_mid,12.99,10.0,2024-11-06,1,1,1,120.67,57.5,5,0,8
8301,1,8301,variant_high,14.99,15.0,2025-09-08,0,0,0,285.93,0.9,1,0,7
8302,1,8302,variant_mid,12.99,10.0,2025-09-21,0,0,0,70.19,28.2,2,1,33
8303,1,8303,variant_mid,12.99,10.0,2025-01-04,1,0,0,132.7,42.9,2,1,64
8304,1,8304,control,9.99,0.0,2025-06-07,0,0,0,148.23,22.6,1,1,45
8305,1,8305,variant_high,14.99,15.0,2025-06-29,1,0,0,122.33,61.6,2,0,48
8306,1,8306,variant_high,14.99,15.0,2025-04-04,0,0,0,112.26,16.3,1,0,1
8307,1,8307,variant_mid,12.99,10.0,2025-07-12,0,0,0,128.78,0.3,4,1,53
8308,1,8308,control,9.99,0.0,2024-03-17,0,0,0,83.4,11.1,2,0,86
8309,1,8309,control,9.99,0.0,2024-12-10,0,0,0,139.2,0.0,0,1,88
8310,1,8310,variant_mid,12.99,10.0,2025-05-19,1,0,0,144.76,79.8,4,1,87
8311,1,8311,variant_high,14.99,15.0,2025-01-27,0,0,0,318.09,0.0,2,0,37
8312,1,8312,variant_high,14.99,15.0,2025-07-09,0,0,0,336.72,0.0,2,1,50
8313,1,8313,variant_high,14.99,15.0,2024-08-24,1,0,0,125.7,57.7,2,0,27
8314,1,8314,variant_high,14.99,15.0,2025-11-27,0,0,0,20.47,19.1,4,1,45
8315,1,8315,variant_mid,12.99,10.0,2024-04-17,0,0,0,44.54,0.0,4,0,78
8316,1,8316,control,9.99,0.0,2025-08-06,0,0,0,457.33,17.8,2,0,76
8317,1,8317,variant_mid,12.99,10.0,2025-07-04,0,0,0,186.4,19.5,3,0,35
8318,1,8318,control,9.99,0.0,2024-03-19,0,0,0,292.19,32.6,2,1,35
8319,1,8319,control,9.99,0.0,2024-07-13,1,1,0,82.16,62.9,0,1,84
8320,1,8320,control,9.99,0.0,2025-11-30,0,0,0,365.42,5.7,0,1,31
8321,1,8321,control,9.99,0.0,2025-05-16,1,1,0,23.28,84.8,2,1,12
8322,1,8322,control,9.99,0.0,2025-08-04,1,0,0,32.14,65.1,0,1,17
8323,1,8323,variant_high,14.99,15.0,2025-09-13,1,1,1,21.83,28.3,4,1,45
8324,1,8324,variant_mid,12.99,10.0,2024-01-08,0,0,0,50.63,0.0,3,1,38
8325,1,8325,variant_mid,12.99,10.0,2025-09-21,0,0,0,67.48,0.0,1,1,54
8326,1,8326,control,9.99,0.0,2025-06-11,1,1,1,863.05,32.4,2,0,0
8327,1,8327,variant_mid,12.99,10.0,2024-07-04,0,0,0,36.05,53.3,1,1,9
8328,1,8328,variant_high,14.99,15.0,2024-08-23,1,1,1,17.25,64.8,2,1,10
8329,1,8329,variant_mid,12.99,10.0,2024-10-20,0,0,0,55.51,20.0,1,1,20
8330,1,8330,variant_high,14.99,15.0,2025-04-01,0,0,0,30.33,20.6,0,0,41
8331,1,8331,variant_high,14.99,15.0,2024-07-22,0,0,0,27.16,4.4,3,1,6
8332,1,8332,variant_high,14.99,15.0,2024-07-26,1,1,1,643.26,44.6,1,0,89
8333,1,8333,variant_mid,12.99,10.0,2025-02-16,1,1,0,331.13,88.4,3,0,37
8334,1,8334,control,9.99,0.0,2025-06-19,0,0,0,27.6,7.7,4,1,35
8335,1,8335,control,9.99,0.0,2024-11-26,0,0,0,115.78,0.0,2,0,85
8336,1,8336,variant_high,14.99,15.0,2024-05-23,1,0,0,45.91,54.5,1,1,61
8337,1,8337,variant_high,14.99,15.0,2024-04-08,0,0,0,22.14,0.0,2,0,78
8338,1,8338,variant_high,14.99,15.0,2025-09-08,0,0,0,34.75,43.1,2,1,26
8339,1,8339,control,9.99,0.0,2025-01-10,1,1,0,106.56,60.9,2,1,83
8340,1,8340,control,9.99,0.0,2024-03-04,1,0,0,30.45,57.6,2,1,16
8341,1,8341,variant_mid,12.99,10.0,2024-10-18,0,0,0,64.82,0.0,5,1,70
8342,1,8342,variant_high,14.99,15.0,2024-02-06,0,0,0,150.71,0.0,3,1,55
8343,1,8343,control,9.99,0.0,2024-06-06,1,0,0,5.0,76.5,5,1,17
8344,1,8344,control,9.99,0.0,2024-04-24,0,0,0,149.91,19.4,1,1,35
8345,1,8345,variant_mid,12.99,10.0,2025-11-17,0,0,0,36.75,2.2,2,0,18
8346,1,8346,control,9.99,0.0,2024-10-12,0,0,0,85.4,26.2,2,1,54
8347,1,8347,control,9.99,0.0,2024-05-19,1,1,1,23.47,40.9,1,1,85
8348,1,8348,control,9.99,0.0,2025-05-13,0,0,0,98.47,3.1,5,1,36
8349,1,8349,variant_mid,12.99,10.0,2026-01-15,0,0,0,45.4,11.4,4,1,41
8350,1,8350,control,9.99,0.0,2024-12-21,1,1,1,35.66,71.7,0,0,59
8351,1,8351,control,9.99,0.0,2024-05-13,0,0,0,86.61,28.8,2,1,37
8352,1,8352,variant_mid,12.99,10.0,2024-12-22,1,1,0,38.76,64.1,3,1,35
8353,1,8353,variant_high,14.99,15.0,2025-04-08,1,1,0,249.92,38.6,6,1,19
8354,1,8354,variant_mid,12.99,10.0,2025-09-24,0,0,0,33.36,6.4,2,0,59
8355,1,8355,variant_high,14.99,15.0,2024-04-25,0,0,0,312.68,5.4,5,1,30
8356,1,8356,variant_mid,12.99,10.0,2025-03-02,0,0,0,157.67,8.2,2,1,16
8357,1,8357,variant_high,14.99,15.0,2024-02-19,0,0,0,57.73,0.0,4,0,54
8358,1,8358,control,9.99,0.0,2025-01-09,1,0,0,96.89,69.2,2,1,52
8359,1,8359,control,9.99,0.0,2024-01-17,1,1,0,369.1,75.3,3,1,11
8360,1,8360,variant_high,14.99,15.0,2024-11-06,1,0,0,146.21,40.4,4,1,13
8361,1,8361,control,9.99,0.0,2024-12-30,1,1,0,287.26,35.6,3,1,24
8362,1,8362,control,9.99,0.0,2026-01-04,1,0,0,170.3,67.7,2,1,0
8363,1,8363,control,9.99,0.0,2024-06-08,0,0,0,11.93,0.0,0,0,22
8364,1,8364,variant_high,14.99,15.0,2024-06-29,1,1,1,29.09,43.5,2,0,82
8365,1,8365,variant_high,14.99,15.0,2025-03-12,0,0,0,65.32,31.9,5,1,52
8366,1,8366,control,9.99,0.0,2024-05-07,0,0,0,65.38,22.0,2,1,70
8367,1,8367,control,9.99,0.0,2024-02-20,1,0,0,60.43,73.4,3,0,78
8368,1,8368,control,9.99,0.0,2025-01-09,0,0,0,282.1,17.5,3,1,56
8369,1,8369,control,9.99,0.0,2024-07-04,0,0,0,545.52,28.7,5,1,17
8370,1,8370,control,9.99,0.0,2025-05-27,1,1,0,92.15,70.9,1,0,41
8371,1,8371,control,9.99,0.0,2024-03-15,0,0,0,280.57,7.6,0,1,24
8372,1,8372,variant_high,14.99,15.0,2024-02-05,1,1,1,399.53,75.9,0,1,52
8373,1,8373,variant_high,14.99,15.0,2024-07-01,0,0,0,96.99,6.5,2,1,73
8374,1,8374,control,9.99,0.0,2025-10-02,0,0,0,102.67,18.6,2,1,66
8375,1,8375,control,9.99,0.0,2025-02-07,1,0,0,33.23,65.7,5,0,21
8376,1,8376,variant_mid,12.99,10.0,2024-08-13,0,0,0,61.07,11.9,1,1,79
8377,1,8377,control,9.99,0.0,2025-03-29,0,0,0,261.02,25.1,3,0,26
8378,1,8378,control,9.99,0.0,2025-04-30,1,0,0,126.91,86.8,2,1,55
8379,1,8379,control,9.99,0.0,2024-11-20,1,0,0,136.8,82.4,3,1,53
8380,1,8380,variant_mid,12.99,10.0,2024-05-22,0,0,0,97.38,16.0,2,1,33
8381,1,8381,control,9.99,0.0,2024-10-13,1,1,1,43.81,79.6,4,1,83
8382,1,8382,control,9.99,0.0,2025-10-04,1,1,1,27.05,77.2,3,0,43
8383,1,8383,variant_high,14.99,15.0,2025-05-31,1,0,0,159.95,76.3,3,0,59
8384,1,8384,variant_mid,12.99,10.0,2024-09-26,1,0,0,45.84,81.6,1,1,75
8385,1,8385,variant_high,14.99,15.0,2025-11-05,1,0,0,147.19,34.0,8,0,84
8386,1,8386,variant_mid,12.99,10.0,2024-05-17,0,0,0,80.21,14.4,3,1,60
8387,1,8387,control,9.99,0.0,2024-05-03,0,0,0,146.89,0.0,0,1,89
8388,1,8388,control,9.99,0.0,2024-01-23,0,0,0,43.87,0.0,4,0,73
8389,1,8389,variant_high,14.99,15.0,2024-03-12,1,1,1,124.97,74.0,4,1,44
8390,1,8390,control,9.99,0.0,2024-08-14,0,0,0,52.69,63.5,4,1,61
8391,1,8391,control,9.99,0.0,2024-02-17,0,0,0,71.11,0.0,1,1,44
8392,1,8392,control,9.99,0.0,2024-10-22,0,0,0,76.71,6.0,2,1,51
8393,1,8393,variant_high,14.99,15.0,2024-03-01,1,1,0,48.12,93.3,1,1,5
8394,1,8394,variant_high,14.99,15.0,2024-02-11,0,0,0,346.31,4.3,1,1,27
8395,1,8395,variant_high,14.99,15.0,2025-03-20,1,0,0,7.41,54.4,0,1,61
8396,1,8396,control,9.99,0.0,2025-02-22,1,0,0,77.48,71.5,2,1,35
8397,1,8397,control,9.99,0.0,2025-08-21,0,0,0,220.23,16.4,2,1,53
8398,1,8398,control,9.99,0.0,2024-12-14,0,0,0,247.44,18.1,1,0,16
8399,1,8399,control,9.99,0.0,2025-10-03,1,1,0,13.35,63.5,2,1,54
8400,1,8400,variant_high,14.99,15.0,2025-01-12,0,0,0,93.57,42.8,3,1,85
8401,1,8401,variant_mid,12.99,10.0,2024-07-19,0,0,0,7.76,0.0,3,1,21
8402,1,8402,control,9.99,0.0,2024-04-15,0,0,0,122.05,22.7,5,1,44
8403,1,8403,variant_high,14.99,15.0,2025-01-05,0,0,0,162.48,44.1,4,1,30
8404,1,8404,control,9.99,0.0,2024-10-14,1,1,0,195.98,59.2,0,1,85
8405,1,8405,variant_mid,12.99,10.0,2025-01-21,1,1,0,831.95,65.9,3,1,27
8406,1,8406,control,9.99,0.0,2025-12-12,0,0,0,31.06,11.9,1,1,45
8407,1,8407,variant_mid,12.99,10.0,2024-02-08,0,0,0,30.45,0.0,2,1,35
8408,1,8408,control,9.99,0.0,2024-09-23,1,0,0,33.7,65.7,4,1,53
8409,1,8409,control,9.99,0.0,2024-04-28,0,0,0,211.59,0.0,3,0,78
8410,1,8410,variant_high,14.99,15.0,2025-08-03,1,1,1,165.67,58.0,3,1,35
8411,1,8411,variant_high,14.99,15.0,2025-01-30,1,0,0,14.68,34.2,6,1,51
8412,1,8412,variant_mid,12.99,10.0,2024-04-15,0,0,0,788.45,2.9,3,0,83
8413,1,8413,variant_high,14.99,15.0,2025-08-22,1,0,0,46.74,70.1,5,0,40
8414,1,8414,control,9.99,0.0,2024-04-19,0,0,0,144.78,27.4,2,1,51
8415,1,8415,variant_mid,12.99,10.0,2025-07-20,0,0,0,81.69,45.5,3,1,83
8416,1,8416,control,9.99,0.0,2025-12-30,0,0,0,152.84,0.0,1,1,31
8417,1,8417,control,9.99,0.0,2025-01-22,1,1,1,243.01,29.3,0,1,60
8418,1,8418,variant_mid,12.99,10.0,2025-05-04,0,0,0,90.61,0.0,4,0,47
8419,1,8419,variant_high,14.99,15.0,2024-02-04,0,0,0,182.95,0.0,2,0,45
8420,1,8420,variant_high,14.99,15.0,2025-05-19,1,1,0,165.76,61.2,2,1,18
8421,1,8421,variant_mid,12.99,10.0,2024-04-29,0,0,0,179.06,10.9,5,0,13
8422,1,8422,variant_mid,12.99,10.0,2024-11-23,1,1,1,50.39,32.4,3,0,62
8423,1,8423,variant_mid,12.99,10.0,2025-01-27,0,0,0,37.89,0.0,3,0,11
8424,1,8424,variant_high,14.99,15.0,2025-07-25,0,0,0,511.45,11.5,7,1,36
8425,1,8425,control,9.99,0.0,2025-08-10,1,0,0,857.73,45.0,5,1,60
8426,1,8426,variant_mid,12.99,10.0,2025-11-12,0,0,0,39.2,0.0,6,1,75
8427,1,8427,variant_high,14.99,15.0,2025-07-07,0,0,0,163.83,0.0,4,1,5
8428,1,8428,variant_mid,12.99,10.0,2024-03-03,0,0,0,218.73,42.1,7,0,1
8429,1,8429,variant_high,14.99,15.0,2025-05-30,0,0,0,65.54,17.4,3,1,62
8430,1,8430,variant_mid,12.99,10.0,2024-05-20,1,1,0,151.37,48.8,2,1,19
8431,1,8431,variant_high,14.99,15.0,2025-12-02,1,0,0,82.9,69.0,2,1,62
8432,1,8432,variant_high,14.99,15.0,2025-09-27,0,0,0,150.3,28.2,4,1,11
8433,1,8433,variant_mid,12.99,10.0,2024-08-31,1,1,1,46.24,58.0,5,1,86
8434,1,8434,control,9.99,0.0,2024-03-04,1,0,0,75.41,31.9,4,0,18
8435,1,8435,variant_mid,12.99,10.0,2025-11-08,0,0,0,35.22,6.5,0,1,11
8436,1,8436,control,9.99,0.0,2024-09-20,1,1,0,81.3,30.8,1,1,67
8437,1,8437,control,9.99,0.0,2025-09-30,0,0,0,65.2,21.5,3,1,46
8438,1,8438,variant_mid,12.99,10.0,2024-03-19,0,0,0,59.74,0.0,1,1,25
8439,1,8439,variant_mid,12.99,10.0,2024-07-07,1,1,0,263.64,44.4,2,1,85
8440,1,8440,variant_high,14.99,15.0,2024-10-30,0,0,0,125.18,14.5,1,0,60
8441,1,8441,control,9.99,0.0,2024-04-23,1,0,0,182.95,61.0,1,1,34
8442,1,8442,control,9.99,0.0,2024-12-01,0,0,0,168.94,6.2,4,1,30
8443,1,8443,variant_mid,12.99,10.0,2025-11-06,1,0,0,22.1,71.4,2,0,57
8444,1,8444,variant_mid,12.99,10.0,2024-05-11,0,0,0,405.31,0.6,2,0,87
8445,1,8445,control,9.99,0.0,2024-11-18,1,0,0,45.24,61.2,2,0,75
8446,1,8446,control,9.99,0.0,2024-03-08,0,0,0,120.93,16.6,2,1,56
8447,1,8447,control,9.99,0.0,2025-05-12,1,1,0,65.17,46.7,1,1,44
8448,1,8448,variant_high,14.99,15.0,2024-11-10,1,1,0,174.07,44.6,1,1,12
8449,1,8449,control,9.99,0.0,2025-01-08,0,0,0,215.93,31.9,3,1,72
8450,1,8450,variant_mid,12.99,10.0,2025-01-29,0,0,0,232.98,0.0,5,1,29
8451,1,8451,variant_high,14.99,15.0,2025-05-15,0,0,0,115.76,49.3,3,0,59
8452,1,8452,control,9.99,0.0,2025-07-04,1,0,0,18.18,60.1,1,1,58
8453,1,8453,variant_high,14.99,15.0,2025-12-11,1,1,1,65.83,64.8,5,1,88
8454,1,8454,variant_high,14.99,15.0,2025-06-28,0,0,0,85.3,17.1,1,1,86
8455,1,8455,variant_mid,12.99,10.0,2025-09-28,1,1,0,80.06,82.4,2,1,55
8456,1,8456,variant_high,14.99,15.0,2024-03-01,1,1,0,43.84,44.9,3,1,54
8457,1,8457,control,9.99,0.0,2024-04-19,0,0,0,150.84,0.0,2,0,49
8458,1,8458,variant_high,14.99,15.0,2024-11-21,1,1,0,1010.06,75.7,0,1,87
8459,1,8459,control,9.99,0.0,2024-04-11,1,1,0,867.52,56.6,1,0,16
8460,1,8460,variant_mid,12.99,10.0,2025-09-24,1,1,1,75.68,55.7,5,1,33
8461,1,8461,control,9.99,0.0,2025-09-28,0,0,0,133.68,18.2,1,1,89
8462,1,8462,variant_mid,12.99,10.0,2025-03-19,0,0,0,44.12,23.2,2,1,29
8463,1,8463,control,9.99,0.0,2025-01-03,0,0,0,31.83,1.0,0,1,19
8464,1,8464,control,9.99,0.0,2025-09-19,0,0,0,50.88,21.4,1,1,9
8465,1,8465,control,9.99,0.0,2025-02-18,1,1,1,124.97,74.1,2,1,60
8466,1,8466,control,9.99,0.0,2025-12-12,1,0,0,251.61,22.5,3,1,17
8467,1,8467,control,9.99,0.0,2025-08-17,0,0,0,26.6,19.0,1,1,80
8468,1,8468,variant_high,14.99,15.0,2024-09-16,0,0,0,135.25,15.8,3,1,87
8469,1,8469,variant_mid,12.99,10.0,2025-05-01,1,0,0,40.93,66.5,3,1,56
8470,1,8470,variant_mid,12.99,10.0,2024-04-23,0,0,0,53.4,13.9,2,1,52
8471,1,8471,variant_high,14.99,15.0,2024-02-15,0,0,0,43.72,7.1,1,1,59
8472,1,8472,control,9.99,0.0,2024-03-07,1,0,0,49.33,60.8,2,1,5
8473,1,8473,control,9.99,0.0,2025-12-21,0,0,0,25.42,29.7,1,1,87
8474,1,8474,variant_high,14.99,15.0,2024-04-06,1,1,0,10.75,44.5,3,1,40
8475,1,8475,variant_mid,12.99,10.0,2024-06-01,0,0,0,741.77,12.5,3,0,1
8476,1,8476,variant_mid,12.99,10.0,2025-05-15,1,1,0,47.57,73.2,0,1,31
8477,1,8477,control,9.99,0.0,2024-05-22,1,1,1,103.82,46.0,1,1,25
8478,1,8478,variant_mid,12.99,10.0,2024-04-13,1,0,0,42.03,58.2,1,1,67
8479,1,8479,variant_mid,12.99,10.0,2025-05-22,0,0,0,130.64,39.7,2,0,24
8480,1,8480,variant_high,14.99,15.0,2025-12-11,0,0,0,950.78,9.6,2,0,59
8481,1,8481,variant_high,14.99,15.0,2024-04-18,0,0,0,25.42,14.2,7,1,12
8482,1,8482,variant_mid,12.99,10.0,2025-05-04,0,0,0,55.97,0.0,5,1,40
8483,1,8483,variant_high,14.99,15.0,2025-02-05,0,0,0,40.34,10.0,7,1,28
8484,1,8484,variant_mid,12.99,10.0,2025-12-03,0,0,0,58.18,8.9,0,1,42
8485,1,8485,variant_high,14.99,15.0,2025-12-02,0,0,0,347.28,0.0,1,0,15
8486,1,8486,variant_high,14.99,15.0,2025-03-01,0,0,0,163.19,25.5,2,1,72
8487,1,8487,control,9.99,0.0,2025-10-28,1,0,0,24.6,79.3,1,0,47
8488,1,8488,control,9.99,0.0,2024-06-12,1,1,0,299.54,66.2,5,1,74
8489,1,8489,variant_high,14.99,15.0,2025-03-18,0,0,0,33.82,7.5,5,0,88
8490,1,8490,variant_mid,12.99,10.0,2024-05-05,0,0,0,84.11,0.0,3,1,89
8491,1,8491,variant_mid,12.99,10.0,2024-01-31,0,0,0,137.02,0.0,5,1,71
8492,1,8492,variant_high,14.99,15.0,2025-07-17,1,1,1,144.77,27.7,1,1,24
8493,1,8493,control,9.99,0.0,2025-03-06,1,0,0,28.57,79.0,1,1,83
8494,1,8494,variant_high,14.99,15.0,2024-01-07,0,0,0,272.23,8.6,2,1,41
8495,1,8495,variant_mid,12.99,10.0,2025-08-30,1,0,0,159.8,82.5,6,1,44
8496,1,8496,variant_high,14.99,15.0,2025-10-07,1,1,0,5.11,61.7,1,1,25
8497,1,8497,variant_mid,12.99,10.0,2024-10-21,0,0,0,26.56,11.2,3,0,20
8498,1,8498,control,9.99,0.0,2024-02-02,0,0,0,272.43,0.0,3,1,27
8499,1,8499,variant_high,14.99,15.0,2024-08-23,1,0,0,307.2,66.7,4,1,25
8500,1,8500,variant_mid,12.99,10.0,2025-03-24,0,0,0,49.23,25.0,3,1,70
8501,1,8501,variant_high,14.99,15.0,2024-02-20,0,0,0,184.35,5.5,3,1,27
8502,1,8502,control,9.99,0.0,2024-10-10,0,0,0,41.84,32.4,4,1,55
8503,1,8503,variant_mid,12.99,10.0,2024-06-22,0,0,0,26.71,18.4,2,0,58
8504,1,8504,variant_high,14.99,15.0,2025-04-09,0,0,0,19.1,17.9,3,1,62
8505,1,8505,variant_high,14.99,15.0,2024-06-10,0,0,0,429.34,27.4,1,1,63
8506,1,8506,variant_high,14.99,15.0,2025-08-10,1,0,0,95.63,100.0,6,0,21
8507,1,8507,variant_high,14.99,15.0,2024-08-10,0,0,0,144.7,0.0,3,1,74
8508,1,8508,control,9.99,0.0,2024-04-02,0,0,0,94.42,7.0,2,1,13
8509,1,8509,variant_high,14.99,15.0,2024-07-27,1,1,1,130.08,76.5,5,1,79
8510,1,8510,variant_high,14.99,15.0,2025-12-03,0,0,0,5.0,0.0,4,1,39
8511,1,8511,variant_high,14.99,15.0,2025-08-20,1,0,0,11.19,64.3,6,1,76
8512,1,8512,variant_high,14.99,15.0,2025-03-30,1,0,0,41.09,68.9,6,1,2
8513,1,8513,variant_high,14.99,15.0,2024-06-14,0,0,0,85.82,15.1,6,1,76
8514,1,8514,variant_high,14.99,15.0,2024-10-05,0,0,0,68.48,30.7,1,1,53
8515,1,8515,variant_mid,12.99,10.0,2024-12-11,0,0,0,85.88,0.0,6,1,57
8516,1,8516,control,9.99,0.0,2025-12-24,0,0,0,89.17,0.0,1,1,53
8517,1,8517,variant_high,14.99,15.0,2024-09-13,1,1,1,39.0,73.7,1,1,29
8518,1,8518,control,9.99,0.0,2025-09-02,1,0,0,31.58,59.9,1,0,28
8519,1,8519,variant_mid,12.99,10.0,2024-08-12,0,0,0,60.23,0.0,5,1,51
8520,1,8520,variant_mid,12.99,10.0,2024-05-16,0,0,0,427.12,44.9,4,1,28
8521,1,8521,control,9.99,0.0,2025-07-21,0,0,0,10.69,0.0,2,0,12
8522,1,8522,variant_high,14.99,15.0,2024-03-08,0,0,0,402.01,18.3,4,1,62
8523,1,8523,variant_mid,12.99,10.0,2025-07-24,1,0,0,24.76,72.9,1,1,56
8524,1,8524,variant_mid,12.99,10.0,2025-11-21,1,1,0,120.23,55.0,1,1,5
8525,1,8525,variant_mid,12.99,10.0,2024-04-23,0,0,0,48.07,0.0,3,1,15
8526,1,8526,variant_high,14.99,15.0,2025-03-06,1,1,1,1472.21,62.0,5,1,40
8527,1,8527,control,9.99,0.0,2024-05-10,0,0,0,815.58,39.4,2,1,37
8528,1,8528,variant_mid,12.99,10.0,2024-12-04,0,0,0,50.53,32.7,3,0,4
8529,1,8529,control,9.99,0.0,2024-12-18,1,0,0,61.12,73.2,2,1,79
8530,1,8530,variant_high,14.99,15.0,2024-03-07,1,0,0,43.3,29.0,5,1,50
8531,1,8531,control,9.99,0.0,2024-05-28,0,0,0,196.98,30.7,0,1,76
8532,1,8532,variant_high,14.99,15.0,2025-02-17,1,1,0,54.72,63.2,1,1,9
8533,1,8533,control,9.99,0.0,2025-09-24,0,0,0,34.42,19.4,1,1,5
8534,1,8534,control,9.99,0.0,2024-07-17,1,0,0,500.87,48.3,3,1,69
8535,1,8535,variant_high,14.99,15.0,2025-09-17,0,0,0,209.48,0.0,2,0,58
8536,1,8536,variant_mid,12.99,10.0,2024-05-27,1,0,0,18.05,70.8,3,1,79
8537,1,8537,control,9.99,0.0,2024-02-05,0,0,0,136.0,0.0,1,1,41
8538,1,8538,variant_mid,12.99,10.0,2024-10-14,0,0,0,77.31,12.0,7,1,86
8539,1,8539,control,9.99,0.0,2024-01-11,0,0,0,87.62,0.0,4,1,31
8540,1,8540,control,9.99,0.0,2024-01-27,1,1,1,198.41,67.0,3,1,76
8541,1,8541,control,9.99,0.0,2024-08-24,0,0,0,216.3,0.0,0,1,74
8542,1,8542,control,9.99,0.0,2025-04-01,1,0,0,97.66,67.1,3,0,32
8543,1,8543,control,9.99,0.0,2025-12-13,1,0,0,206.8,69.5,3,1,15
8544,1,8544,variant_mid,12.99,10.0,2025-04-04,1,0,0,63.18,74.5,5,1,64
8545,1,8545,variant_high,14.99,15.0,2025-05-06,0,0,0,41.96,0.0,2,1,59
8546,1,8546,variant_mid,12.99,10.0,2025-05-23,0,0,0,77.6,26.2,2,1,57
8547,1,8547,variant_mid,12.99,10.0,2025-02-06,1,0,0,34.47,100.0,4,1,52
8548,1,8548,control,9.99,0.0,2024-01-22,0,0,0,89.83,5.1,4,1,37
8549,1,8549,variant_high,14.99,15.0,2024-09-13,0,0,0,201.37,0.0,7,1,70
8550,1,8550,control,9.99,0.0,2024-05-12,0,0,0,52.38,1.7,6,1,7
8551,1,8551,control,9.99,0.0,2025-02-26,0,0,0,320.25,21.6,1,0,57
8552,1,8552,variant_high,14.99,15.0,2025-07-27,0,0,0,26.33,27.4,2,1,23
8553,1,8553,variant_mid,12.99,10.0,2024-11-12,1,1,0,37.7,75.9,2,1,56
8554,1,8554,control,9.99,0.0,2025-03-12,1,1,1,202.99,46.3,1,1,21
8555,1,8555,variant_high,14.99,15.0,2025-04-19,0,0,0,26.71,0.0,2,1,87
8556,1,8556,control,9.99,0.0,2024-01-10,0,0,0,135.3,0.0,1,1,56
8557,1,8557,control,9.99,0.0,2025-07-16,0,0,0,196.54,26.1,0,1,0
8558,1,8558,variant_mid,12.99,10.0,2025-06-23,1,0,0,239.29,53.2,4,0,68
8559,1,8559,variant_high,14.99,15.0,2025-12-19,1,1,1,78.05,79.5,0,1,53
8560,1,8560,variant_high,14.99,15.0,2024-11-15,0,0,0,34.96,0.0,4,1,55
8561,1,8561,variant_mid,12.99,10.0,2025-12-18,1,1,0,112.3,53.2,3,0,29
8562,1,8562,variant_mid,12.99,10.0,2024-07-12,1,1,0,110.43,69.6,4,0,2
8563,1,8563,variant_mid,12.99,10.0,2024-11-05,0,0,0,82.55,32.5,4,1,45
8564,1,8564,variant_high,14.99,15.0,2025-07-19,1,0,0,137.5,46.6,4,1,70
8565,1,8565,variant_mid,12.99,10.0,2025-01-18,1,0,0,292.07,56.2,2,1,85
8566,1,8566,control,9.99,0.0,2024-10-05,1,1,1,308.96,61.7,2,1,25
8567,1,8567,variant_high,14.99,15.0,2025-03-13,0,0,0,169.86,0.0,2,1,89
8568,1,8568,variant_high,14.99,15.0,2024-11-30,0,0,0,295.74,15.7,3,1,38
8569,1,8569,control,9.99,0.0,2024-03-21,0,0,0,182.05,6.4,1,1,45
8570,1,8570,variant_mid,12.99,10.0,2025-09-30,0,0,0,66.37,46.1,3,1,23
8571,1,8571,variant_high,14.99,15.0,2025-07-15,0,0,0,117.92,0.0,2,1,26
8572,1,8572,control,9.99,0.0,2024-04-25,0,0,0,172.56,5.4,2,1,71
8573,1,8573,variant_high,14.99,15.0,2024-06-16,0,0,0,70.18,18.8,7,1,4
8574,1,8574,control,9.99,0.0,2025-02-26,0,0,0,53.96,0.0,0,1,20
8575,1,8575,variant_mid,12.99,10.0,2024-12-11,1,0,0,1092.15,30.1,0,1,34
8576,1,8576,variant_high,14.99,15.0,2024-04-05,0,0,0,105.0,27.8,3,1,46
8577,1,8577,variant_high,14.99,15.0,2024-09-24,1,1,0,234.59,41.7,4,1,77
8578,1,8578,control,9.99,0.0,2026-01-01,0,0,0,25.79,12.5,3,1,71
8579,1,8579,variant_high,14.99,15.0,2024-08-05,1,0,0,267.75,48.4,5,1,61
8580,1,8580,variant_high,14.99,15.0,2024-08-29,1,0,0,1271.44,88.4,5,0,66
8581,1,8581,variant_high,14.99,15.0,2025-08-31,0,0,0,47.48,15.8,2,0,28
8582,1,8582,variant_mid,12.99,10.0,2025-11-13,1,0,0,68.26,96.9,3,1,74
8583,1,8583,variant_high,14.99,15.0,2024-06-02,0,0,0,104.69,28.2,4,1,53
8584,1,8584,variant_high,14.99,15.0,2024-10-09,1,0,0,22.26,45.2,1,1,60
8585,1,8585,variant_high,14.99,15.0,2025-09-17,1,0,0,160.04,85.6,3,1,18
8586,1,8586,variant_mid,12.99,10.0,2025-09-26,0,0,0,80.23,0.0,4,1,55
8587,1,8587,variant_mid,12.99,10.0,2024-10-21,0,0,0,29.27,15.4,4,1,71
8588,1,8588,control,9.99,0.0,2025-07-23,1,0,0,70.03,78.9,3,0,39
8589,1,8589,control,9.99,0.0,2024-08-15,0,0,0,114.06,28.3,0,0,49
8590,1,8590,variant_high,14.99,15.0,2024-06-30,0,0,0,24.1,7.0,2,1,42
8591,1,8591,variant_mid,12.99,10.0,2025-12-03,0,0,0,105.01,0.0,2,1,22
8592,1,8592,variant_mid,12.99,10.0,2025-04-30,0,0,0,111.03,0.0,6,1,72
8593,1,8593,control,9.99,0.0,2025-07-25,0,0,0,236.12,22.5,2,1,19
8594,1,8594,variant_high,14.99,15.0,2024-06-25,0,0,0,83.63,2.2,5,1,66
8595,1,8595,variant_mid,12.99,10.0,2024-01-24,0,0,0,157.89,9.6,4,1,43
8596,1,8596,variant_high,14.99,15.0,2024-01-27,1,0,0,190.67,44.7,4,1,12
8597,1,8597,control,9.99,0.0,2025-06-06,1,0,0,322.45,41.7,0,0,30
8598,1,8598,control,9.99,0.0,2024-08-22,1,1,0,388.85,25.9,4,1,89
8599,1,8599,control,9.99,0.0,2025-01-21,0,0,0,783.22,1.7,1,1,14
8600,1,8600,control,9.99,0.0,2025-06-10,1,0,0,267.34,59.6,2,1,19
8601,1,8601,variant_mid,12.99,10.0,2025-07-19,1,1,1,140.22,59.3,2,1,50
8602,1,8602,variant_high,14.99,15.0,2024-05-12,1,0,0,69.76,67.4,0,0,82
8603,1,8603,variant_mid,12.99,10.0,2025-02-27,0,0,0,51.89,0.0,1,1,78
8604,1,8604,variant_high,14.99,15.0,2025-04-08,1,0,0,95.25,95.8,4,1,24
8605,1,8605,variant_high,14.99,15.0,2025-03-05,1,0,0,69.19,70.1,5,1,34
8606,1,8606,variant_high,14.99,15.0,2025-07-19,0,0,0,35.06,45.4,2,1,0
8607,1,8607,variant_high,14.99,15.0,2024-09-29,0,0,0,161.85,0.0,3,1,67
8608,1,8608,variant_mid,12.99,10.0,2024-09-01,1,1,1,562.23,69.0,4,0,45
8609,1,8609,variant_mid,12.99,10.0,2024-09-02,1,0,0,112.83,74.0,1,1,55
8610,1,8610,control,9.99,0.0,2024-03-20,0,0,0,46.57,23.9,2,1,34
8611,1,8611,control,9.99,0.0,2024-02-01,1,0,0,63.64,61.8,3,1,39
8612,1,8612,control,9.99,0.0,2025-03-22,0,0,0,67.22,23.9,4,1,69
8613,1,8613,variant_mid,12.99,10.0,2025-12-29,1,0,0,81.42,30.9,4,0,63
8614,1,8614,control,9.99,0.0,2024-04-11,1,1,1,1207.3,75.9,3,1,7
8615,1,8615,variant_mid,12.99,10.0,2024-07-04,1,0,0,41.19,79.3,3,1,86
8616,1,8616,variant_high,14.99,15.0,2024-01-17,1,1,1,44.99,63.6,2,1,24
8617,1,8617,variant_mid,12.99,10.0,2024-07-04,1,0,0,24.8,40.9,3,1,66
8618,1,8618,control,9.99,0.0,2024-04-25,1,0,0,132.45,100.0,1,0,6
8619,1,8619,variant_mid,12.99,10.0,2026-01-16,0,0,0,347.66,9.2,3,1,10
8620,1,8620,variant_mid,12.99,10.0,2024-07-19,1,0,0,79.13,56.3,3,1,28
8621,1,8621,control,9.99,0.0,2025-11-24,0,0,0,58.65,6.4,3,1,8
8622,1,8622,variant_mid,12.99,10.0,2025-05-27,1,1,1,173.34,60.3,3,1,22
8623,1,8623,control,9.99,0.0,2024-08-21,1,0,0,116.57,57.9,1,1,20
8624,1,8624,variant_mid,12.99,10.0,2024-09-12,0,0,0,98.61,23.0,2,1,29
8625,1,8625,variant_mid,12.99,10.0,2024-03-25,1,1,0,642.85,100.0,4,1,79
8626,1,8626,variant_mid,12.99,10.0,2025-11-09,0,0,0,142.63,18.5,1,1,9
8627,1,8627,variant_high,14.99,15.0,2025-08-24,0,0,0,60.79,0.0,4,1,61
8628,1,8628,control,9.99,0.0,2025-06-30,1,0,0,293.48,81.9,0,1,70
8629,1,8629,variant_mid,12.99,10.0,2024-01-21,1,1,1,104.88,94.6,1,1,15
8630,1,8630,control,9.99,0.0,2025-12-21,1,0,0,116.14,80.2,2,1,83
8631,1,8631,variant_high,14.99,15.0,2024-07-07,1,1,1,294.48,38.3,4,1,75
8632,1,8632,control,9.99,0.0,2025-05-16,1,0,0,28.07,65.9,1,1,65
8633,1,8633,variant_mid,12.99,10.0,2025-03-06,1,1,1,53.53,57.7,1,0,4
8634,1,8634,variant_mid,12.99,10.0,2024-02-02,0,0,0,153.24,0.0,0,1,22
8635,1,8635,variant_high,14.99,15.0,2024-10-24,1,1,1,274.3,47.5,2,1,17
8636,1,8636,variant_mid,12.99,10.0,2024-05-02,0,0,0,59.75,29.5,1,1,89
8637,1,8637,variant_mid,12.99,10.0,2024-05-23,0,0,0,97.37,3.5,3,1,4
8638,1,8638,variant_mid,12.99,10.0,2024-07-24,0,0,0,250.92,0.0,7,1,75
8639,1,8639,variant_high,14.99,15.0,2024-01-09,0,0,0,57.05,19.4,5,1,4
8640,1,8640,control,9.99,0.0,2025-06-06,1,1,1,61.11,58.4,0,1,37
8641,1,8641,control,9.99,0.0,2025-06-29,0,0,0,234.8,27.8,2,0,15
8642,1,8642,control,9.99,0.0,2025-04-21,1,1,0,567.11,70.8,1,1,55
8643,1,8643,variant_mid,12.99,10.0,2024-12-19,0,0,0,36.31,5.9,4,0,86
8644,1,8644,variant_mid,12.99,10.0,2024-06-16,1,1,1,443.98,59.5,5,1,7
8645,1,8645,variant_high,14.99,15.0,2025-04-01,0,0,0,324.57,0.0,2,1,53
8646,1,8646,variant_mid,12.99,10.0,2025-06-08,1,0,0,96.41,30.6,1,1,87
8647,1,8647,control,9.99,0.0,2024-06-24,1,0,0,88.53,49.9,2,1,10
8648,1,8648,variant_mid,12.99,10.0,2024-08-06,1,0,0,248.24,46.8,4,1,88
8649,1,8649,variant_mid,12.99,10.0,2025-09-26,0,0,0,210.84,6.6,2,1,48
8650,1,8650,variant_mid,12.99,10.0,2025-05-18,1,1,0,627.68,63.0,4,1,34
8651,1,8651,variant_mid,12.99,10.0,2025-01-04,1,1,0,17.71,68.3,5,1,80
8652,1,8652,variant_mid,12.99,10.0,2024-08-30,0,0,0,120.34,17.0,3,1,89
8653,1,8653,variant_high,14.99,15.0,2024-06-27,1,0,0,4146.88,75.6,2,1,44
8654,1,8654,control,9.99,0.0,2024-06-02,0,0,0,623.75,2.8,1,1,24
8655,1,8655,variant_high,14.99,15.0,2025-10-13,0,0,0,140.98,0.0,4,1,62
8656,1,8656,variant_high,14.99,15.0,2025-01-02,1,1,1,78.31,75.1,3,1,38
8657,1,8657,control,9.99,0.0,2025-02-14,1,1,1,34.93,61.2,2,1,73
8658,1,8658,variant_high,14.99,15.0,2026-01-03,1,0,0,42.58,84.7,1,1,52
8659,1,8659,control,9.99,0.0,2025-05-22,1,1,1,129.96,93.3,1,0,68
8660,1,8660,variant_mid,12.99,10.0,2025-04-26,0,0,0,131.06,0.0,4,1,41
8661,1,8661,control,9.99,0.0,2024-06-19,0,0,0,109.45,37.0,2,1,77
8662,1,8662,control,9.99,0.0,2024-09-22,1,0,0,1071.53,91.5,5,0,13
8663,1,8663,variant_mid,12.99,10.0,2024-02-18,0,0,0,143.61,0.0,3,1,81
8664,1,8664,variant_mid,12.99,10.0,2025-01-29,0,0,0,1169.03,0.0,4,1,71
8665,1,8665,control,9.99,0.0,2024-07-31,0,0,0,195.64,1.8,5,1,2
8666,1,8666,variant_mid,12.99,10.0,2024-12-03,0,0,0,24.99,16.4,7,1,79
8667,1,8667,variant_mid,12.99,10.0,2024-11-05,1,1,0,289.15,78.3,5,1,50
8668,1,8668,control,9.99,0.0,2024-02-10,1,1,0,40.55,86.7,2,1,73
8669,1,8669,variant_high,14.99,15.0,2025-01-17,0,0,0,28.45,36.1,3,1,55
8670,1,8670,variant_high,14.99,15.0,2025-05-15,0,0,0,484.28,0.0,3,1,38
8671,1,8671,variant_mid,12.99,10.0,2025-08-11,1,1,0,69.75,69.9,0,1,58
8672,1,8672,variant_high,14.99,15.0,2024-06-05,0,0,0,188.18,0.0,7,0,40
8673,1,8673,variant_high,14.99,15.0,2024-11-03,0,0,0,193.99,0.0,4,1,13
8674,1,8674,variant_mid,12.99,10.0,2025-02-11,1,1,0,24.4,85.5,1,1,38
8675,1,8675,variant_high,14.99,15.0,2025-09-11,1,0,0,320.27,45.3,2,1,61
8676,1,8676,variant_high,14.99,15.0,2024-02-25,0,0,0,532.39,29.1,2,1,47
8677,1,8677,variant_high,14.99,15.0,2024-12-29,0,0,0,326.11,18.3,2,1,76
8678,1,8678,control,9.99,0.0,2025-08-12,1,0,0,35.44,67.3,2,1,13
8679,1,8679,variant_high,14.99,15.0,2024-02-18,0,0,0,162.84,0.0,0,1,8
8680,1,8680,control,9.99,0.0,2024-01-27,1,0,0,67.09,86.6,1,1,7
8681,1,8681,variant_high,14.99,15.0,2024-03-21,0,0,0,61.7,0.0,2,1,12
8682,1,8682,control,9.99,0.0,2024-09-04,0,0,0,143.2,0.0,1,1,58
8683,1,8683,variant_high,14.99,15.0,2024-04-05,1,0,0,116.67,68.3,4,1,77
8684,1,8684,variant_high,14.99,15.0,2024-10-09,1,1,0,294.14,54.6,2,0,64
8685,1,8685,variant_mid,12.99,10.0,2024-08-10,0,0,0,25.79,0.0,3,1,36
8686,1,8686,variant_mid,12.99,10.0,2025-07-30,1,1,1,24.61,61.1,1,1,25
8687,1,8687,control,9.99,0.0,2024-10-14,1,0,0,18.6,92.0,2,1,67
8688,1,8688,control,9.99,0.0,2025-12-12,1,0,0,121.93,69.1,3,0,75
8689,1,8689,variant_high,14.99,15.0,2024-05-05,0,0,0,81.0,2.9,3,1,72
8690,1,8690,variant_high,14.99,15.0,2024-06-04,1,0,0,280.14,64.8,5,1,9
8691,1,8691,variant_high,14.99,15.0,2025-08-24,1,0,0,22.16,32.1,4,1,66
8692,1,8692,variant_high,14.99,15.0,2024-04-16,0,0,0,32.05,0.0,3,1,47
8693,1,8693,variant_mid,12.99,10.0,2024-10-16,1,1,0,9.48,58.7,2,0,28
8694,1,8694,variant_mid,12.99,10.0,2025-04-09,0,0,0,38.52,0.0,2,1,8
8695,1,8695,variant_mid,12.99,10.0,2025-10-31,1,0,0,29.78,44.2,6,1,57
8696,1,8696,control,9.99,0.0,2024-06-17,0,0,0,975.75,1.3,1,1,42
8697,1,8697,variant_high,14.99,15.0,2024-07-21,0,0,0,58.57,10.0,3,1,42
8698,1,8698,variant_high,14.99,15.0,2024-02-05,1,1,1,308.37,87.6,2,1,74
8699,1,8699,variant_mid,12.99,10.0,2024-10-29,0,0,0,87.56,3.0,3,1,72
8700,1,8700,variant_mid,12.99,10.0,2024-06-29,1,0,0,134.47,75.8,6,0,32
8701,1,8701,variant_mid,12.99,10.0,2024-08-03,0,0,0,162.85,13.7,1,1,12
8702,1,8702,variant_mid,12.99,10.0,2024-07-07,1,1,1,118.71,80.1,5,1,20
8703,1,8703,variant_mid,12.99,10.0,2026-01-15,1,0,0,46.53,91.2,1,1,81
8704,1,8704,control,9.99,0.0,2025-02-18,0,0,0,298.82,8.5,10,1,80
8705,1,8705,variant_high,14.99,15.0,2025-01-12,0,0,0,79.71,0.0,8,0,64
8706,1,8706,variant_high,14.99,15.0,2024-12-12,1,1,0,99.58,38.8,1,1,56
8707,1,8707,control,9.99,0.0,2025-03-18,0,0,0,127.26,1.1,1,1,2
8708,1,8708,variant_mid,12.99,10.0,2024-09-14,1,1,0,31.42,70.2,2,1,86
8709,1,8709,variant_mid,12.99,10.0,2024-05-09,1,0,0,155.23,20.8,6,1,36
8710,1,8710,variant_high,14.99,15.0,2024-08-03,1,0,0,293.6,76.0,1,1,30
8711,1,8711,variant_high,14.99,15.0,2024-08-23,0,0,0,83.11,55.0,1,1,36
8712,1,8712,variant_mid,12.99,10.0,2024-07-16,0,0,0,14.76,0.0,0,1,67
8713,1,8713,variant_mid,12.99,10.0,2024-05-05,0,0,0,121.15,0.0,3,1,12
8714,1,8714,variant_high,14.99,15.0,2025-09-22,1,1,1,118.54,49.4,2,1,81
8715,1,8715,control,9.99,0.0,2024-11-24,1,0,0,279.6,58.9,0,1,16
8716,1,8716,variant_mid,12.99,10.0,2024-12-15,0,0,0,170.5,0.0,1,1,60
8717,1,8717,variant_mid,12.99,10.0,2025-10-24,0,0,0,59.4,0.0,2,1,20
8718,1,8718,control,9.99,0.0,2025-09-24,1,0,0,215.27,40.9,4,1,38
8719,1,8719,variant_high,14.99,15.0,2024-07-02,1,0,0,16.09,52.5,6,1,23
8720,1,8720,control,9.99,0.0,2025-12-27,1,1,0,51.32,62.8,2,1,27
8721,1,8721,variant_high,14.99,15.0,2024-11-11,1,0,0,109.46,51.7,0,1,3
8722,1,8722,variant_high,14.99,15.0,2025-01-07,0,0,0,141.41,10.2,0,1,89
8723,1,8723,variant_mid,12.99,10.0,2025-11-26,0,0,0,67.6,5.1,2,1,32
8724,1,8724,control,9.99,0.0,2025-11-26,0,0,0,290.15,24.5,0,1,85
8725,1,8725,variant_mid,12.99,10.0,2025-12-05,1,1,1,88.9,43.7,2,1,65
8726,1,8726,variant_high,14.99,15.0,2024-05-07,0,0,0,16.79,28.4,2,1,43
8727,1,8727,variant_mid,12.99,10.0,2024-03-03,0,0,0,52.04,5.7,4,0,44
8728,1,8728,control,9.99,0.0,2024-08-30,0,0,0,29.3,35.8,1,1,55
8729,1,8729,variant_high,14.99,15.0,2024-07-30,0,0,0,233.17,0.0,1,1,52
8730,1,8730,variant_high,14.99,15.0,2025-05-16,1,1,1,58.89,83.3,4,0,50
8731,1,8731,variant_mid,12.99,10.0,2024-04-28,0,0,0,135.29,7.7,0,1,6
8732,1,8732,variant_mid,12.99,10.0,2024-07-06,1,1,0,208.18,39.1,3,1,32
8733,1,8733,control,9.99,0.0,2025-08-10,0,0,0,172.84,0.0,3,1,62
8734,1,8734,control,9.99,0.0,2025-03-13,0,0,0,151.13,17.0,2,1,64
8735,1,8735,variant_mid,12.99,10.0,2025-08-22,1,0,0,137.17,98.5,3,1,89
8736,1,8736,variant_high,14.99,15.0,2025-11-05,0,0,0,45.0,34.7,7,1,72
8737,1,8737,variant_high,14.99,15.0,2025-12-01,0,0,0,80.05,0.0,3,1,4
8738,1,8738,variant_mid,12.99,10.0,2025-12-15,1,0,0,1071.32,58.5,3,0,15
8739,1,8739,variant_mid,12.99,10.0,2025-05-26,0,0,0,37.11,37.7,1,1,57
8740,1,8740,variant_high,14.99,15.0,2025-01-29,0,0,0,93.1,0.0,2,1,47
8741,1,8741,variant_mid,12.99,10.0,2025-04-23,0,0,0,55.05,9.2,1,0,25
8742,1,8742,variant_high,14.99,15.0,2025-07-02,0,0,0,54.44,31.6,2,1,68
8743,1,8743,variant_mid,12.99,10.0,2025-10-12,0,0,0,102.6,8.5,1,1,34
8744,1,8744,control,9.99,0.0,2025-03-19,1,1,1,941.64,67.7,4,1,37
8745,1,8745,variant_mid,12.99,10.0,2025-03-12,1,0,0,1392.11,73.4,2,1,37
8746,1,8746,control,9.99,0.0,2024-11-09,0,0,0,66.11,27.1,1,1,14
8747,1,8747,variant_mid,12.99,10.0,2025-09-02,0,0,0,60.47,13.0,0,1,81
8748,1,8748,variant_high,14.99,15.0,2024-10-06,1,0,0,149.59,42.0,3,1,49
8749,1,8749,variant_high,14.99,15.0,2024-09-27,0,0,0,388.59,45.6,2,1,37
8750,1,8750,control,9.99,0.0,2025-03-26,0,0,0,52.72,18.3,1,1,56
8751,1,8751,variant_high,14.99,15.0,2025-04-15,0,0,0,74.33,30.7,6,1,29
8752,1,8752,control,9.99,0.0,2024-09-19,0,0,0,137.51,14.6,1,0,89
8753,1,8753,variant_mid,12.99,10.0,2024-01-11,0,0,0,42.02,25.7,5,1,29
8754,1,8754,control,9.99,0.0,2025-07-14,0,0,0,35.74,33.9,2,1,22
8755,1,8755,variant_mid,12.99,10.0,2024-03-12,0,0,0,108.11,3.1,5,1,86
8756,1,8756,variant_high,14.99,15.0,2024-04-22,0,0,0,62.79,59.7,7,1,0
8757,1,8757,control,9.99,0.0,2024-04-06,0,0,0,133.05,24.5,4,0,36
8758,1,8758,variant_high,14.99,15.0,2025-06-17,0,0,0,12.63,2.9,4,1,82
8759,1,8759,variant_high,14.99,15.0,2025-07-21,1,0,0,113.76,65.9,2,0,43
8760,1,8760,variant_high,14.99,15.0,2025-01-14,0,0,0,113.48,2.7,4,1,80
8761,1,8761,variant_high,14.99,15.0,2024-03-25,1,0,0,167.93,56.5,3,1,14
8762,1,8762,variant_mid,12.99,10.0,2024-03-01,1,0,0,19.28,38.1,2,0,74
8763,1,8763,control,9.99,0.0,2025-03-02,1,0,0,39.75,71.1,2,0,58
8764,1,8764,variant_high,14.99,15.0,2025-09-21,1,1,1,730.8,49.1,4,0,6
8765,1,8765,variant_mid,12.99,10.0,2025-06-04,0,0,0,151.71,20.3,1,1,48
8766,1,8766,variant_high,14.99,15.0,2025-02-20,0,0,0,104.01,0.0,4,1,37
8767,1,8767,variant_high,14.99,15.0,2025-01-12,1,0,0,100.85,89.1,6,1,46
8768,1,8768,variant_high,14.99,15.0,2025-07-08,0,0,0,260.63,44.2,1,1,60
8769,1,8769,variant_mid,12.99,10.0,2024-06-15,1,0,0,609.92,77.9,1,1,29
8770,1,8770,variant_mid,12.99,10.0,2024-04-01,1,0,0,61.9,46.1,2,0,31
8771,1,8771,variant_high,14.99,15.0,2024-10-01,1,0,0,50.73,86.0,4,0,29
8772,1,8772,variant_mid,12.99,10.0,2024-05-07,1,1,0,187.17,82.0,1,1,40
8773,1,8773,variant_mid,12.99,10.0,2024-07-27,0,0,0,39.14,0.0,1,0,57
8774,1,8774,variant_high,14.99,15.0,2025-10-07,0,0,0,242.32,12.6,4,1,80
8775,1,8775,control,9.99,0.0,2024-12-19,0,0,0,328.35,31.3,1,1,72
8776,1,8776,variant_high,14.99,15.0,2024-12-17,0,0,0,34.09,11.4,2,1,74
8777,1,8777,control,9.99,0.0,2025-07-15,0,0,0,36.83,10.9,4,1,6
8778,1,8778,variant_high,14.99,15.0,2024-08-09,0,0,0,69.67,6.2,2,1,47
8779,1,8779,variant_mid,12.99,10.0,2025-06-11,0,0,0,794.09,0.0,1,1,58
8780,1,8780,control,9.99,0.0,2025-01-17,1,0,0,147.74,75.6,2,1,53
8781,1,8781,variant_high,14.99,15.0,2025-02-28,1,1,0,236.76,55.8,2,1,75
8782,1,8782,variant_high,14.99,15.0,2024-10-18,1,1,0,60.58,61.8,4,0,52
8783,1,8783,control,9.99,0.0,2025-11-14,0,0,0,8.81,41.2,1,1,7
8784,1,8784,control,9.99,0.0,2025-12-13,0,0,0,64.67,13.2,3,0,10
8785,1,8785,variant_mid,12.99,10.0,2024-04-04,1,0,0,56.61,70.0,1,1,40
8786,1,8786,variant_mid,12.99,10.0,2024-06-05,1,0,0,114.18,79.7,1,1,50
8787,1,8787,control,9.99,0.0,2025-07-18,0,0,0,18.72,1.0,2,1,75
8788,1,8788,variant_mid,12.99,10.0,2025-02-10,0,0,0,139.49,0.0,0,1,4
8789,1,8789,variant_mid,12.99,10.0,2025-07-28,1,0,0,366.33,74.4,1,1,32
8790,1,8790,variant_high,14.99,15.0,2024-09-02,0,0,0,83.56,0.0,6,1,54
8791,1,8791,variant_high,14.99,15.0,2025-04-27,1,1,1,136.46,56.7,3,1,89
8792,1,8792,control,9.99,0.0,2024-04-30,1,1,1,24.4,70.0,2,1,21
8793,1,8793,variant_high,14.99,15.0,2025-12-11,1,1,0,96.65,44.4,3,1,63
8794,1,8794,variant_mid,12.99,10.0,2025-05-12,1,1,0,186.27,100.0,4,1,10
8795,1,8795,variant_mid,12.99,10.0,2025-04-23,0,0,0,142.56,0.0,1,1,42
8796,1,8796,control,9.99,0.0,2024-04-26,0,0,0,604.52,14.5,1,1,13
8797,1,8797,variant_high,14.99,15.0,2025-10-23,0,0,0,383.02,14.4,1,1,47
8798,1,8798,variant_high,14.99,15.0,2024-08-04,1,1,1,195.55,67.2,5,1,84
8799,1,8799,control,9.99,0.0,2024-03-30,1,0,0,120.28,82.7,3,1,71
8800,1,8800,control,9.99,0.0,2025-01-05,1,1,0,47.87,76.3,3,1,31
8801,1,8801,variant_mid,12.99,10.0,2025-12-19,1,1,1,42.06,89.9,5,1,4
8802,1,8802,variant_high,14.99,15.0,2024-11-20,1,0,0,35.31,87.1,2,0,42
8803,1,8803,variant_high,14.99,15.0,2024-01-23,1,0,0,48.41,48.0,1,1,55
8804,1,8804,control,9.99,0.0,2025-11-02,1,1,1,108.73,62.9,2,0,65
8805,1,8805,variant_high,14.99,15.0,2025-05-11,0,0,0,32.44,0.0,0,1,16
8806,1,8806,variant_mid,12.99,10.0,2025-04-21,0,0,0,61.26,12.4,2,1,18
8807,1,8807,variant_mid,12.99,10.0,2025-02-27,0,0,0,83.33,16.8,4,1,20
8808,1,8808,control,9.99,0.0,2024-03-01,0,0,0,218.67,5.1,3,1,40
8809,1,8809,control,9.99,0.0,2025-05-26,1,1,1,35.85,48.4,1,1,4
8810,1,8810,variant_mid,12.99,10.0,2024-05-02,0,0,0,128.07,0.0,3,1,26
8811,1,8811,variant_high,14.99,15.0,2024-06-16,1,1,0,18.17,69.2,5,1,48
8812,1,8812,variant_high,14.99,15.0,2025-03-06,0,0,0,50.66,19.6,4,0,87
8813,1,8813,variant_high,14.99,15.0,2025-01-20,0,0,0,90.53,46.5,2,1,79
8814,1,8814,variant_mid,12.99,10.0,2024-06-25,0,0,0,31.07,0.8,1,0,50
8815,1,8815,variant_mid,12.99,10.0,2024-02-25,1,1,0,20.15,59.0,1,1,60
8816,1,8816,variant_mid,12.99,10.0,2024-05-28,1,1,0,118.16,37.5,3,0,62
8817,1,8817,variant_mid,12.99,10.0,2024-02-13,1,1,1,17.33,43.2,3,1,34
8818,1,8818,control,9.99,0.0,2026-01-05,0,0,0,77.65,3.7,5,1,81
8819,1,8819,variant_high,14.99,15.0,2024-03-10,0,0,0,26.14,0.0,4,1,30
8820,1,8820,control,9.99,0.0,2025-06-07,0,0,0,121.81,32.6,2,1,13
8821,1,8821,variant_high,14.99,15.0,2024-10-06,0,0,0,70.8,8.9,3,1,38
8822,1,8822,variant_high,14.99,15.0,2024-08-16,1,0,0,107.23,74.3,5,1,4
8823,1,8823,control,9.99,0.0,2024-01-22,0,0,0,219.53,0.0,1,0,81
8824,1,8824,control,9.99,0.0,2024-01-23,0,0,0,138.33,18.1,4,1,9
8825,1,8825,variant_high,14.99,15.0,2025-12-29,1,0,0,26.92,54.0,1,1,46
8826,1,8826,variant_mid,12.99,10.0,2025-08-03,0,0,0,278.2,0.8,6,1,76
8827,1,8827,variant_mid,12.99,10.0,2024-07-27,1,1,1,105.69,69.5,3,0,77
8828,1,8828,control,9.99,0.0,2025-03-12,0,0,0,105.44,0.0,1,0,15
8829,1,8829,variant_high,14.99,15.0,2025-10-18,0,0,0,1316.37,36.2,3,1,20
8830,1,8830,variant_mid,12.99,10.0,2024-08-19,1,1,1,21.37,39.5,0,1,62
8831,1,8831,variant_mid,12.99,10.0,2025-12-04,1,1,1,396.62,27.8,4,1,86
8832,1,8832,variant_high,14.99,15.0,2025-01-19,1,1,0,21.92,66.3,3,0,6
8833,1,8833,variant_high,14.99,15.0,2024-12-12,0,0,0,153.79,0.0,4,1,89
8834,1,8834,variant_high,14.99,15.0,2025-10-31,1,0,0,83.7,57.2,3,0,89
8835,1,8835,variant_high,14.99,15.0,2024-12-02,0,0,0,136.35,0.0,6,1,68
8836,1,8836,variant_high,14.99,15.0,2024-02-19,0,0,0,50.36,2.0,1,1,72
8837,1,8837,variant_high,14.99,15.0,2024-05-07,1,0,0,80.52,56.5,4,1,11
8838,1,8838,variant_high,14.99,15.0,2025-07-04,0,0,0,234.66,0.0,3,1,52
8839,1,8839,control,9.99,0.0,2025-04-21,0,0,0,68.72,37.6,4,1,12
8840,1,8840,variant_high,14.99,15.0,2025-09-28,1,1,0,87.32,50.0,4,1,56
8841,1,8841,variant_high,14.99,15.0,2024-05-28,0,0,0,854.04,0.0,3,1,7
8842,1,8842,variant_mid,12.99,10.0,2025-01-26,1,1,0,332.51,75.5,5,1,87
8843,1,8843,variant_mid,12.99,10.0,2024-10-12,0,0,0,114.61,17.4,2,0,82
8844,1,8844,variant_mid,12.99,10.0,2025-12-07,0,0,0,94.64,26.0,2,1,68
8845,1,8845,variant_mid,12.99,10.0,2025-08-10,1,1,0,52.42,81.9,2,0,84
8846,1,8846,control,9.99,0.0,2024-06-25,1,1,0,44.73,40.8,2,0,36
8847,1,8847,variant_mid,12.99,10.0,2025-07-09,1,1,1,866.19,49.2,1,1,83
8848,1,8848,variant_mid,12.99,10.0,2025-06-10,1,0,0,71.57,50.9,2,1,45
8849,1,8849,variant_mid,12.99,10.0,2024-10-17,0,0,0,15.83,0.0,1,1,86
8850,1,8850,variant_high,14.99,15.0,2024-11-12,1,1,1,43.18,56.1,3,1,85
8851,1,8851,control,9.99,0.0,2024-06-30,1,0,0,248.98,79.9,1,1,61
8852,1,8852,variant_high,14.99,15.0,2024-10-23,1,1,0,311.16,90.2,1,0,82
8853,1,8853,variant_mid,12.99,10.0,2024-03-30,0,0,0,9.99,0.0,2,0,39
8854,1,8854,variant_high,14.99,15.0,2025-04-18,1,1,1,45.07,83.1,5,1,61
8855,1,8855,control,9.99,0.0,2025-01-21,1,1,1,242.8,82.0,0,1,25
8856,1,8856,control,9.99,0.0,2025-03-27,0,0,0,83.37,57.4,2,1,24
8857,1,8857,variant_mid,12.99,10.0,2025-12-21,1,1,1,308.72,73.9,4,1,63
8858,1,8858,variant_mid,12.99,10.0,2024-09-29,0,0,0,63.92,7.3,2,1,21
8859,1,8859,variant_high,14.99,15.0,2024-04-06,1,1,0,263.27,42.7,5,0,3
8860,1,8860,variant_mid,12.99,10.0,2024-10-06,0,0,0,506.23,0.0,0,1,38
8861,1,8861,variant_mid,12.99,10.0,2024-09-14,1,1,0,91.34,58.7,4,1,42
8862,1,8862,variant_high,14.99,15.0,2024-12-22,0,0,0,63.09,0.0,4,1,85
8863,1,8863,control,9.99,0.0,2025-09-19,1,0,0,202.8,69.8,3,1,36
8864,1,8864,control,9.99,0.0,2026-01-13,0,0,0,70.62,18.2,3,1,19
8865,1,8865,variant_high,14.99,15.0,2025-04-21,1,1,1,61.03,99.5,2,1,77
8866,1,8866,variant_mid,12.99,10.0,2025-08-10,0,0,0,49.61,0.0,1,0,89
8867,1,8867,variant_mid,12.99,10.0,2024-08-13,0,0,0,244.94,13.3,1,1,18
8868,1,8868,variant_mid,12.99,10.0,2024-10-05,1,1,0,199.89,40.5,1,1,8
8869,1,8869,control,9.99,0.0,2025-10-06,0,0,0,96.28,0.5,3,1,82
8870,1,8870,variant_mid,12.99,10.0,2024-09-29,1,1,1,121.35,58.2,3,1,2
8871,1,8871,control,9.99,0.0,2024-10-08,1,1,1,42.75,65.5,1,1,18
8872,1,8872,control,9.99,0.0,2025-10-21,0,0,0,15.33,10.3,6,1,34
8873,1,8873,control,9.99,0.0,2025-08-26,0,0,0,150.27,0.0,3,1,77
8874,1,8874,control,9.99,0.0,2025-08-02,0,0,0,257.79,17.3,2,1,89
8875,1,8875,variant_high,14.99,15.0,2025-06-23,1,0,0,97.09,63.4,4,1,3
8876,1,8876,variant_high,14.99,15.0,2025-05-03,0,0,0,112.69,0.0,0,1,31
8877,1,8877,control,9.99,0.0,2025-02-20,0,0,0,145.2,7.6,0,1,35
8878,1,8878,variant_mid,12.99,10.0,2025-06-23,0,0,0,37.04,2.8,3,1,67
8879,1,8879,variant_mid,12.99,10.0,2024-01-29,0,0,0,34.64,0.0,1,1,72
8880,1,8880,control,9.99,0.0,2024-02-21,0,0,0,51.73,5.6,2,1,52
8881,1,8881,control,9.99,0.0,2025-10-11,1,1,1,31.17,82.8,5,1,37
8882,1,8882,variant_mid,12.99,10.0,2024-03-13,0,0,0,362.93,27.6,1,0,26
8883,1,8883,control,9.99,0.0,2025-04-27,0,0,0,147.86,19.9,0,1,58
8884,1,8884,variant_high,14.99,15.0,2024-08-23,0,0,0,59.33,7.7,3,1,66
8885,1,8885,variant_high,14.99,15.0,2025-07-17,1,1,0,854.53,69.1,1,1,8
8886,1,8886,variant_high,14.99,15.0,2024-12-13,1,1,0,82.7,16.7,1,1,53
8887,1,8887,variant_high,14.99,15.0,2024-08-09,1,1,0,52.89,54.3,3,1,60
8888,1,8888,control,9.99,0.0,2025-06-23,0,0,0,111.34,17.3,1,1,3
8889,1,8889,variant_mid,12.99,10.0,2025-12-19,0,0,0,121.88,3.5,3,1,38
8890,1,8890,control,9.99,0.0,2025-08-10,1,1,1,367.38,49.5,3,1,66
8891,1,8891,variant_mid,12.99,10.0,2024-07-04,1,0,0,314.58,64.4,3,1,26
8892,1,8892,variant_mid,12.99,10.0,2025-10-10,0,0,0,266.82,18.5,5,0,1
8893,1,8893,control,9.99,0.0,2026-01-08,0,0,0,41.01,34.2,1,1,53
8894,1,8894,variant_high,14.99,15.0,2024-07-18,1,0,0,481.6,47.6,1,1,50
8895,1,8895,control,9.99,0.0,2025-04-30,1,1,0,53.24,88.0,1,1,31
8896,1,8896,control,9.99,0.0,2025-07-10,1,1,0,26.77,37.9,2,1,8
8897,1,8897,variant_high,14.99,15.0,2025-04-09,1,1,1,7.21,47.0,5,1,62
8898,1,8898,control,9.99,0.0,2026-01-09,0,0,0,156.67,0.0,1,0,17
8899,1,8899,control,9.99,0.0,2024-07-08,1,0,0,102.13,54.0,1,0,38
8900,1,8900,control,9.99,0.0,2024-06-11,0,0,0,69.92,30.1,4,0,44
8901,1,8901,variant_mid,12.99,10.0,2025-10-28,1,1,0,94.08,42.3,4,1,31
8902,1,8902,variant_high,14.99,15.0,2024-02-28,1,1,0,30.3,53.8,5,1,6
8903,1,8903,variant_high,14.99,15.0,2024-01-30,0,0,0,92.39,21.2,3,1,25
8904,1,8904,variant_high,14.99,15.0,2025-10-24,0,0,0,60.82,48.3,4,1,21
8905,1,8905,variant_mid,12.99,10.0,2025-09-16,1,0,0,56.45,82.0,3,1,35
8906,1,8906,variant_high,14.99,15.0,2024-04-22,0,0,0,5.0,19.5,5,1,27
8907,1,8907,variant_high,14.99,15.0,2025-09-06,0,0,0,23.49,15.1,4,1,73
8908,1,8908,variant_high,14.99,15.0,2025-06-15,1,0,0,293.97,81.3,3,1,19
8909,1,8909,control,9.99,0.0,2025-11-01,0,0,0,84.18,11.2,3,0,46
8910,1,8910,variant_mid,12.99,10.0,2024-10-19,1,1,1,49.85,39.2,5,1,54
8911,1,8911,control,9.99,0.0,2024-09-07,0,0,0,19.72,14.7,3,1,2
8912,1,8912,variant_mid,12.99,10.0,2024-10-01,0,0,0,325.78,23.7,3,0,40
8913,1,8913,variant_high,14.99,15.0,2025-04-29,0,0,0,98.7,0.0,2,1,73
8914,1,8914,variant_high,14.99,15.0,2025-11-19,0,0,0,35.16,0.0,4,1,73
8915,1,8915,variant_high,14.99,15.0,2025-11-20,1,0,0,40.16,72.7,7,1,37
8916,1,8916,control,9.99,0.0,2024-10-02,1,1,1,121.87,30.3,3,1,46
8917,1,8917,variant_mid,12.99,10.0,2024-03-04,1,1,1,75.42,61.9,2,1,0
8918,1,8918,variant_high,14.99,15.0,2024-11-13,1,1,1,148.37,66.1,1,1,56
8919,1,8919,control,9.99,0.0,2024-11-22,0,0,0,10.81,18.2,1,0,22
8920,1,8920,control,9.99,0.0,2024-01-25,0,0,0,75.13,0.0,1,1,5
8921,1,8921,variant_mid,12.99,10.0,2025-12-30,0,0,0,40.15,40.1,3,1,39
8922,1,8922,variant_high,14.99,15.0,2024-05-27,0,0,0,47.9,10.4,4,1,6
8923,1,8923,variant_mid,12.99,10.0,2025-03-18,0,0,0,58.13,17.8,6,1,25
8924,1,8924,control,9.99,0.0,2024-09-26,0,0,0,75.54,0.0,0,1,19
8925,1,8925,variant_mid,12.99,10.0,2025-06-04,1,1,1,190.1,55.1,0,1,9
8926,1,8926,variant_high,14.99,15.0,2025-05-17,1,1,0,112.61,60.3,1,1,5
8927,1,8927,variant_mid,12.99,10.0,2025-11-09,1,1,0,105.62,53.5,5,1,24
8928,1,8928,control,9.99,0.0,2024-03-05,0,0,0,115.35,29.4,1,1,61
8929,1,8929,control,9.99,0.0,2024-07-25,1,1,0,280.98,63.4,0,1,42
8930,1,8930,variant_mid,12.99,10.0,2024-10-01,1,0,0,242.01,71.5,1,1,0
8931,1,8931,variant_mid,12.99,10.0,2025-10-24,0,0,0,339.61,0.0,2,1,12
8932,1,8932,control,9.99,0.0,2024-09-27,0,0,0,2403.73,1.9,4,1,60
8933,1,8933,variant_high,14.99,15.0,2025-01-12,0,0,0,496.18,24.8,1,1,10
8934,1,8934,variant_high,14.99,15.0,2025-08-08,0,0,0,177.63,10.7,5,0,21
8935,1,8935,control,9.99,0.0,2025-11-21,1,0,0,14.7,63.4,2,1,18
8936,1,8936,variant_mid,12.99,10.0,2024-07-27,1,1,1,17.27,44.5,6,1,59
8937,1,8937,variant_mid,12.99,10.0,2025-05-12,1,1,0,635.39,96.5,1,1,21
8938,1,8938,variant_mid,12.99,10.0,2025-10-16,0,0,0,155.65,0.0,1,1,72
8939,1,8939,variant_mid,12.99,10.0,2024-07-27,1,1,1,854.49,36.1,5,1,2
8940,1,8940,variant_mid,12.99,10.0,2025-12-07,0,0,0,9.62,0.0,2,1,18
8941,1,8941,variant_mid,12.99,10.0,2024-10-28,1,0,0,311.84,35.0,3,1,78
8942,1,8942,control,9.99,0.0,2024-06-14,0,0,0,129.12,7.2,4,1,63
8943,1,8943,variant_high,14.99,15.0,2025-08-16,1,0,0,179.93,35.8,5,1,86
8944,1,8944,variant_mid,12.99,10.0,2024-10-20,0,0,0,17.94,27.9,2,0,19
8945,1,8945,control,9.99,0.0,2024-11-11,0,0,0,45.69,0.0,1,0,9
8946,1,8946,variant_mid,12.99,10.0,2025-06-23,0,0,0,16.12,25.7,2,0,22
8947,1,8947,control,9.99,0.0,2024-06-29,1,1,1,94.67,71.1,2,1,65
8948,1,8948,variant_mid,12.99,10.0,2024-07-31,1,0,0,52.26,75.7,2,1,89
8949,1,8949,control,9.99,0.0,2025-06-15,1,0,0,162.8,87.5,4,1,0
8950,1,8950,variant_mid,12.99,10.0,2025-09-07,1,1,1,52.46,21.1,6,1,84
8951,1,8951,variant_mid,12.99,10.0,2024-05-12,1,1,1,55.16,78.3,2,0,17
8952,1,8952,variant_mid,12.99,10.0,2025-12-15,0,0,0,70.5,10.1,0,1,38
8953,1,8953,variant_mid,12.99,10.0,2024-02-23,0,0,0,132.31,0.0,4,1,86
8954,1,8954,variant_high,14.99,15.0,2025-04-23,0,0,0,703.2,0.0,4,0,27
8955,1,8955,variant_high,14.99,15.0,2024-11-12,0,0,0,11.51,25.4,4,1,21
8956,1,8956,variant_mid,12.99,10.0,2024-05-10,1,1,1,76.12,49.2,3,1,83
8957,1,8957,variant_mid,12.99,10.0,2025-08-03,0,0,0,232.13,10.6,4,1,57
8958,1,8958,variant_high,14.99,15.0,2024-01-08,1,0,0,167.61,75.3,4,1,35
8959,1,8959,variant_mid,12.99,10.0,2024-07-30,1,0,0,101.65,58.4,1,1,44
8960,1,8960,variant_mid,12.99,10.0,2024-11-12,1,0,0,73.84,85.4,4,1,56
8961,1,8961,variant_high,14.99,15.0,2025-05-27,1,1,1,39.5,60.4,1,1,57
8962,1,8962,control,9.99,0.0,2024-07-02,1,0,0,59.52,66.0,2,1,51
8963,1,8963,control,9.99,0.0,2024-02-09,1,1,0,71.06,53.0,2,1,75
8964,1,8964,variant_high,14.99,15.0,2025-07-24,1,1,1,52.46,53.3,0,1,13
8965,1,8965,variant_mid,12.99,10.0,2024-03-19,1,1,1,378.48,43.9,3,1,59
8966,1,8966,variant_mid,12.99,10.0,2024-12-25,0,0,0,614.49,28.8,3,0,15
8967,1,8967,control,9.99,0.0,2025-05-03,1,1,0,183.91,65.7,1,0,27
8968,1,8968,variant_high,14.99,15.0,2025-04-14,1,0,0,502.57,88.6,1,1,41
8969,1,8969,variant_high,14.99,15.0,2024-03-30,1,1,1,204.24,56.4,3,1,15
8970,1,8970,variant_mid,12.99,10.0,2025-04-02,1,1,1,285.91,68.3,4,1,23
8971,1,8971,control,9.99,0.0,2024-01-21,1,1,1,337.24,53.0,0,0,67
8972,1,8972,variant_mid,12.99,10.0,2024-02-16,0,0,0,53.7,0.0,3,1,43
8973,1,8973,control,9.99,0.0,2024-07-05,0,0,0,241.51,25.3,1,1,89
8974,1,8974,variant_mid,12.99,10.0,2025-06-18,1,1,1,416.24,70.6,1,0,58
8975,1,8975,variant_high,14.99,15.0,2024-06-05,1,0,0,5.75,56.0,5,1,16
8976,1,8976,variant_high,14.99,15.0,2025-09-08,1,1,0,40.57,32.0,0,1,60
8977,1,8977,variant_high,14.99,15.0,2024-04-22,1,1,1,98.41,60.5,7,1,11
8978,1,8978,variant_mid,12.99,10.0,2024-12-18,0,0,0,1969.87,7.1,3,1,75
8979,1,8979,control,9.99,0.0,2024-12-23,0,0,0,311.83,8.5,4,0,88
8980,1,8980,variant_high,14.99,15.0,2025-03-12,0,0,0,319.35,11.6,3,1,76
8981,1,8981,variant_high,14.99,15.0,2024-10-15,1,1,1,237.26,97.7,2,0,19
8982,1,8982,variant_mid,12.99,10.0,2024-04-25,0,0,0,160.48,18.1,3,1,63
8983,1,8983,control,9.99,0.0,2025-07-04,0,0,0,88.4,6.1,1,1,56
8984,1,8984,variant_high,14.99,15.0,2025-04-28,0,0,0,287.95,8.9,3,1,45
8985,1,8985,control,9.99,0.0,2025-04-27,0,0,0,32.32,22.4,1,1,1
8986,1,8986,variant_high,14.99,15.0,2025-11-28,0,0,0,180.56,0.0,3,1,75
8987,1,8987,variant_high,14.99,15.0,2025-10-24,0,0,0,161.67,29.6,2,0,30
8988,1,8988,control,9.99,0.0,2025-06-12,1,0,0,61.99,76.6,1,1,52
8989,1,8989,control,9.99,0.0,2024-11-17,0,0,0,285.72,4.0,3,1,54
8990,1,8990,control,9.99,0.0,2024-01-20,0,0,0,41.9,22.8,0,1,37
8991,1,8991,variant_high,14.99,15.0,2024-06-16,1,1,0,20.09,36.4,5,0,89
8992,1,8992,control,9.99,0.0,2024-08-28,1,1,1,10.43,49.8,2,0,7
8993,1,8993,variant_mid,12.99,10.0,2024-08-13,1,0,0,151.64,57.2,3,1,34
8994,1,8994,variant_mid,12.99,10.0,2025-11-29,0,0,0,25.13,34.6,2,1,27
8995,1,8995,variant_mid,12.99,10.0,2024-02-22,1,0,0,92.48,60.5,3,1,14
8996,1,8996,variant_high,14.99,15.0,2025-05-15,0,0,0,207.12,22.0,2,1,37
8997,1,8997,control,9.99,0.0,2024-12-30,1,1,1,77.15,68.9,1,1,54
8998,1,8998,control,9.99,0.0,2024-09-13,1,0,0,171.27,87.6,1,1,73
8999,1,8999,control,9.99,0.0,2025-07-05,1,1,0,135.44,56.8,1,0,26
9000,1,9000,variant_high,14.99,15.0,2025-03-22,0,0,0,126.85,0.0,3,1,38
9001,1,9001,variant_mid,12.99,10.0,2025-09-27,1,1,1,54.7,71.4,4,0,74
9002,1,9002,control,9.99,0.0,2024-05-08,0,0,0,385.43,0.0,1,1,74
9003,1,9003,variant_mid,12.99,10.0,2024-08-03,0,0,0,32.94,0.0,5,1,32
9004,1,9004,control,9.99,0.0,2025-11-25,0,0,0,39.36,0.0,0,1,23
9005,1,9005,variant_high,14.99,15.0,2025-10-15,1,0,0,183.03,52.8,4,0,5
9006,1,9006,control,9.99,0.0,2024-10-11,1,0,0,66.74,44.0,3,1,0
9007,1,9007,variant_high,14.99,15.0,2024-11-02,1,1,1,131.71,41.1,3,1,43
9008,1,9008,variant_mid,12.99,10.0,2024-06-04,1,0,0,209.3,70.7,0,1,22
9009,1,9009,variant_mid,12.99,10.0,2024-03-14,1,0,0,165.34,40.8,3,1,40
9010,1,9010,control,9.99,0.0,2024-03-05,0,0,0,103.73,29.1,1,1,77
9011,1,9011,control,9.99,0.0,2024-01-07,1,1,1,200.68,84.5,2,1,29
9012,1,9012,control,9.99,0.0,2024-02-06,0,0,0,194.51,0.0,3,1,79
9013,1,9013,variant_high,14.99,15.0,2024-10-05,1,1,1,208.54,79.3,1,1,59
9014,1,9014,variant_high,14.99,15.0,2025-04-16,1,0,0,86.84,49.2,3,0,88
9015,1,9015,control,9.99,0.0,2025-04-27,1,1,0,206.99,69.4,1,1,75
9016,1,9016,variant_high,14.99,15.0,2025-05-24,1,0,0,121.64,78.4,2,1,66
9017,1,9017,variant_mid,12.99,10.0,2025-04-23,0,0,0,74.91,0.2,2,1,31
9018,1,9018,variant_high,14.99,15.0,2025-05-09,1,1,0,116.33,48.7,4,0,83
9019,1,9019,variant_high,14.99,15.0,2024-10-08,1,0,0,14.44,85.5,3,1,12
9020,1,9020,variant_high,14.99,15.0,2024-09-02,1,1,1,27.54,81.4,3,1,78
9021,1,9021,variant_mid,12.99,10.0,2024-11-24,1,0,0,48.95,39.4,3,1,9
9022,1,9022,variant_mid,12.99,10.0,2025-08-07,1,0,0,492.54,76.9,2,1,37
9023,1,9023,variant_high,14.99,15.0,2025-01-31,1,1,0,310.67,52.7,3,0,63
9024,1,9024,control,9.99,0.0,2025-09-20,1,1,1,194.23,63.0,4,1,52
9025,1,9025,variant_mid,12.99,10.0,2024-09-12,1,0,0,177.79,54.4,4,1,40
9026,1,9026,variant_high,14.99,15.0,2025-04-02,1,1,0,5.12,63.6,4,1,47
9027,1,9027,control,9.99,0.0,2025-04-19,0,0,0,26.79,33.5,4,1,81
9028,1,9028,variant_mid,12.99,10.0,2025-04-14,1,0,0,109.18,63.7,2,1,48
9029,1,9029,control,9.99,0.0,2024-04-01,1,0,0,146.56,45.2,3,1,59
9030,1,9030,variant_mid,12.99,10.0,2024-06-04,0,0,0,172.87,0.0,5,1,33
9031,1,9031,control,9.99,0.0,2025-03-30,0,0,0,195.78,13.5,1,1,49
9032,1,9032,variant_high,14.99,15.0,2025-10-04,1,0,0,26.46,71.1,1,0,33
9033,1,9033,variant_high,14.99,15.0,2024-12-23,0,0,0,38.02,11.7,4,0,3
9034,1,9034,control,9.99,0.0,2024-03-13,1,0,0,644.75,76.1,2,1,45
9035,1,9035,control,9.99,0.0,2025-10-17,0,0,0,90.71,3.9,4,1,13
9036,1,9036,control,9.99,0.0,2025-08-17,0,0,0,5.2,16.2,1,1,58
9037,1,9037,control,9.99,0.0,2025-08-22,1,1,1,68.98,59.0,2,1,49
9038,1,9038,variant_mid,12.99,10.0,2024-11-07,0,0,0,23.73,0.0,4,1,37
9039,1,9039,control,9.99,0.0,2025-04-27,1,1,0,81.41,52.0,0,0,75
9040,1,9040,variant_mid,12.99,10.0,2024-03-14,0,0,0,46.29,18.7,1,1,18
9041,1,9041,control,9.99,0.0,2024-01-28,0,0,0,100.81,19.2,4,1,3
9042,1,9042,control,9.99,0.0,2024-03-04,0,0,0,29.36,41.8,3,1,1
9043,1,9043,variant_high,14.99,15.0,2024-11-25,1,1,1,43.72,61.5,4,1,3
9044,1,9044,variant_high,14.99,15.0,2025-12-22,1,1,1,157.04,59.7,6,1,19
9045,1,9045,control,9.99,0.0,2024-02-21,0,0,0,83.53,11.9,4,1,84
9046,1,9046,variant_mid,12.99,10.0,2025-02-20,0,0,0,71.15,40.8,0,1,46
9047,1,9047,control,9.99,0.0,2025-07-15,0,0,0,752.55,29.5,2,1,78
9048,1,9048,variant_high,14.99,15.0,2024-11-20,1,1,1,5.15,55.6,0,1,29
9049,1,9049,variant_high,14.99,15.0,2024-02-16,1,0,0,20.01,45.0,3,0,84
9050,1,9050,variant_mid,12.99,10.0,2025-11-07,1,0,0,18.12,5.2,5,1,63
9051,1,9051,variant_high,14.99,15.0,2025-11-04,1,1,1,77.16,48.4,3,1,24
9052,1,9052,variant_high,14.99,15.0,2024-12-04,0,0,0,239.57,2.5,3,1,82
9053,1,9053,control,9.99,0.0,2025-09-22,0,0,0,5.0,23.7,1,1,55
9054,1,9054,variant_high,14.99,15.0,2025-09-13,0,0,0,493.83,6.3,5,1,84
9055,1,9055,control,9.99,0.0,2025-05-03,0,0,0,50.32,4.4,3,0,17
9056,1,9056,control,9.99,0.0,2025-09-28,1,1,0,17.63,73.5,1,1,39
9057,1,9057,variant_mid,12.99,10.0,2025-06-01,0,0,0,413.41,0.0,1,1,79
9058,1,9058,control,9.99,0.0,2025-07-17,1,0,0,41.42,50.6,2,0,63
9059,1,9059,control,9.99,0.0,2024-04-10,0,0,0,214.14,15.7,2,1,67
9060,1,9060,control,9.99,0.0,2024-03-10,0,0,0,1161.36,18.3,0,1,27
9061,1,9061,variant_high,14.99,15.0,2024-05-14,1,0,0,171.66,57.4,2,1,73
9062,1,9062,control,9.99,0.0,2025-12-15,1,1,0,56.54,61.3,3,1,63
9063,1,9063,variant_mid,12.99,10.0,2024-11-16,1,1,1,63.63,46.0,1,1,45
9064,1,9064,control,9.99,0.0,2025-04-10,0,0,0,60.67,15.4,2,1,14
9065,1,9065,variant_high,14.99,15.0,2025-03-02,0,0,0,181.96,18.1,0,1,33
9066,1,9066,control,9.99,0.0,2024-11-01,1,1,0,684.7,83.3,1,0,28
9067,1,9067,variant_mid,12.99,10.0,2025-06-16,0,0,0,168.94,4.0,0,1,15
9068,1,9068,variant_mid,12.99,10.0,2025-07-23,0,0,0,441.64,22.1,6,1,73
9069,1,9069,variant_high,14.99,15.0,2025-12-09,1,0,0,386.8,50.1,3,1,54
9070,1,9070,variant_high,14.99,15.0,2024-03-03,1,0,0,485.45,64.6,2,0,26
9071,1,9071,control,9.99,0.0,2024-10-04,0,0,0,61.37,17.2,0,0,43
9072,1,9072,control,9.99,0.0,2024-05-20,0,0,0,82.63,0.0,1,1,50
9073,1,9073,variant_mid,12.99,10.0,2025-02-12,0,0,0,134.59,17.8,1,1,53
9074,1,9074,variant_mid,12.99,10.0,2025-05-11,0,0,0,8.65,34.4,3,1,39
9075,1,9075,variant_high,14.99,15.0,2024-05-17,0,0,0,238.11,18.9,4,1,0
9076,1,9076,control,9.99,0.0,2025-04-19,0,0,0,54.47,40.6,4,1,46
9077,1,9077,variant_high,14.99,15.0,2024-02-20,0,0,0,80.89,0.0,13,0,30
9078,1,9078,control,9.99,0.0,2025-01-24,1,0,0,158.32,76.6,1,1,82
9079,1,9079,control,9.99,0.0,2025-12-24,0,0,0,2506.06,0.0,1,1,22
9080,1,9080,variant_high,14.99,15.0,2025-05-14,0,0,0,98.47,0.0,3,1,72
9081,1,9081,variant_high,14.99,15.0,2025-07-28,0,0,0,99.69,7.9,1,1,34
9082,1,9082,control,9.99,0.0,2025-11-29,0,0,0,108.26,16.1,2,1,41
9083,1,9083,variant_high,14.99,15.0,2025-01-19,0,0,0,1262.07,9.3,0,1,30
9084,1,9084,control,9.99,0.0,2024-04-15,1,1,1,31.67,95.9,4,1,12
9085,1,9085,variant_high,14.99,15.0,2025-03-15,1,1,1,33.25,56.1,2,0,86
9086,1,9086,control,9.99,0.0,2024-09-12,1,0,0,85.89,65.5,0,1,22
9087,1,9087,control,9.99,0.0,2025-12-15,0,0,0,182.83,26.6,2,1,78
9088,1,9088,variant_high,14.99,15.0,2024-08-02,1,0,0,34.35,58.0,5,1,53
9089,1,9089,control,9.99,0.0,2025-02-06,0,0,0,47.15,4.4,2,0,65
9090,1,9090,variant_mid,12.99,10.0,2025-11-13,0,0,0,408.13,0.0,2,1,53
9091,1,9091,variant_high,14.99,15.0,2025-07-19,0,0,0,26.4,53.2,5,1,44
9092,1,9092,control,9.99,0.0,2024-05-23,1,1,1,29.3,59.9,2,1,9
9093,1,9093,variant_high,14.99,15.0,2025-10-14,0,0,0,207.58,10.6,2,1,43
9094,1,9094,variant_mid,12.99,10.0,2024-10-07,1,1,1,284.21,85.2,3,1,85
9095,1,9095,control,9.99,0.0,2025-06-16,0,0,0,5.64,0.0,1,1,15
9096,1,9096,control,9.99,0.0,2025-11-06,0,0,0,536.33,41.6,1,1,60
9097,1,9097,control,9.99,0.0,2026-01-01,0,0,0,67.77,28.8,1,1,55
9098,1,9098,variant_mid,12.99,10.0,2025-05-05,0,0,0,671.42,27.9,2,0,58
9099,1,9099,variant_mid,12.99,10.0,2025-07-07,1,1,1,110.59,53.8,2,1,60
9100,1,9100,variant_high,14.99,15.0,2024-01-29,1,1,1,65.34,52.4,2,1,5
9101,1,9101,variant_mid,12.99,10.0,2025-12-02,1,1,1,101.95,65.1,2,1,16
9102,1,9102,variant_mid,12.99,10.0,2025-12-10,1,1,1,1603.33,28.0,3,1,6
9103,1,9103,variant_high,14.99,15.0,2024-06-18,1,0,0,71.92,61.4,3,1,46
9104,1,9104,variant_mid,12.99,10.0,2024-02-19,0,0,0,176.49,16.5,2,1,17
9105,1,9105,variant_high,14.99,15.0,2025-12-04,1,0,0,46.54,73.3,9,1,22
9106,1,9106,variant_mid,12.99,10.0,2025-01-19,0,0,0,101.18,8.3,3,0,60
9107,1,9107,variant_high,14.99,15.0,2024-05-14,0,0,0,128.0,4.9,2,1,19
9108,1,9108,variant_high,14.99,15.0,2024-06-28,0,0,0,58.98,0.0,3,1,27
9109,1,9109,variant_mid,12.99,10.0,2025-05-16,0,0,0,70.46,0.0,5,1,33
9110,1,9110,variant_mid,12.99,10.0,2025-04-25,1,1,1,576.44,40.4,2,1,36
9111,1,9111,control,9.99,0.0,2025-04-11,0,0,0,36.41,0.7,2,1,22
9112,1,9112,variant_mid,12.99,10.0,2024-08-02,0,0,0,75.92,0.0,1,1,41
9113,1,9113,variant_mid,12.99,10.0,2025-07-26,0,0,0,63.51,0.0,2,1,58
9114,1,9114,variant_mid,12.99,10.0,2025-08-27,1,0,0,15.67,70.8,5,1,38
9115,1,9115,control,9.99,0.0,2024-02-14,1,1,1,134.58,80.6,3,0,8
9116,1,9116,variant_high,14.99,15.0,2025-03-04,1,1,0,203.89,69.5,3,1,86
9117,1,9117,control,9.99,0.0,2025-06-01,1,0,0,96.17,77.1,4,1,79
9118,1,9118,variant_high,14.99,15.0,2024-08-30,1,1,0,145.63,59.2,2,1,28
9119,1,9119,variant_high,14.99,15.0,2025-05-27,0,0,0,380.71,8.4,5,1,16
9120,1,9120,control,9.99,0.0,2025-10-04,0,0,0,106.96,13.6,0,1,46
9121,1,9121,variant_mid,12.99,10.0,2025-11-03,0,0,0,279.28,3.7,2,1,14
9122,1,9122,variant_mid,12.99,10.0,2025-07-28,1,0,0,123.49,77.2,1,0,44
9123,1,9123,variant_high,14.99,15.0,2025-06-20,1,1,0,91.16,69.8,0,1,80
9124,1,9124,variant_high,14.99,15.0,2025-01-07,0,0,0,712.53,22.6,1,1,63
9125,1,9125,variant_mid,12.99,10.0,2024-03-28,1,0,0,245.35,13.1,2,1,66
9126,1,9126,variant_high,14.99,15.0,2025-01-13,1,0,0,91.81,86.6,3,1,1
9127,1,9127,control,9.99,0.0,2025-08-03,1,0,0,273.82,54.7,2,0,84
9128,1,9128,control,9.99,0.0,2024-12-27,1,1,1,707.93,41.4,2,1,27
9129,1,9129,variant_mid,12.99,10.0,2025-11-14,0,0,0,119.42,0.0,1,1,45
9130,1,9130,variant_high,14.99,15.0,2025-02-14,1,1,1,1181.58,84.1,7,0,4
9131,1,9131,control,9.99,0.0,2024-01-26,1,0,0,67.65,91.6,3,1,35
9132,1,9132,variant_high,14.99,15.0,2025-09-25,1,1,0,64.01,70.9,3,0,26
9133,1,9133,control,9.99,0.0,2024-11-25,1,1,0,16.06,34.6,3,1,82
9134,1,9134,control,9.99,0.0,2024-02-25,1,1,1,13.7,83.8,2,1,86
9135,1,9135,variant_high,14.99,15.0,2025-05-31,0,0,0,37.17,18.2,2,1,27
9136,1,9136,variant_mid,12.99,10.0,2024-10-16,1,1,0,29.95,68.8,1,1,12
9137,1,9137,variant_mid,12.99,10.0,2025-07-28,0,0,0,36.27,30.5,4,1,31
9138,1,9138,variant_high,14.99,15.0,2025-07-14,1,1,1,49.44,99.4,0,1,59
9139,1,9139,variant_mid,12.99,10.0,2025-12-03,1,1,1,564.28,40.2,5,0,77
9140,1,9140,control,9.99,0.0,2025-12-18,0,0,0,103.36,0.0,1,1,8
9141,1,9141,variant_mid,12.99,10.0,2025-07-12,0,0,0,41.3,1.2,2,1,26
9142,1,9142,variant_high,14.99,15.0,2024-04-21,0,0,0,43.91,5.9,1,1,43
9143,1,9143,control,9.99,0.0,2025-09-06,1,0,0,578.11,51.0,3,1,77
9144,1,9144,control,9.99,0.0,2024-02-17,1,0,0,87.2,54.6,1,0,77
9145,1,9145,variant_high,14.99,15.0,2024-12-20,1,1,1,122.59,41.7,4,1,9
9146,1,9146,variant_mid,12.99,10.0,2025-08-28,1,0,0,308.58,62.8,2,1,12
9147,1,9147,control,9.99,0.0,2025-10-24,0,0,0,171.58,0.0,2,0,89
9148,1,9148,variant_mid,12.99,10.0,2025-12-10,1,0,0,161.41,66.1,1,1,62
9149,1,9149,variant_high,14.99,15.0,2024-04-17,1,0,0,115.46,70.9,3,1,47
9150,1,9150,control,9.99,0.0,2025-06-21,1,1,0,31.07,83.1,1,1,0
9151,1,9151,control,9.99,0.0,2024-03-14,1,1,1,65.66,65.2,0,1,88
9152,1,9152,variant_mid,12.99,10.0,2025-02-14,1,1,1,84.86,70.0,1,1,44
9153,1,9153,variant_mid,12.99,10.0,2024-10-02,0,0,0,1168.12,0.0,3,0,17
9154,1,9154,control,9.99,0.0,2024-07-07,0,0,0,149.46,19.8,3,1,43
9155,1,9155,variant_mid,12.99,10.0,2025-07-05,1,1,1,257.42,44.5,2,1,73
9156,1,9156,variant_mid,12.99,10.0,2025-12-01,0,0,0,248.03,0.0,3,1,36
9157,1,9157,variant_mid,12.99,10.0,2024-09-15,0,0,0,101.34,29.0,8,1,46
9158,1,9158,variant_mid,12.99,10.0,2025-06-13,1,0,0,77.26,43.5,1,1,49
9159,1,9159,control,9.99,0.0,2025-07-29,0,0,0,405.25,33.4,1,0,50
9160,1,9160,control,9.99,0.0,2025-05-27,0,0,0,247.32,0.0,0,1,28
9161,1,9161,variant_high,14.99,15.0,2024-09-02,0,0,0,69.06,15.0,5,1,65
9162,1,9162,variant_mid,12.99,10.0,2025-10-09,0,0,0,162.04,0.0,5,1,56
9163,1,9163,variant_mid,12.99,10.0,2025-06-09,1,1,1,27.16,88.1,4,1,62
9164,1,9164,variant_mid,12.99,10.0,2025-10-13,1,0,0,8.64,58.9,4,1,39
9165,1,9165,variant_mid,12.99,10.0,2024-07-12,0,0,0,37.39,1.7,3,1,33
9166,1,9166,variant_high,14.99,15.0,2024-03-17,0,0,0,170.25,31.2,0,1,17
9167,1,9167,variant_high,14.99,15.0,2025-05-21,0,0,0,64.67,1.7,5,0,62
9168,1,9168,control,9.99,0.0,2024-02-01,0,0,0,126.9,6.2,4,0,81
9169,1,9169,control,9.99,0.0,2024-06-12,0,0,0,122.98,0.0,1,0,55
9170,1,9170,control,9.99,0.0,2024-06-23,1,1,0,102.89,39.1,2,1,25
9171,1,9171,control,9.99,0.0,2024-06-09,0,0,0,282.82,10.0,2,1,84
9172,1,9172,variant_mid,12.99,10.0,2025-11-05,0,0,0,23.4,14.4,3,0,56
9173,1,9173,control,9.99,0.0,2025-10-03,1,1,1,279.72,64.1,2,1,78
9174,1,9174,variant_high,14.99,15.0,2025-02-09,1,1,1,269.81,21.5,4,1,50
9175,1,9175,variant_mid,12.99,10.0,2025-05-26,1,1,1,82.2,67.1,0,1,38
9176,1,9176,control,9.99,0.0,2025-04-17,1,1,0,78.51,57.3,0,1,47
9177,1,9177,control,9.99,0.0,2025-10-10,1,0,0,133.93,43.9,3,1,51
9178,1,9178,control,9.99,0.0,2024-09-27,1,0,0,65.91,78.1,3,1,3
9179,1,9179,variant_mid,12.99,10.0,2025-05-29,0,0,0,1082.78,45.5,2,1,54
9180,1,9180,variant_mid,12.99,10.0,2024-11-20,0,0,0,33.62,31.1,0,1,57
9181,1,9181,variant_mid,12.99,10.0,2025-01-06,0,0,0,321.41,6.9,2,1,58
9182,1,9182,control,9.99,0.0,2024-08-15,0,0,0,126.4,12.0,4,1,66
9183,1,9183,variant_high,14.99,15.0,2025-07-06,0,0,0,94.78,34.5,3,1,60
9184,1,9184,variant_mid,12.99,10.0,2025-11-30,0,0,0,41.84,8.3,3,1,36
9185,1,9185,variant_mid,12.99,10.0,2025-12-25,0,0,0,31.17,0.7,2,1,7
9186,1,9186,variant_mid,12.99,10.0,2024-11-16,1,0,0,30.63,56.7,5,1,7
9187,1,9187,control,9.99,0.0,2024-03-22,1,0,0,477.96,72.4,1,1,62
9188,1,9188,variant_high,14.99,15.0,2025-09-21,1,1,0,43.64,71.7,2,1,26
9189,1,9189,variant_mid,12.99,10.0,2024-02-08,0,0,0,821.96,6.3,2,1,37
9190,1,9190,control,9.99,0.0,2024-05-03,0,0,0,11.36,15.6,6,1,63
9191,1,9191,control,9.99,0.0,2025-10-29,0,0,0,47.64,0.0,2,0,26
9192,1,9192,variant_mid,12.99,10.0,2024-08-21,1,1,0,494.87,84.9,1,1,42
9193,1,9193,variant_mid,12.99,10.0,2025-02-15,1,0,0,936.42,64.5,1,1,38
9194,1,9194,variant_high,14.99,15.0,2024-05-29,1,0,0,10.04,75.8,3,1,51
9195,1,9195,variant_mid,12.99,10.0,2024-07-30,0,0,0,80.37,18.1,1,1,0
9196,1,9196,variant_high,14.99,15.0,2024-08-08,1,1,0,213.98,34.1,1,1,0
9197,1,9197,control,9.99,0.0,2024-06-11,0,0,0,39.9,17.7,0,1,3
9198,1,9198,variant_mid,12.99,10.0,2025-05-16,0,0,0,680.74,28.8,2,1,58
9199,1,9199,control,9.99,0.0,2025-05-12,0,0,0,225.65,9.8,1,1,20
9200,1,9200,variant_high,14.99,15.0,2024-04-23,0,0,0,10.23,28.3,3,1,78
9201,1,9201,variant_mid,12.99,10.0,2026-01-01,1,0,0,82.56,94.1,1,1,47
9202,1,9202,variant_mid,12.99,10.0,2025-02-01,1,0,0,146.53,55.9,3,1,66
9203,1,9203,control,9.99,0.0,2025-06-24,0,0,0,180.42,0.0,3,1,24
9204,1,9204,variant_mid,12.99,10.0,2024-01-04,0,0,0,30.55,0.0,3,1,36
9205,1,9205,variant_mid,12.99,10.0,2024-10-17,0,0,0,43.15,0.0,2,1,13
9206,1,9206,control,9.99,0.0,2025-12-23,1,1,1,40.61,56.2,4,1,32
9207,1,9207,variant_high,14.99,15.0,2025-09-23,0,0,0,131.24,0.0,0,1,71
9208,1,9208,variant_mid,12.99,10.0,2024-02-12,1,0,0,92.28,94.8,0,0,89
9209,1,9209,variant_mid,12.99,10.0,2025-05-27,0,0,0,206.1,23.4,2,1,55
9210,1,9210,variant_mid,12.99,10.0,2025-07-05,0,0,0,105.35,11.9,3,1,17
9211,1,9211,variant_high,14.99,15.0,2024-04-16,0,0,0,107.78,0.0,4,0,58
9212,1,9212,control,9.99,0.0,2025-10-07,0,0,0,35.9,0.0,6,1,62
9213,1,9213,variant_mid,12.99,10.0,2024-05-13,0,0,0,106.93,4.5,0,0,23
9214,1,9214,variant_high,14.99,15.0,2026-01-06,0,0,0,83.18,0.0,2,1,47
9215,1,9215,control,9.99,0.0,2024-01-23,0,0,0,174.62,15.3,2,0,17
9216,1,9216,variant_high,14.99,15.0,2025-04-26,0,0,0,191.27,8.8,2,1,60
9217,1,9217,variant_high,14.99,15.0,2024-06-30,1,0,0,174.1,95.6,4,1,59
9218,1,9218,control,9.99,0.0,2025-03-26,0,0,0,35.31,3.5,1,0,76
9219,1,9219,control,9.99,0.0,2025-07-17,1,1,1,85.41,1.9,0,1,18
9220,1,9220,variant_high,14.99,15.0,2025-02-27,0,0,0,849.29,0.0,3,1,51
9221,1,9221,variant_high,14.99,15.0,2025-07-14,1,0,0,106.23,74.1,4,1,10
9222,1,9222,control,9.99,0.0,2025-07-21,1,0,0,481.75,55.9,4,1,20
9223,1,9223,variant_high,14.99,15.0,2024-09-06,0,0,0,21.76,14.4,1,0,29
9224,1,9224,control,9.99,0.0,2025-10-03,0,0,0,17.46,31.3,3,1,38
9225,1,9225,variant_mid,12.99,10.0,2024-03-07,0,0,0,101.77,13.7,4,1,39
9226,1,9226,variant_high,14.99,15.0,2025-01-20,1,1,1,110.42,54.0,1,1,15
9227,1,9227,control,9.99,0.0,2025-07-05,0,0,0,72.07,16.8,0,1,6
9228,1,9228,variant_high,14.99,15.0,2025-06-18,0,0,0,38.14,0.0,9,1,15
9229,1,9229,control,9.99,0.0,2024-09-04,1,0,0,71.5,81.3,3,1,77
9230,1,9230,variant_mid,12.99,10.0,2025-12-15,1,1,1,72.11,88.8,3,1,67
9231,1,9231,variant_high,14.99,15.0,2025-12-23,1,0,0,89.11,44.2,7,1,45
9232,1,9232,control,9.99,0.0,2024-03-25,0,0,0,77.06,0.0,5,0,34
9233,1,9233,variant_high,14.99,15.0,2024-03-12,0,0,0,198.89,38.2,5,1,28
9234,1,9234,variant_high,14.99,15.0,2025-03-26,0,0,0,120.85,34.9,1,1,14
9235,1,9235,variant_high,14.99,15.0,2024-05-17,0,0,0,101.35,9.8,3,0,86
9236,1,9236,variant_high,14.99,15.0,2024-03-10,1,0,0,184.82,62.8,4,1,82
9237,1,9237,variant_high,14.99,15.0,2025-08-26,1,1,1,324.22,63.2,2,1,83
9238,1,9238,control,9.99,0.0,2024-12-01,0,0,0,39.04,5.4,0,1,38
9239,1,9239,variant_mid,12.99,10.0,2025-10-02,0,0,0,172.28,5.4,2,0,8
9240,1,9240,variant_mid,12.99,10.0,2025-06-26,0,0,0,150.01,0.2,0,0,55
9241,1,9241,variant_high,14.99,15.0,2025-05-05,1,0,0,1272.13,50.9,3,1,85
9242,1,9242,variant_high,14.99,15.0,2024-10-17,1,0,0,417.39,35.8,3,1,88
9243,1,9243,control,9.99,0.0,2025-07-09,0,0,0,171.35,23.2,1,1,5
9244,1,9244,variant_high,14.99,15.0,2024-03-27,1,1,1,222.78,68.8,1,1,0
9245,1,9245,variant_mid,12.99,10.0,2024-09-03,0,0,0,23.64,3.3,0,1,34
9246,1,9246,variant_mid,12.99,10.0,2025-09-04,1,1,0,58.69,45.8,3,1,16
9247,1,9247,variant_mid,12.99,10.0,2025-05-28,1,0,0,139.62,71.1,3,0,76
9248,1,9248,variant_mid,12.99,10.0,2024-07-03,0,0,0,132.72,18.6,4,1,20
9249,1,9249,variant_high,14.99,15.0,2025-09-26,1,0,0,59.32,90.9,3,1,62
9250,1,9250,variant_mid,12.99,10.0,2025-01-04,0,0,0,40.91,0.0,0,1,80
9251,1,9251,variant_high,14.99,15.0,2025-06-23,0,0,0,1647.11,0.2,4,1,84
9252,1,9252,variant_high,14.99,15.0,2024-04-20,1,1,0,32.36,49.8,2,1,27
9253,1,9253,variant_high,14.99,15.0,2024-04-20,0,0,0,349.27,5.3,6,1,26
9254,1,9254,variant_high,14.99,15.0,2025-12-30,0,0,0,307.49,9.2,4,1,65
9255,1,9255,variant_high,14.99,15.0,2025-11-11,1,0,0,41.21,55.2,1,1,52
9256,1,9256,control,9.99,0.0,2024-10-06,0,0,0,273.65,22.6,0,0,26
9257,1,9257,variant_mid,12.99,10.0,2025-11-10,0,0,0,132.34,0.0,2,1,65
9258,1,9258,control,9.99,0.0,2025-09-11,1,1,1,145.6,78.6,2,1,56
9259,1,9259,variant_mid,12.99,10.0,2024-08-04,1,1,1,69.99,92.7,2,1,56
9260,1,9260,variant_high,14.99,15.0,2024-10-18,0,0,0,29.22,0.0,4,1,30
9261,1,9261,variant_high,14.99,15.0,2025-01-30,0,0,0,53.73,43.6,3,1,26
9262,1,9262,variant_mid,12.99,10.0,2024-09-19,0,0,0,113.7,22.6,7,1,46
9263,1,9263,variant_high,14.99,15.0,2024-08-06,0,0,0,46.72,31.0,2,0,33
9264,1,9264,control,9.99,0.0,2024-07-08,1,1,1,89.71,51.2,0,0,69
9265,1,9265,variant_high,14.99,15.0,2025-04-22,1,1,0,576.96,51.6,4,1,47
9266,1,9266,control,9.99,0.0,2024-11-08,0,0,0,76.46,20.1,0,1,53
9267,1,9267,control,9.99,0.0,2025-12-11,1,0,0,40.63,47.4,3,1,42
9268,1,9268,control,9.99,0.0,2025-10-03,0,0,0,53.15,0.0,4,1,5
9269,1,9269,variant_high,14.99,15.0,2024-03-19,1,1,0,231.24,56.8,2,1,60
9270,1,9270,variant_mid,12.99,10.0,2025-05-06,1,0,0,52.79,52.0,2,1,11
9271,1,9271,variant_mid,12.99,10.0,2025-04-26,1,1,0,76.74,64.3,2,1,48
9272,1,9272,variant_mid,12.99,10.0,2024-02-12,1,1,1,33.14,75.7,2,1,70
9273,1,9273,control,9.99,0.0,2025-08-07,1,0,0,215.78,57.3,5,1,3
9274,1,9274,control,9.99,0.0,2025-02-04,1,1,1,148.45,95.8,1,0,19
9275,1,9275,control,9.99,0.0,2025-09-08,1,1,0,189.63,42.1,1,1,71
9276,1,9276,variant_mid,12.99,10.0,2025-01-07,1,0,0,139.13,64.9,3,0,65
9277,1,9277,control,9.99,0.0,2024-11-19,0,0,0,24.09,6.6,3,1,17
9278,1,9278,variant_mid,12.99,10.0,2025-06-04,0,0,0,219.15,0.0,3,1,83
9279,1,9279,variant_mid,12.99,10.0,2025-07-20,1,1,1,266.52,31.9,2,0,16
9280,1,9280,variant_mid,12.99,10.0,2025-07-21,0,0,0,194.65,0.0,1,1,4
9281,1,9281,variant_high,14.99,15.0,2024-12-23,0,0,0,440.08,39.6,1,1,3
9282,1,9282,control,9.99,0.0,2025-03-06,0,0,0,42.53,0.0,6,1,88
9283,1,9283,variant_mid,12.99,10.0,2026-01-08,0,0,0,817.93,53.7,4,1,15
9284,1,9284,control,9.99,0.0,2025-10-14,0,0,0,239.22,0.0,2,1,77
9285,1,9285,variant_high,14.99,15.0,2024-10-28,1,1,1,46.84,50.2,1,1,46
9286,1,9286,variant_high,14.99,15.0,2025-04-16,1,0,0,360.47,88.6,7,1,4
9287,1,9287,control,9.99,0.0,2024-05-20,1,1,0,118.12,67.7,0,1,53
9288,1,9288,control,9.99,0.0,2024-09-11,1,1,1,153.23,31.1,1,1,55
9289,1,9289,control,9.99,0.0,2025-02-11,0,0,0,83.07,29.1,4,1,79
9290,1,9290,control,9.99,0.0,2024-10-05,0,0,0,14.74,0.0,2,1,81
9291,1,9291,control,9.99,0.0,2025-11-19,1,1,1,27.69,51.2,2,0,20
9292,1,9292,control,9.99,0.0,2025-09-23,0,0,0,39.21,4.1,3,1,85
9293,1,9293,control,9.99,0.0,2024-01-22,0,0,0,155.64,0.0,3,1,73
9294,1,9294,control,9.99,0.0,2024-07-24,0,0,0,108.89,0.0,2,0,29
9295,1,9295,variant_mid,12.99,10.0,2024-05-15,1,1,0,631.49,78.9,2,1,49
9296,1,9296,control,9.99,0.0,2024-05-01,0,0,0,68.13,23.8,3,0,75
9297,1,9297,variant_mid,12.99,10.0,2025-02-16,1,0,0,29.57,55.9,0,1,50
9298,1,9298,variant_high,14.99,15.0,2025-07-19,0,0,0,92.56,2.7,1,1,37
9299,1,9299,variant_mid,12.99,10.0,2025-07-04,1,0,0,109.75,51.1,3,1,43
9300,1,9300,control,9.99,0.0,2024-11-11,1,0,0,237.48,78.2,4,0,51
9301,1,9301,variant_high,14.99,15.0,2024-11-07,1,1,1,66.02,51.6,3,1,84
9302,1,9302,control,9.99,0.0,2024-06-19,1,1,1,52.87,82.3,2,1,78
9303,1,9303,control,9.99,0.0,2025-09-29,1,1,0,68.92,72.1,2,0,18
9304,1,9304,variant_mid,12.99,10.0,2025-09-12,1,0,0,327.58,40.9,4,1,41
9305,1,9305,control,9.99,0.0,2024-10-06,1,1,1,91.22,65.9,0,1,26
9306,1,9306,variant_mid,12.99,10.0,2024-05-15,1,0,0,69.84,73.4,3,1,66
9307,1,9307,variant_high,14.99,15.0,2024-12-27,1,1,1,166.53,76.4,2,0,81
9308,1,9308,variant_mid,12.99,10.0,2025-06-19,0,0,0,568.89,24.3,0,0,61
9309,1,9309,variant_high,14.99,15.0,2024-07-31,1,1,1,77.83,48.3,5,1,68
9310,1,9310,variant_mid,12.99,10.0,2024-09-11,0,0,0,98.95,4.8,3,1,53
9311,1,9311,control,9.99,0.0,2024-04-28,1,1,0,28.58,39.4,2,1,81
9312,1,9312,variant_mid,12.99,10.0,2025-06-16,0,0,0,76.12,36.4,2,1,47
9313,1,9313,variant_mid,12.99,10.0,2025-10-24,0,0,0,49.06,25.3,0,1,72
9314,1,9314,variant_high,14.99,15.0,2025-07-25,0,0,0,73.86,34.1,4,1,5
9315,1,9315,variant_high,14.99,15.0,2025-08-25,0,0,0,1333.78,30.0,5,1,37
9316,1,9316,control,9.99,0.0,2024-05-03,0,0,0,18.71,0.0,2,1,68
9317,1,9317,variant_high,14.99,15.0,2025-09-27,1,1,1,49.09,60.6,3,1,79
9318,1,9318,control,9.99,0.0,2025-08-27,1,1,1,44.3,76.0,1,1,65
9319,1,9319,variant_high,14.99,15.0,2024-08-30,1,1,1,42.36,42.2,0,0,22
9320,1,9320,control,9.99,0.0,2025-03-27,1,1,1,137.01,51.5,3,1,81
9321,1,9321,variant_high,14.99,15.0,2024-02-25,1,1,1,53.93,45.5,3,1,72
9322,1,9322,variant_mid,12.99,10.0,2025-09-26,1,0,0,146.12,46.5,1,1,12
9323,1,9323,variant_mid,12.99,10.0,2024-01-11,0,0,0,562.8,16.7,4,0,12
9324,1,9324,variant_high,14.99,15.0,2024-01-28,1,1,0,11.78,34.4,4,1,79
9325,1,9325,variant_mid,12.99,10.0,2025-04-13,1,1,0,225.78,67.5,2,1,20
9326,1,9326,variant_mid,12.99,10.0,2025-07-18,1,1,1,26.16,53.5,7,1,30
9327,1,9327,variant_high,14.99,15.0,2025-09-04,1,1,1,15.79,65.8,2,1,77
9328,1,9328,control,9.99,0.0,2025-12-23,1,1,0,181.64,42.4,3,1,32
9329,1,9329,variant_mid,12.99,10.0,2024-01-22,0,0,0,131.72,34.0,2,1,33
9330,1,9330,variant_high,14.99,15.0,2025-06-13,1,1,0,742.12,66.5,6,1,84
9331,1,9331,control,9.99,0.0,2024-08-31,0,0,0,189.18,18.8,3,1,57
9332,1,9332,control,9.99,0.0,2025-11-07,1,0,0,40.54,57.5,2,1,25
9333,1,9333,control,9.99,0.0,2024-08-13,1,0,0,186.24,64.4,3,1,32
9334,1,9334,control,9.99,0.0,2024-11-14,0,0,0,143.7,0.0,3,1,9
9335,1,9335,variant_mid,12.99,10.0,2024-08-11,1,1,0,87.8,93.1,5,1,14
9336,1,9336,variant_mid,12.99,10.0,2025-06-11,1,1,1,24.04,40.0,2,1,41
9337,1,9337,control,9.99,0.0,2025-11-04,1,1,0,58.11,42.6,7,1,80
9338,1,9338,variant_mid,12.99,10.0,2025-03-08,1,1,0,84.4,44.2,2,0,63
9339,1,9339,control,9.99,0.0,2024-09-28,0,0,0,225.7,32.4,1,1,1
9340,1,9340,variant_high,14.99,15.0,2024-09-16,1,1,0,85.36,42.0,0,1,20
9341,1,9341,variant_high,14.99,15.0,2025-05-26,1,1,1,134.92,87.4,1,0,83
9342,1,9342,control,9.99,0.0,2025-04-11,1,1,0,358.74,100.0,1,1,62
9343,1,9343,control,9.99,0.0,2024-07-11,0,0,0,114.15,0.0,4,1,1
9344,1,9344,variant_high,14.99,15.0,2024-10-03,0,0,0,111.26,12.7,3,1,37
9345,1,9345,variant_mid,12.99,10.0,2025-12-04,1,1,1,305.03,68.1,3,0,16
9346,1,9346,variant_mid,12.99,10.0,2025-11-28,0,0,0,112.31,9.8,2,1,34
9347,1,9347,variant_mid,12.99,10.0,2024-10-23,1,1,0,111.26,82.0,2,1,0
9348,1,9348,variant_mid,12.99,10.0,2025-08-22,1,0,0,889.19,68.3,2,1,12
9349,1,9349,variant_high,14.99,15.0,2024-02-24,1,1,0,101.29,72.6,1,1,28
9350,1,9350,variant_high,14.99,15.0,2025-10-03,0,0,0,109.38,7.9,4,1,77
9351,1,9351,control,9.99,0.0,2024-09-08,0,0,0,27.37,19.0,0,0,41
9352,1,9352,variant_high,14.99,15.0,2025-04-12,1,1,0,475.62,85.9,2,1,73
9353,1,9353,variant_high,14.99,15.0,2025-04-07,0,0,0,99.89,0.1,3,1,51
9354,1,9354,control,9.99,0.0,2025-09-10,1,1,0,131.71,57.2,1,1,26
9355,1,9355,variant_high,14.99,15.0,2025-12-18,0,0,0,29.25,24.7,3,0,72
9356,1,9356,variant_mid,12.99,10.0,2024-09-29,1,1,1,57.73,34.8,1,1,24
9357,1,9357,control,9.99,0.0,2025-01-31,1,1,1,189.05,76.7,2,1,33
9358,1,9358,variant_high,14.99,15.0,2025-05-07,1,1,0,94.16,71.6,1,1,1
9359,1,9359,variant_high,14.99,15.0,2025-03-20,0,0,0,399.85,0.0,4,1,66
9360,1,9360,control,9.99,0.0,2024-09-19,1,0,0,68.86,59.0,1,0,62
9361,1,9361,variant_mid,12.99,10.0,2024-10-22,0,0,0,25.83,0.0,6,1,63
9362,1,9362,variant_mid,12.99,10.0,2025-03-14,1,0,0,55.16,66.3,1,0,4
9363,1,9363,variant_high,14.99,15.0,2025-11-19,0,0,0,341.0,0.0,3,0,46
9364,1,9364,control,9.99,0.0,2024-03-12,1,1,1,398.39,66.4,4,1,37
9365,1,9365,variant_mid,12.99,10.0,2024-07-02,1,0,0,71.26,77.6,0,1,82
9366,1,9366,variant_high,14.99,15.0,2025-08-11,0,0,0,32.97,21.7,6,1,15
9367,1,9367,variant_high,14.99,15.0,2025-03-11,1,0,0,18.18,50.8,5,1,40
9368,1,9368,control,9.99,0.0,2024-11-05,0,0,0,11.95,11.8,3,0,76
9369,1,9369,variant_high,14.99,15.0,2024-10-02,1,1,0,84.32,53.8,3,1,35
9370,1,9370,control,9.99,0.0,2025-12-31,0,0,0,90.19,12.2,2,1,32
9371,1,9371,variant_high,14.99,15.0,2025-10-13,1,1,0,18.8,92.9,1,1,55
9372,1,9372,control,9.99,0.0,2025-10-08,1,0,0,13.76,77.6,3,1,38
9373,1,9373,variant_high,14.99,15.0,2024-07-29,0,0,0,393.7,0.0,7,1,36
9374,1,9374,variant_high,14.99,15.0,2025-04-09,1,1,0,551.92,81.3,1,1,36
9375,1,9375,variant_high,14.99,15.0,2025-12-15,0,0,0,100.08,0.0,1,1,23
9376,1,9376,control,9.99,0.0,2024-07-28,1,1,1,269.27,68.2,0,1,33
9377,1,9377,variant_high,14.99,15.0,2024-06-01,0,0,0,472.48,0.0,1,1,14
9378,1,9378,control,9.99,0.0,2025-04-10,0,0,0,42.7,0.0,1,1,67
9379,1,9379,variant_mid,12.99,10.0,2024-06-09,1,1,0,423.33,58.2,5,1,26
9380,1,9380,variant_high,14.99,15.0,2025-07-20,1,0,0,28.65,67.9,1,1,75
9381,1,9381,variant_high,14.99,15.0,2025-10-04,1,0,0,139.65,57.0,3,1,31
9382,1,9382,variant_mid,12.99,10.0,2024-12-15,1,0,0,5.0,42.9,3,0,86
9383,1,9383,control,9.99,0.0,2026-01-04,1,1,1,384.35,45.3,2,0,17
9384,1,9384,variant_mid,12.99,10.0,2025-03-15,0,0,0,76.66,0.0,1,1,0
9385,1,9385,control,9.99,0.0,2024-11-13,0,0,0,53.42,2.3,1,1,8
9386,1,9386,control,9.99,0.0,2025-10-16,1,1,0,192.52,59.7,4,1,58
9387,1,9387,variant_high,14.99,15.0,2025-04-03,0,0,0,17.51,11.1,3,0,75
9388,1,9388,variant_mid,12.99,10.0,2024-04-28,0,0,0,67.51,2.1,3,1,36
9389,1,9389,control,9.99,0.0,2025-09-23,1,0,0,29.08,60.1,3,1,25
9390,1,9390,variant_mid,12.99,10.0,2025-01-14,1,0,0,55.25,68.6,2,0,40
9391,1,9391,control,9.99,0.0,2024-09-20,0,0,0,50.35,0.0,1,1,80
9392,1,9392,control,9.99,0.0,2025-09-27,1,1,0,54.38,53.7,2,1,74
9393,1,9393,variant_high,14.99,15.0,2025-07-19,0,0,0,54.63,0.0,3,1,78
9394,1,9394,control,9.99,0.0,2024-11-01,1,1,0,518.05,65.4,2,0,87
9395,1,9395,control,9.99,0.0,2026-01-09,0,0,0,96.63,19.2,2,1,40
9396,1,9396,control,9.99,0.0,2025-10-19,0,0,0,198.02,0.0,2,1,21
9397,1,9397,variant_high,14.99,15.0,2024-05-06,1,1,1,12.08,75.8,1,1,61
9398,1,9398,control,9.99,0.0,2025-02-13,1,0,0,38.61,25.6,1,0,84
9399,1,9399,control,9.99,0.0,2025-04-24,0,0,0,37.94,19.2,2,1,22
9400,1,9400,variant_high,14.99,15.0,2024-10-25,0,0,0,68.89,17.0,5,0,64
9401,1,9401,variant_mid,12.99,10.0,2025-02-10,1,0,0,59.49,68.8,5,1,59
9402,1,9402,control,9.99,0.0,2026-01-08,0,0,0,85.67,0.0,2,0,80
9403,1,9403,variant_high,14.99,15.0,2025-03-07,1,1,0,329.84,70.8,2,1,68
9404,1,9404,variant_mid,12.99,10.0,2024-05-11,0,0,0,367.24,18.7,4,1,52
9405,1,9405,variant_high,14.99,15.0,2025-10-04,0,0,0,77.43,6.7,5,1,67
9406,1,9406,control,9.99,0.0,2024-09-29,0,0,0,13.4,41.0,2,1,73
9407,1,9407,control,9.99,0.0,2024-05-17,1,0,0,55.74,59.1,2,0,25
9408,1,9408,control,9.99,0.0,2024-06-29,1,0,0,124.9,66.8,2,0,14
9409,1,9409,variant_mid,12.99,10.0,2025-09-13,0,0,0,1603.83,3.5,0,1,83
9410,1,9410,variant_mid,12.99,10.0,2025-12-18,1,1,1,40.62,78.5,3,1,3
9411,1,9411,variant_mid,12.99,10.0,2024-05-28,0,0,0,296.16,15.2,0,1,48
9412,1,9412,variant_mid,12.99,10.0,2024-05-02,1,0,0,359.42,61.5,6,1,65
9413,1,9413,variant_mid,12.99,10.0,2025-12-21,0,0,0,66.05,31.1,3,1,46
9414,1,9414,variant_mid,12.99,10.0,2024-04-01,0,0,0,386.85,9.4,3,1,13
9415,1,9415,control,9.99,0.0,2025-02-13,0,0,0,123.16,4.6,3,0,14
9416,1,9416,variant_mid,12.99,10.0,2024-07-23,0,0,0,50.84,0.0,5,1,19
9417,1,9417,variant_high,14.99,15.0,2024-05-26,0,0,0,113.52,37.6,3,1,84
9418,1,9418,variant_high,14.99,15.0,2025-04-05,0,0,0,176.64,15.6,3,1,10
9419,1,9419,control,9.99,0.0,2024-05-28,0,0,0,74.86,35.5,3,0,9
9420,1,9420,variant_mid,12.99,10.0,2024-07-20,1,0,0,356.42,90.3,1,1,88
9421,1,9421,control,9.99,0.0,2025-05-01,0,0,0,115.83,12.9,1,0,61
9422,1,9422,variant_mid,12.99,10.0,2024-08-28,1,0,0,53.85,64.8,5,0,66
9423,1,9423,variant_mid,12.99,10.0,2025-12-20,0,0,0,164.7,6.6,5,1,30
9424,1,9424,variant_high,14.99,15.0,2025-01-30,0,0,0,167.1,8.7,4,1,20
9425,1,9425,variant_high,14.99,15.0,2024-04-06,0,0,0,54.02,13.4,3,1,81
9426,1,9426,control,9.99,0.0,2025-04-14,0,0,0,10.48,0.0,4,1,36
9427,1,9427,variant_mid,12.99,10.0,2025-03-24,1,1,0,61.38,100.0,3,1,66
9428,1,9428,variant_mid,12.99,10.0,2025-03-05,1,0,0,280.56,51.9,7,1,66
9429,1,9429,variant_mid,12.99,10.0,2025-12-22,0,0,0,148.25,0.0,3,1,88
9430,1,9430,variant_high,14.99,15.0,2025-04-10,1,0,0,261.68,74.0,1,1,86
9431,1,9431,control,9.99,0.0,2025-07-10,1,1,0,161.43,82.4,2,0,30
9432,1,9432,control,9.99,0.0,2025-05-13,1,0,0,728.27,73.9,1,0,48
9433,1,9433,variant_high,14.99,15.0,2024-07-20,0,0,0,249.29,7.7,1,1,49
9434,1,9434,variant_mid,12.99,10.0,2025-10-14,1,0,0,123.34,55.4,6,1,38
9435,1,9435,variant_high,14.99,15.0,2025-05-11,0,0,0,108.15,18.6,2,1,87
9436,1,9436,control,9.99,0.0,2025-05-16,0,0,0,80.75,2.6,2,1,26
9437,1,9437,control,9.99,0.0,2024-03-07,0,0,0,179.88,0.0,1,1,40
9438,1,9438,control,9.99,0.0,2025-06-24,1,0,0,1004.59,59.0,2,1,11
9439,1,9439,variant_high,14.99,15.0,2024-03-08,1,0,0,434.25,48.4,6,1,64
9440,1,9440,variant_mid,12.99,10.0,2024-10-21,0,0,0,323.92,4.0,4,1,40
9441,1,9441,control,9.99,0.0,2025-02-15,1,0,0,75.1,64.3,3,1,83
9442,1,9442,control,9.99,0.0,2025-12-07,0,0,0,108.2,2.8,1,1,55
9443,1,9443,variant_high,14.99,15.0,2024-05-15,1,1,1,350.37,39.4,0,1,65
9444,1,9444,variant_mid,12.99,10.0,2025-08-21,0,0,0,46.07,16.0,1,1,46
9445,1,9445,variant_high,14.99,15.0,2025-02-11,0,0,0,188.27,18.3,3,0,33
9446,1,9446,variant_high,14.99,15.0,2025-03-11,1,0,0,219.95,68.5,2,1,5
9447,1,9447,control,9.99,0.0,2025-11-03,0,0,0,405.58,13.4,4,1,62
9448,1,9448,variant_high,14.99,15.0,2024-12-01,1,1,1,70.17,49.2,3,1,5
9449,1,9449,variant_mid,12.99,10.0,2024-04-11,1,1,1,375.63,82.3,1,1,34
9450,1,9450,variant_high,14.99,15.0,2024-01-22,1,0,0,16.77,34.5,5,1,26
9451,1,9451,variant_mid,12.99,10.0,2024-09-20,0,0,0,678.52,15.3,4,1,36
9452,1,9452,variant_mid,12.99,10.0,2025-12-29,1,1,0,25.03,11.5,6,1,66
9453,1,9453,variant_mid,12.99,10.0,2024-06-12,0,0,0,710.26,29.3,0,0,16
9454,1,9454,control,9.99,0.0,2024-04-30,0,0,0,149.48,19.8,1,1,87
9455,1,9455,variant_mid,12.99,10.0,2024-02-06,1,0,0,492.93,54.4,8,0,81
9456,1,9456,control,9.99,0.0,2025-01-25,0,0,0,115.26,5.2,2,1,31
9457,1,9457,control,9.99,0.0,2024-09-26,1,1,1,186.75,90.2,3,1,64
9458,1,9458,variant_mid,12.99,10.0,2024-09-25,0,0,0,106.39,0.0,3,1,45
9459,1,9459,variant_high,14.99,15.0,2025-03-20,0,0,0,132.78,17.4,2,1,29
9460,1,9460,control,9.99,0.0,2024-09-10,0,0,0,223.55,5.6,1,0,75
9461,1,9461,control,9.99,0.0,2024-02-26,0,0,0,114.17,0.0,0,1,80
9462,1,9462,variant_high,14.99,15.0,2024-11-04,0,0,0,79.18,35.7,1,0,24
9463,1,9463,variant_mid,12.99,10.0,2025-07-11,1,1,1,52.96,28.6,4,1,17
9464,1,9464,variant_mid,12.99,10.0,2025-02-22,1,1,0,399.19,95.3,5,1,75
9465,1,9465,control,9.99,0.0,2025-11-22,0,0,0,250.38,21.1,1,1,15
9466,1,9466,variant_mid,12.99,10.0,2024-01-15,0,0,0,72.42,1.0,4,1,75
9467,1,9467,variant_high,14.99,15.0,2024-02-29,1,0,0,68.95,65.6,2,1,14
9468,1,9468,control,9.99,0.0,2024-05-03,0,0,0,108.14,17.0,3,1,11
9469,1,9469,variant_mid,12.99,10.0,2024-02-04,0,0,0,100.58,0.0,2,1,77
9470,1,9470,control,9.99,0.0,2025-04-10,1,1,0,516.51,76.2,2,1,53
9471,1,9471,control,9.99,0.0,2025-04-19,0,0,0,48.63,18.2,1,1,24
9472,1,9472,variant_mid,12.99,10.0,2025-07-11,0,0,0,20.06,4.2,5,1,34
9473,1,9473,variant_mid,12.99,10.0,2024-06-14,1,0,0,170.81,88.3,3,1,67
9474,1,9474,variant_mid,12.99,10.0,2025-05-22,1,1,1,48.89,44.8,1,1,1
9475,1,9475,variant_mid,12.99,10.0,2024-05-22,0,0,0,31.24,7.7,1,1,20
9476,1,9476,variant_mid,12.99,10.0,2026-01-12,1,0,0,778.51,69.8,1,1,22
9477,1,9477,variant_mid,12.99,10.0,2024-07-15,1,1,0,291.12,74.2,1,1,13
9478,1,9478,control,9.99,0.0,2024-02-11,1,1,1,332.67,77.1,1,0,67
9479,1,9479,control,9.99,0.0,2024-05-23,1,1,1,40.38,59.1,1,1,62
9480,1,9480,control,9.99,0.0,2025-01-15,1,0,0,51.92,74.7,2,1,47
9481,1,9481,variant_high,14.99,15.0,2025-06-08,1,0,0,684.43,37.2,4,0,38
9482,1,9482,control,9.99,0.0,2024-11-18,1,1,1,179.14,33.3,3,0,76
9483,1,9483,variant_mid,12.99,10.0,2024-09-08,0,0,0,747.53,21.5,3,1,1
9484,1,9484,variant_mid,12.99,10.0,2024-05-28,1,0,0,35.14,52.4,5,1,18
9485,1,9485,variant_high,14.99,15.0,2024-04-13,1,0,0,47.89,81.1,4,0,73
9486,1,9486,variant_high,14.99,15.0,2025-10-12,0,0,0,96.59,0.0,1,1,85
9487,1,9487,variant_high,14.99,15.0,2025-06-28,1,0,0,5.06,48.9,2,1,50
9488,1,9488,control,9.99,0.0,2024-04-24,0,0,0,325.73,22.6,1,1,62
9489,1,9489,control,9.99,0.0,2024-05-13,1,0,0,237.84,70.8,4,1,72
9490,1,9490,variant_high,14.99,15.0,2025-01-17,1,0,0,44.25,58.5,2,1,72
9491,1,9491,variant_high,14.99,15.0,2024-09-17,0,0,0,21.11,0.0,4,1,41
9492,1,9492,variant_high,14.99,15.0,2024-06-09,0,0,0,124.35,6.0,4,1,5
9493,1,9493,variant_high,14.99,15.0,2024-11-19,1,1,1,481.17,60.8,6,1,56
9494,1,9494,variant_mid,12.99,10.0,2024-11-17,1,1,1,361.0,61.7,4,0,73
9495,1,9495,control,9.99,0.0,2025-03-19,1,0,0,967.68,82.7,1,1,80
9496,1,9496,variant_high,14.99,15.0,2025-07-31,1,0,0,36.41,75.0,2,1,13
9497,1,9497,variant_mid,12.99,10.0,2024-08-02,0,0,0,74.01,0.0,4,1,89
9498,1,9498,control,9.99,0.0,2025-06-06,1,1,1,265.46,36.1,4,0,51
9499,1,9499,variant_mid,12.99,10.0,2025-06-27,1,0,0,139.13,36.1,4,1,55
9500,1,9500,variant_high,14.99,15.0,2025-06-14,1,0,0,37.31,47.4,3,1,57
9501,1,9501,control,9.99,0.0,2025-11-14,0,0,0,34.86,34.7,2,1,65
9502,1,9502,variant_mid,12.99,10.0,2024-06-19,1,0,0,146.75,74.9,3,1,19
9503,1,9503,variant_mid,12.99,10.0,2025-06-29,1,0,0,30.2,81.4,2,1,7
9504,1,9504,control,9.99,0.0,2024-02-02,0,0,0,240.18,4.5,3,1,13
9505,1,9505,variant_high,14.99,15.0,2024-09-02,1,0,0,199.45,50.8,2,0,85
9506,1,9506,variant_high,14.99,15.0,2025-06-27,1,0,0,171.24,35.9,0,0,30
9507,1,9507,control,9.99,0.0,2025-11-24,0,0,0,45.76,3.0,1,1,48
9508,1,9508,variant_high,14.99,15.0,2024-03-28,0,0,0,91.11,0.0,4,0,41
9509,1,9509,variant_mid,12.99,10.0,2025-07-02,1,0,0,339.59,49.5,5,1,14
9510,1,9510,variant_mid,12.99,10.0,2024-10-14,0,0,0,30.7,22.4,2,1,30
9511,1,9511,variant_high,14.99,15.0,2025-02-04,0,0,0,59.21,0.0,2,1,79
9512,1,9512,variant_high,14.99,15.0,2025-09-13,0,0,0,29.8,13.2,0,1,61
9513,1,9513,control,9.99,0.0,2025-10-02,0,0,0,59.8,0.0,2,1,40
9514,1,9514,variant_mid,12.99,10.0,2024-11-10,0,0,0,164.49,0.0,1,1,1
9515,1,9515,variant_high,14.99,15.0,2025-10-20,1,1,1,420.68,37.1,3,0,18
9516,1,9516,variant_high,14.99,15.0,2024-12-11,1,1,1,106.13,54.8,0,1,25
9517,1,9517,variant_high,14.99,15.0,2024-06-29,0,0,0,470.15,0.0,2,1,17
9518,1,9518,variant_high,14.99,15.0,2025-12-20,1,0,0,70.03,58.6,3,1,15
9519,1,9519,control,9.99,0.0,2024-09-29,0,0,0,35.38,16.7,2,1,34
9520,1,9520,variant_mid,12.99,10.0,2025-11-14,0,0,0,1027.99,0.0,2,1,80
9521,1,9521,control,9.99,0.0,2025-11-08,0,0,0,15.77,41.1,1,0,86
9522,1,9522,variant_mid,12.99,10.0,2024-03-19,0,0,0,376.44,0.0,4,1,36
9523,1,9523,variant_high,14.99,15.0,2025-06-04,0,0,0,48.78,35.5,1,1,5
9524,1,9524,variant_mid,12.99,10.0,2025-09-29,0,0,0,60.1,0.0,1,1,38
9525,1,9525,control,9.99,0.0,2024-06-17,1,1,1,552.6,52.3,5,1,23
9526,1,9526,variant_high,14.99,15.0,2025-01-02,0,0,0,171.9,39.9,10,1,61
9527,1,9527,control,9.99,0.0,2026-01-02,1,1,1,87.78,75.1,2,1,49
9528,1,9528,control,9.99,0.0,2025-08-25,0,0,0,101.21,3.4,0,1,17
9529,1,9529,variant_high,14.99,15.0,2024-09-11,1,1,0,164.83,66.8,5,1,68
9530,1,9530,variant_high,14.99,15.0,2024-09-23,1,0,0,34.46,54.6,3,1,18
9531,1,9531,control,9.99,0.0,2024-03-20,1,0,0,39.97,60.2,3,1,43
9532,1,9532,variant_mid,12.99,10.0,2025-12-19,1,0,0,62.24,24.1,4,1,26
9533,1,9533,variant_mid,12.99,10.0,2025-10-22,0,0,0,90.84,18.7,2,1,48
9534,1,9534,control,9.99,0.0,2025-08-13,1,0,0,54.8,29.3,4,1,10
9535,1,9535,variant_mid,12.99,10.0,2024-11-04,0,0,0,81.18,0.0,2,0,64
9536,1,9536,control,9.99,0.0,2024-11-30,1,1,1,45.11,52.8,2,1,49
9537,1,9537,variant_high,14.99,15.0,2024-10-17,1,1,0,214.15,83.6,1,1,66
9538,1,9538,variant_high,14.99,15.0,2024-09-20,0,0,0,1434.75,7.8,6,1,64
9539,1,9539,control,9.99,0.0,2024-02-21,1,0,0,59.75,77.6,2,1,76
9540,1,9540,control,9.99,0.0,2024-06-10,1,0,0,633.04,100.0,1,0,87
9541,1,9541,control,9.99,0.0,2025-03-23,0,0,0,119.06,44.6,0,1,55
9542,1,9542,variant_high,14.99,15.0,2024-08-07,0,0,0,58.71,17.2,3,1,30
9543,1,9543,variant_high,14.99,15.0,2024-04-22,0,0,0,171.76,2.1,4,1,30
9544,1,9544,variant_high,14.99,15.0,2024-11-18,1,0,0,75.13,56.3,5,1,68
9545,1,9545,variant_mid,12.99,10.0,2025-08-23,1,0,0,188.03,61.7,5,0,9
9546,1,9546,variant_high,14.99,15.0,2024-10-03,1,0,0,12.15,31.9,0,1,7
9547,1,9547,variant_mid,12.99,10.0,2025-07-12,1,1,0,110.44,60.9,1,1,72
9548,1,9548,control,9.99,0.0,2025-05-01,0,0,0,303.04,0.0,0,0,54
9549,1,9549,variant_mid,12.99,10.0,2024-08-27,0,0,0,28.15,5.6,2,1,40
9550,1,9550,variant_mid,12.99,10.0,2025-04-23,0,0,0,442.58,0.0,1,1,13
9551,1,9551,variant_mid,12.99,10.0,2025-01-07,1,0,0,21.47,59.3,3,1,67
9552,1,9552,control,9.99,0.0,2024-05-24,0,0,0,31.68,48.4,2,1,68
9553,1,9553,variant_mid,12.99,10.0,2024-11-26,0,0,0,373.67,9.5,2,1,24
9554,1,9554,variant_mid,12.99,10.0,2024-07-10,0,0,0,64.69,0.0,4,1,19
9555,1,9555,control,9.99,0.0,2025-02-13,0,0,0,41.49,10.5,3,1,48
9556,1,9556,control,9.99,0.0,2024-02-19,0,0,0,399.77,9.9,1,1,43
9557,1,9557,variant_high,14.99,15.0,2024-03-17,0,0,0,247.23,20.2,4,1,36
9558,1,9558,variant_mid,12.99,10.0,2024-10-11,1,1,0,34.7,40.6,1,0,35
9559,1,9559,variant_mid,12.99,10.0,2025-01-18,1,0,0,79.65,50.5,5,1,54
9560,1,9560,variant_high,14.99,15.0,2024-12-20,0,0,0,483.83,15.5,3,1,36
9561,1,9561,variant_mid,12.99,10.0,2024-03-07,0,0,0,96.91,5.9,1,1,30
9562,1,9562,control,9.99,0.0,2024-03-18,1,0,0,110.14,90.9,3,1,36
9563,1,9563,control,9.99,0.0,2024-03-27,1,0,0,185.72,68.9,1,1,85
9564,1,9564,control,9.99,0.0,2024-03-15,1,0,0,162.91,55.5,5,1,22
9565,1,9565,control,9.99,0.0,2025-09-16,1,1,1,181.08,52.4,3,1,36
9566,1,9566,variant_high,14.99,15.0,2024-07-18,0,0,0,160.78,9.4,5,0,38
9567,1,9567,variant_high,14.99,15.0,2025-08-12,0,0,0,96.36,23.9,5,1,22
9568,1,9568,variant_mid,12.99,10.0,2025-01-09,1,0,0,348.6,42.0,2,1,41
9569,1,9569,control,9.99,0.0,2026-01-14,0,0,0,252.36,0.0,2,0,67
9570,1,9570,control,9.99,0.0,2025-12-31,1,0,0,265.7,70.3,5,0,49
9571,1,9571,variant_high,14.99,15.0,2025-03-16,1,1,0,133.54,34.9,1,1,2
9572,1,9572,variant_high,14.99,15.0,2025-11-18,1,1,1,110.72,57.7,3,1,66
9573,1,9573,variant_mid,12.99,10.0,2024-10-25,1,0,0,37.82,65.9,3,1,67
9574,1,9574,variant_high,14.99,15.0,2024-10-27,0,0,0,216.28,0.0,3,1,45
9575,1,9575,control,9.99,0.0,2024-04-07,0,0,0,76.01,44.2,5,1,80
9576,1,9576,variant_mid,12.99,10.0,2025-02-10,0,0,0,136.88,24.2,4,1,26
9577,1,9577,control,9.99,0.0,2025-05-06,1,0,0,218.41,48.4,0,1,79
9578,1,9578,variant_mid,12.99,10.0,2025-02-16,0,0,0,135.14,28.6,2,1,46
9579,1,9579,variant_mid,12.99,10.0,2024-06-30,0,0,0,39.04,47.3,4,1,37
9580,1,9580,variant_mid,12.99,10.0,2024-09-16,0,0,0,462.15,31.0,4,0,82
9581,1,9581,variant_high,14.99,15.0,2024-07-18,1,0,0,59.04,53.7,2,1,32
9582,1,9582,control,9.99,0.0,2025-10-01,1,0,0,99.52,61.8,3,1,70
9583,1,9583,control,9.99,0.0,2024-04-08,0,0,0,39.48,0.0,0,0,83
9584,1,9584,variant_high,14.99,15.0,2024-08-17,0,0,0,220.66,2.4,2,1,71
9585,1,9585,variant_mid,12.99,10.0,2024-09-09,1,1,1,33.51,57.7,5,1,41
9586,1,9586,variant_high,14.99,15.0,2024-11-16,0,0,0,58.2,0.0,3,1,65
9587,1,9587,variant_high,14.99,15.0,2024-08-20,1,1,1,236.7,61.5,3,1,26
9588,1,9588,variant_mid,12.99,10.0,2025-10-28,1,1,1,182.53,89.9,2,1,32
9589,1,9589,variant_mid,12.99,10.0,2025-01-16,1,0,0,391.24,65.3,3,1,78
9590,1,9590,variant_mid,12.99,10.0,2024-09-29,1,1,1,416.81,58.3,2,1,41
9591,1,9591,control,9.99,0.0,2024-09-19,0,0,0,11.79,29.8,1,0,47
9592,1,9592,variant_mid,12.99,10.0,2025-01-12,1,1,1,42.19,73.5,2,0,5
9593,1,9593,control,9.99,0.0,2024-10-02,1,0,0,246.91,38.0,3,1,71
9594,1,9594,control,9.99,0.0,2025-09-30,0,0,0,528.29,11.2,0,1,59
9595,1,9595,variant_high,14.99,15.0,2024-04-04,0,0,0,39.17,36.3,2,1,29
9596,1,9596,variant_mid,12.99,10.0,2024-08-27,0,0,0,280.17,0.0,1,1,15
9597,1,9597,variant_high,14.99,15.0,2024-11-28,0,0,0,27.4,21.4,5,1,69
9598,1,9598,variant_high,14.99,15.0,2025-12-04,0,0,0,159.66,25.0,1,1,10
9599,1,9599,variant_high,14.99,15.0,2024-08-05,0,0,0,38.67,0.0,1,1,33
9600,1,9600,variant_high,14.99,15.0,2024-05-31,0,0,0,578.91,37.6,4,0,21
9601,1,9601,control,9.99,0.0,2024-11-07,1,1,0,139.18,49.9,1,1,66
9602,1,9602,control,9.99,0.0,2025-05-30,1,1,1,48.5,89.0,1,1,62
9603,1,9603,variant_high,14.99,15.0,2025-12-29,0,0,0,1042.43,0.0,4,1,20
9604,1,9604,control,9.99,0.0,2024-03-03,1,1,1,118.6,62.2,0,1,89
9605,1,9605,variant_mid,12.99,10.0,2025-04-29,1,0,0,342.15,58.1,2,1,1
9606,1,9606,variant_high,14.99,15.0,2025-02-07,1,1,1,34.25,86.3,3,1,82
9607,1,9607,variant_high,14.99,15.0,2024-09-07,0,0,0,265.43,23.0,4,1,55
9608,1,9608,control,9.99,0.0,2024-05-15,0,0,0,63.45,19.0,0,0,34
9609,1,9609,variant_high,14.99,15.0,2025-04-25,1,1,1,604.99,64.3,4,1,38
9610,1,9610,variant_high,14.99,15.0,2025-04-10,0,0,0,20.34,12.5,4,1,33
9611,1,9611,variant_high,14.99,15.0,2024-04-12,0,0,0,121.65,0.0,3,1,24
9612,1,9612,variant_high,14.99,15.0,2025-03-28,0,0,0,28.71,57.2,2,0,60
9613,1,9613,control,9.99,0.0,2025-01-12,0,0,0,22.28,14.4,0,1,34
9614,1,9614,variant_high,14.99,15.0,2024-10-31,0,0,0,67.89,14.0,1,1,17
9615,1,9615,variant_mid,12.99,10.0,2025-02-01,0,0,0,44.15,1.1,4,1,67
9616,1,9616,variant_mid,12.99,10.0,2025-11-07,0,0,0,628.22,4.8,3,1,85
9617,1,9617,variant_high,14.99,15.0,2024-11-16,0,0,0,357.31,2.5,4,1,24
9618,1,9618,variant_mid,12.99,10.0,2025-10-25,0,0,0,136.3,0.0,3,1,35
9619,1,9619,variant_high,14.99,15.0,2024-02-08,0,0,0,59.92,21.0,0,0,35
9620,1,9620,variant_high,14.99,15.0,2025-06-20,0,0,0,10.33,27.9,4,1,82
9621,1,9621,control,9.99,0.0,2025-07-03,0,0,0,104.03,22.0,4,1,67
9622,1,9622,variant_mid,12.99,10.0,2025-06-22,0,0,0,106.14,0.0,3,1,51
9623,1,9623,control,9.99,0.0,2024-09-26,0,0,0,84.71,21.9,4,0,0
9624,1,9624,control,9.99,0.0,2024-03-02,1,0,0,508.68,39.3,1,1,75
9625,1,9625,control,9.99,0.0,2024-02-28,1,1,1,19.05,93.9,4,1,86
9626,1,9626,variant_mid,12.99,10.0,2024-09-08,1,1,1,42.26,56.7,7,1,39
9627,1,9627,control,9.99,0.0,2024-04-17,0,0,0,74.67,1.7,1,1,49
9628,1,9628,variant_high,14.99,15.0,2024-06-06,1,1,1,255.81,35.4,0,0,6
9629,1,9629,control,9.99,0.0,2024-01-31,0,0,0,140.06,2.7,2,1,88
9630,1,9630,control,9.99,0.0,2024-10-29,1,1,0,72.6,73.3,5,0,86
9631,1,9631,control,9.99,0.0,2025-10-30,0,0,0,72.76,0.0,1,1,5
9632,1,9632,variant_mid,12.99,10.0,2024-04-04,0,0,0,378.04,0.0,2,1,32
9633,1,9633,control,9.99,0.0,2024-09-29,1,0,0,65.02,63.7,0,1,20
9634,1,9634,variant_high,14.99,15.0,2024-08-23,0,0,0,112.49,0.4,4,1,68
9635,1,9635,variant_mid,12.99,10.0,2024-11-23,0,0,0,80.13,0.0,4,1,29
9636,1,9636,variant_high,14.99,15.0,2025-02-28,1,0,0,34.39,40.6,3,1,49
9637,1,9637,control,9.99,0.0,2025-11-16,0,0,0,98.51,0.0,4,0,79
9638,1,9638,control,9.99,0.0,2024-05-18,1,1,0,106.03,78.4,2,1,73
9639,1,9639,variant_high,14.99,15.0,2024-08-21,0,0,0,124.66,0.0,3,1,41
9640,1,9640,variant_mid,12.99,10.0,2024-03-18,0,0,0,120.26,7.8,2,1,9
9641,1,9641,control,9.99,0.0,2024-02-04,0,0,0,23.21,0.0,1,1,53
9642,1,9642,control,9.99,0.0,2025-05-30,0,0,0,30.57,1.9,2,1,58
9643,1,9643,variant_high,14.99,15.0,2024-08-02,0,0,0,60.1,26.0,0,1,68
9644,1,9644,control,9.99,0.0,2024-07-16,1,0,0,111.97,45.4,2,1,55
9645,1,9645,variant_mid,12.99,10.0,2024-12-04,1,1,0,85.31,82.3,4,1,50
9646,1,9646,variant_high,14.99,15.0,2025-01-03,1,1,1,756.81,60.5,2,1,80
9647,1,9647,variant_mid,12.99,10.0,2024-12-04,0,0,0,183.94,26.4,7,1,0
9648,1,9648,variant_high,14.99,15.0,2025-09-19,0,0,0,144.6,0.0,2,1,9
9649,1,9649,variant_mid,12.99,10.0,2025-05-25,1,0,0,20.32,89.8,0,1,64
9650,1,9650,variant_high,14.99,15.0,2024-10-07,1,0,0,294.69,51.6,5,1,21
9651,1,9651,variant_mid,12.99,10.0,2024-05-29,1,1,0,117.52,36.8,4,1,78
9652,1,9652,control,9.99,0.0,2024-03-19,1,1,1,38.22,66.9,2,0,83
9653,1,9653,variant_mid,12.99,10.0,2025-06-19,1,1,1,261.57,80.5,2,0,84
9654,1,9654,variant_high,14.99,15.0,2025-08-01,0,0,0,182.63,13.5,2,1,66
9655,1,9655,variant_mid,12.99,10.0,2025-06-08,0,0,0,217.82,0.0,1,1,54
9656,1,9656,variant_mid,12.99,10.0,2025-06-26,0,0,0,33.54,0.0,1,1,68
9657,1,9657,variant_mid,12.99,10.0,2025-04-20,1,0,0,6.35,62.7,2,0,87
9658,1,9658,variant_high,14.99,15.0,2025-04-01,0,0,0,328.05,38.1,3,1,73
9659,1,9659,variant_mid,12.99,10.0,2025-12-08,1,1,1,142.13,66.3,4,1,62
9660,1,9660,variant_mid,12.99,10.0,2025-02-15,0,0,0,416.14,42.1,4,1,64
9661,1,9661,control,9.99,0.0,2025-10-23,0,0,0,2060.78,5.9,0,1,52
9662,1,9662,control,9.99,0.0,2025-07-07,0,0,0,13.0,4.3,3,1,54
9663,1,9663,control,9.99,0.0,2024-12-06,1,1,1,441.89,75.1,1,1,18
9664,1,9664,variant_high,14.99,15.0,2024-09-21,1,1,1,46.91,51.3,6,1,63
9665,1,9665,variant_mid,12.99,10.0,2024-05-06,0,0,0,142.91,21.8,2,0,13
9666,1,9666,variant_mid,12.99,10.0,2024-09-16,0,0,0,5.0,35.2,4,1,17
9667,1,9667,variant_mid,12.99,10.0,2025-01-22,1,1,1,49.44,91.1,2,1,81
9668,1,9668,variant_mid,12.99,10.0,2025-04-05,0,0,0,69.79,6.4,2,1,76
9669,1,9669,variant_high,14.99,15.0,2025-09-21,1,0,0,46.85,42.6,1,0,66
9670,1,9670,variant_high,14.99,15.0,2024-05-04,0,0,0,391.63,25.0,3,1,41
9671,1,9671,variant_high,14.99,15.0,2024-05-01,0,0,0,60.75,21.2,3,1,2
9672,1,9672,control,9.99,0.0,2025-04-11,0,0,0,92.09,3.3,2,1,24
9673,1,9673,variant_high,14.99,15.0,2024-01-26,1,1,1,77.51,100.0,2,1,30
9674,1,9674,control,9.99,0.0,2025-10-08,0,0,0,49.26,17.3,1,1,4
9675,1,9675,control,9.99,0.0,2024-06-22,1,0,0,479.4,53.1,2,1,31
9676,1,9676,variant_mid,12.99,10.0,2025-01-26,0,0,0,141.99,8.2,2,0,71
9677,1,9677,control,9.99,0.0,2024-03-10,1,0,0,10.32,82.6,0,1,7
9678,1,9678,control,9.99,0.0,2024-03-13,0,0,0,149.34,23.8,3,1,38
9679,1,9679,control,9.99,0.0,2025-10-29,1,1,0,93.92,48.9,0,1,78
9680,1,9680,variant_mid,12.99,10.0,2025-04-28,1,0,0,137.49,73.4,2,1,31
9681,1,9681,control,9.99,0.0,2025-12-05,0,0,0,99.5,20.5,5,1,56
9682,1,9682,variant_high,14.99,15.0,2025-10-02,0,0,0,376.57,11.8,3,0,55
9683,1,9683,variant_mid,12.99,10.0,2025-12-25,0,0,0,528.58,3.1,3,1,47
9684,1,9684,control,9.99,0.0,2024-05-31,1,0,0,10.73,88.8,0,0,82
9685,1,9685,variant_mid,12.99,10.0,2025-06-28,1,0,0,16.55,62.9,5,1,28
9686,1,9686,variant_high,14.99,15.0,2025-03-23,0,0,0,433.62,10.2,5,0,8
9687,1,9687,variant_high,14.99,15.0,2024-06-10,1,1,1,170.62,70.3,5,1,18
9688,1,9688,control,9.99,0.0,2024-05-26,0,0,0,137.61,8.2,0,1,58
9689,1,9689,variant_high,14.99,15.0,2024-10-19,0,0,0,90.5,9.9,4,1,8
9690,1,9690,variant_mid,12.99,10.0,2025-08-31,0,0,0,79.49,22.2,3,1,66
9691,1,9691,variant_high,14.99,15.0,2024-12-17,1,0,0,198.9,85.0,5,0,25
9692,1,9692,variant_mid,12.99,10.0,2024-07-19,1,0,0,17.56,87.1,1,1,63
9693,1,9693,control,9.99,0.0,2025-03-13,1,0,0,24.74,75.6,0,1,76
9694,1,9694,variant_high,14.99,15.0,2025-04-10,1,0,0,70.68,81.2,4,1,60
9695,1,9695,control,9.99,0.0,2025-03-27,1,1,0,82.73,28.5,3,1,55
9696,1,9696,variant_high,14.99,15.0,2025-03-16,1,0,0,110.41,57.2,5,1,57
9697,1,9697,variant_mid,12.99,10.0,2024-10-21,0,0,0,26.74,30.0,5,1,6
9698,1,9698,control,9.99,0.0,2024-10-07,0,0,0,11.93,11.5,3,0,60
9699,1,9699,control,9.99,0.0,2024-10-04,0,0,0,57.43,0.0,4,1,53
9700,1,9700,control,9.99,0.0,2025-10-25,1,0,0,335.92,65.5,4,0,32
9701,1,9701,control,9.99,0.0,2024-11-17,0,0,0,52.81,15.9,2,1,75
9702,1,9702,variant_mid,12.99,10.0,2025-10-24,0,0,0,42.93,31.8,0,1,81
9703,1,9703,variant_high,14.99,15.0,2024-09-07,0,0,0,49.02,4.9,2,1,64
9704,1,9704,control,9.99,0.0,2024-09-19,0,0,0,713.98,13.1,1,0,7
9705,1,9705,control,9.99,0.0,2024-10-02,0,0,0,185.41,40.3,3,1,64
9706,1,9706,variant_high,14.99,15.0,2024-09-20,0,0,0,39.55,0.0,2,1,57
9707,1,9707,control,9.99,0.0,2024-09-13,0,0,0,41.9,12.9,5,1,10
9708,1,9708,variant_high,14.99,15.0,2025-04-30,1,1,1,472.97,46.8,5,1,30
9709,1,9709,control,9.99,0.0,2025-12-23,1,1,1,159.78,50.8,3,1,83
9710,1,9710,variant_high,14.99,15.0,2024-08-15,0,0,0,132.33,2.6,0,1,13
9711,1,9711,variant_high,14.99,15.0,2024-08-11,1,1,1,59.58,80.8,3,1,50
9712,1,9712,control,9.99,0.0,2024-08-17,1,1,0,72.08,91.2,4,1,71
9713,1,9713,control,9.99,0.0,2024-06-26,0,0,0,81.95,48.7,0,1,33
9714,1,9714,control,9.99,0.0,2024-01-26,0,0,0,81.31,21.4,3,0,11
9715,1,9715,control,9.99,0.0,2024-01-06,1,0,0,147.08,69.2,2,1,23
9716,1,9716,variant_mid,12.99,10.0,2024-03-14,0,0,0,29.9,27.7,3,1,47
9717,1,9717,variant_high,14.99,15.0,2024-04-22,0,0,0,130.49,5.6,7,1,16
9718,1,9718,variant_high,14.99,15.0,2025-05-12,0,0,0,33.68,11.7,0,1,23
9719,1,9719,control,9.99,0.0,2024-04-18,1,0,0,641.28,65.1,0,1,55
9720,1,9720,variant_high,14.99,15.0,2024-08-30,0,0,0,148.35,9.4,1,1,62
9721,1,9721,control,9.99,0.0,2024-12-10,0,0,0,93.52,17.1,0,1,31
9722,1,9722,control,9.99,0.0,2024-03-19,1,0,0,88.27,87.2,1,0,3
9723,1,9723,control,9.99,0.0,2025-01-01,1,0,0,63.44,70.7,1,0,27
9724,1,9724,variant_mid,12.99,10.0,2025-11-17,0,0,0,645.84,26.2,4,1,49
9725,1,9725,control,9.99,0.0,2024-01-08,1,0,0,57.8,52.5,2,1,57
9726,1,9726,control,9.99,0.0,2024-08-03,0,0,0,400.52,37.5,2,1,17
9727,1,9727,variant_mid,12.99,10.0,2024-03-25,1,1,1,479.98,65.0,5,1,62
9728,1,9728,variant_high,14.99,15.0,2024-06-09,1,0,0,153.8,78.0,2,1,8
9729,1,9729,variant_mid,12.99,10.0,2025-09-07,0,0,0,95.51,0.0,1,1,14
9730,1,9730,variant_high,14.99,15.0,2025-01-28,1,0,0,262.82,74.2,2,1,13
9731,1,9731,control,9.99,0.0,2024-09-21,1,1,0,28.48,39.9,1,1,65
9732,1,9732,variant_high,14.99,15.0,2025-09-17,1,0,0,20.91,84.0,1,1,53
9733,1,9733,control,9.99,0.0,2025-11-20,1,0,0,18.35,53.3,3,1,58
9734,1,9734,control,9.99,0.0,2025-10-02,0,0,0,42.1,28.9,0,1,37
9735,1,9735,control,9.99,0.0,2025-01-27,0,0,0,143.78,21.2,4,1,38
9736,1,9736,variant_mid,12.99,10.0,2024-08-20,0,0,0,45.39,0.0,0,0,13
9737,1,9737,control,9.99,0.0,2025-01-07,0,0,0,176.27,18.9,0,0,83
9738,1,9738,variant_high,14.99,15.0,2025-07-02,0,0,0,88.33,16.8,2,0,45
9739,1,9739,variant_high,14.99,15.0,2024-11-17,0,0,0,34.7,11.2,4,1,40
9740,1,9740,control,9.99,0.0,2025-01-23,0,0,0,55.55,6.0,2,1,86
9741,1,9741,variant_high,14.99,15.0,2025-08-05,0,0,0,65.09,16.5,2,1,44
9742,1,9742,control,9.99,0.0,2025-03-19,1,1,0,116.7,79.0,2,1,16
9743,1,9743,control,9.99,0.0,2025-07-25,1,1,1,92.74,61.1,0,1,21
9744,1,9744,control,9.99,0.0,2024-11-22,0,0,0,70.81,20.1,2,1,48
9745,1,9745,control,9.99,0.0,2025-08-19,1,1,1,140.23,65.1,2,1,14
9746,1,9746,control,9.99,0.0,2024-05-19,0,0,0,907.78,10.2,1,1,53
9747,1,9747,control,9.99,0.0,2025-06-08,1,0,0,66.35,46.7,1,1,36
9748,1,9748,control,9.99,0.0,2025-08-25,1,0,0,87.28,78.4,0,1,73
9749,1,9749,variant_high,14.99,15.0,2024-11-13,0,0,0,2353.26,26.9,2,1,89
9750,1,9750,variant_high,14.99,15.0,2025-02-14,0,0,0,557.64,28.1,9,1,34
9751,1,9751,variant_high,14.99,15.0,2025-03-28,0,0,0,44.36,9.6,3,1,45
9752,1,9752,control,9.99,0.0,2024-11-04,1,1,1,107.55,54.5,1,1,16
9753,1,9753,control,9.99,0.0,2024-12-31,0,0,0,787.59,18.4,2,1,49
9754,1,9754,variant_mid,12.99,10.0,2025-05-18,1,0,0,37.35,62.3,3,1,61
9755,1,9755,variant_mid,12.99,10.0,2025-07-10,0,0,0,41.4,23.5,1,0,47
9756,1,9756,control,9.99,0.0,2024-11-16,1,0,0,28.02,69.6,2,1,36
9757,1,9757,variant_high,14.99,15.0,2025-10-14,1,0,0,85.49,40.4,4,1,43
9758,1,9758,variant_high,14.99,15.0,2025-09-12,0,0,0,96.99,5.2,4,1,34
9759,1,9759,control,9.99,0.0,2025-06-15,1,0,0,27.46,91.6,4,1,17
9760,1,9760,variant_high,14.99,15.0,2024-04-18,0,0,0,465.91,32.8,2,1,30
9761,1,9761,control,9.99,0.0,2024-10-24,1,1,1,8.8,60.3,0,0,89
9762,1,9762,variant_mid,12.99,10.0,2024-01-23,0,0,0,160.34,22.8,1,1,22
9763,1,9763,control,9.99,0.0,2025-11-24,0,0,0,2859.08,4.1,1,0,29
9764,1,9764,variant_mid,12.99,10.0,2025-02-24,0,0,0,15.85,0.0,6,1,82
9765,1,9765,control,9.99,0.0,2024-09-05,0,0,0,112.99,17.6,1,0,23
9766,1,9766,variant_mid,12.99,10.0,2024-07-10,0,0,0,318.27,0.0,1,1,46
9767,1,9767,control,9.99,0.0,2025-05-26,1,0,0,220.34,66.0,1,1,71
9768,1,9768,variant_mid,12.99,10.0,2024-04-13,0,0,0,100.55,13.2,2,1,0
9769,1,9769,variant_high,14.99,15.0,2024-10-05,1,1,0,52.87,79.8,6,1,77
9770,1,9770,control,9.99,0.0,2024-02-12,0,0,0,35.93,23.9,2,1,33
9771,1,9771,variant_mid,12.99,10.0,2025-07-08,1,1,1,188.27,60.5,0,1,87
9772,1,9772,variant_high,14.99,15.0,2025-07-27,1,0,0,48.62,51.6,5,1,59
9773,1,9773,variant_high,14.99,15.0,2025-07-15,1,1,0,30.09,71.0,2,1,63
9774,1,9774,variant_high,14.99,15.0,2025-12-01,1,0,0,51.9,82.3,4,1,83
9775,1,9775,control,9.99,0.0,2025-01-11,1,1,0,127.54,79.6,2,1,54
9776,1,9776,variant_mid,12.99,10.0,2025-04-06,1,0,0,22.1,97.5,1,1,42
9777,1,9777,variant_high,14.99,15.0,2025-10-02,0,0,0,233.17,14.5,1,0,11
9778,1,9778,variant_high,14.99,15.0,2025-07-21,0,0,0,148.53,0.0,1,1,57
9779,1,9779,control,9.99,0.0,2024-12-02,0,0,0,137.09,20.2,0,1,57
9780,1,9780,variant_high,14.99,15.0,2025-09-12,0,0,0,39.82,52.7,1,0,54
9781,1,9781,variant_mid,12.99,10.0,2025-08-06,0,0,0,94.45,0.0,5,1,63
9782,1,9782,variant_high,14.99,15.0,2025-08-20,1,0,0,191.99,73.1,3,1,14
9783,1,9783,variant_mid,12.99,10.0,2025-01-02,0,0,0,152.61,23.3,3,1,4
9784,1,9784,control,9.99,0.0,2024-08-26,1,0,0,305.11,37.3,1,1,57
9785,1,9785,control,9.99,0.0,2025-07-22,0,0,0,121.29,9.3,2,1,18
9786,1,9786,control,9.99,0.0,2024-01-11,1,1,1,150.05,22.4,0,1,60
9787,1,9787,variant_mid,12.99,10.0,2025-10-19,1,0,0,12.87,51.7,2,1,27
9788,1,9788,variant_mid,12.99,10.0,2025-04-08,1,1,1,27.68,83.3,1,1,5
9789,1,9789,variant_mid,12.99,10.0,2025-08-29,0,0,0,107.2,0.0,4,1,70
9790,1,9790,variant_mid,12.99,10.0,2025-12-01,1,0,0,268.16,52.2,3,1,85
9791,1,9791,variant_mid,12.99,10.0,2025-06-23,1,0,0,1119.37,31.3,3,1,64
9792,1,9792,control,9.99,0.0,2025-10-29,0,0,0,41.7,45.2,3,1,54
9793,1,9793,control,9.99,0.0,2025-05-01,1,1,1,245.87,73.8,2,1,73
9794,1,9794,variant_mid,12.99,10.0,2024-01-09,0,0,0,220.1,8.9,1,1,84
9795,1,9795,variant_mid,12.99,10.0,2024-10-19,0,0,0,72.96,0.0,5,1,49
9796,1,9796,variant_high,14.99,15.0,2025-11-07,0,0,0,428.08,11.1,1,1,61
9797,1,9797,variant_high,14.99,15.0,2024-06-28,0,0,0,120.38,6.7,2,1,80
9798,1,9798,variant_mid,12.99,10.0,2024-01-23,0,0,0,28.16,4.9,4,0,43
9799,1,9799,control,9.99,0.0,2024-11-14,0,0,0,41.64,0.0,2,1,3
9800,1,9800,variant_high,14.99,15.0,2025-02-10,1,1,1,340.51,70.0,0,1,1
9801,1,9801,control,9.99,0.0,2025-01-11,0,0,0,25.36,0.0,4,1,48
9802,1,9802,variant_mid,12.99,10.0,2025-09-16,0,0,0,51.81,2.4,4,1,9
9803,1,9803,variant_high,14.99,15.0,2024-05-23,0,0,0,45.52,13.5,2,1,87
9804,1,9804,variant_high,14.99,15.0,2024-11-09,1,1,0,25.56,82.2,3,1,8
9805,1,9805,variant_high,14.99,15.0,2025-03-29,1,0,0,105.97,31.6,3,1,31
9806,1,9806,control,9.99,0.0,2025-05-24,0,0,0,59.64,10.6,1,1,63
9807,1,9807,variant_mid,12.99,10.0,2025-09-18,0,0,0,378.39,8.7,6,1,67
9808,1,9808,variant_high,14.99,15.0,2024-07-05,1,1,0,193.51,89.5,8,1,20
9809,1,9809,control,9.99,0.0,2025-10-27,0,0,0,14.18,16.2,1,1,64
9810,1,9810,variant_high,14.99,15.0,2025-12-12,0,0,0,54.31,0.0,1,1,68
9811,1,9811,variant_mid,12.99,10.0,2026-01-07,0,0,0,118.72,2.5,3,0,53
9812,1,9812,variant_high,14.99,15.0,2024-02-02,1,0,0,96.3,46.1,1,1,26
9813,1,9813,variant_mid,12.99,10.0,2024-10-02,1,1,1,18.76,69.1,6,0,41
9814,1,9814,control,9.99,0.0,2025-04-14,0,0,0,86.65,0.0,3,1,56
9815,1,9815,variant_high,14.99,15.0,2024-08-10,1,0,0,90.88,78.3,3,1,24
9816,1,9816,variant_high,14.99,15.0,2024-02-12,0,0,0,142.54,17.6,5,1,46
9817,1,9817,variant_mid,12.99,10.0,2024-07-21,0,0,0,28.06,0.0,3,1,43
9818,1,9818,variant_high,14.99,15.0,2024-01-31,0,0,0,73.73,0.0,2,1,56
9819,1,9819,variant_mid,12.99,10.0,2025-06-25,1,1,0,260.48,62.5,3,1,41
9820,1,9820,variant_mid,12.99,10.0,2024-07-19,0,0,0,150.59,27.6,6,1,69
9821,1,9821,variant_mid,12.99,10.0,2025-05-08,0,0,0,410.04,3.7,3,1,60
9822,1,9822,variant_high,14.99,15.0,2024-01-12,1,0,0,115.52,83.8,0,1,52
9823,1,9823,variant_mid,12.99,10.0,2025-08-11,0,0,0,16.12,16.8,1,1,59
9824,1,9824,variant_mid,12.99,10.0,2024-06-10,0,0,0,40.52,0.7,2,1,63
9825,1,9825,variant_high,14.99,15.0,2024-06-28,0,0,0,166.21,38.5,2,0,22
9826,1,9826,control,9.99,0.0,2024-05-04,0,0,0,124.89,32.0,1,1,41
9827,1,9827,variant_high,14.99,15.0,2024-03-06,0,0,0,261.16,9.4,2,1,2
9828,1,9828,variant_high,14.99,15.0,2025-11-04,0,0,0,60.91,0.0,1,1,43
9829,1,9829,control,9.99,0.0,2025-11-17,0,0,0,115.58,4.4,1,0,45
9830,1,9830,variant_high,14.99,15.0,2024-02-05,0,0,0,124.93,20.4,6,1,73
9831,1,9831,variant_high,14.99,15.0,2024-08-05,0,0,0,80.65,0.0,2,1,42
9832,1,9832,variant_mid,12.99,10.0,2025-03-28,0,0,0,260.54,0.0,2,1,67
9833,1,9833,control,9.99,0.0,2025-03-05,1,0,0,40.25,76.3,1,1,34
9834,1,9834,control,9.99,0.0,2025-05-05,0,0,0,210.0,0.0,1,1,13
9835,1,9835,control,9.99,0.0,2025-10-27,1,1,1,95.45,46.2,3,1,69
9836,1,9836,variant_mid,12.99,10.0,2025-09-06,0,0,0,133.72,30.7,1,1,89
9837,1,9837,variant_mid,12.99,10.0,2024-08-28,0,0,0,20.65,0.0,3,0,71
9838,1,9838,variant_mid,12.99,10.0,2024-09-29,0,0,0,632.74,0.0,2,1,46
9839,1,9839,variant_mid,12.99,10.0,2024-09-04,1,1,1,62.02,43.7,3,1,80
9840,1,9840,variant_mid,12.99,10.0,2024-05-31,1,1,1,305.04,16.1,2,0,30
9841,1,9841,variant_high,14.99,15.0,2025-03-04,0,0,0,99.16,10.5,3,1,55
9842,1,9842,variant_high,14.99,15.0,2024-04-16,1,1,1,32.4,58.3,2,0,87
9843,1,9843,variant_high,14.99,15.0,2024-03-25,1,1,0,345.82,54.7,3,1,41
9844,1,9844,variant_high,14.99,15.0,2024-04-25,0,0,0,94.59,0.0,6,1,20
9845,1,9845,control,9.99,0.0,2025-07-06,0,0,0,32.14,2.5,2,0,68
9846,1,9846,variant_high,14.99,15.0,2025-01-28,0,0,0,26.75,13.6,3,1,0
9847,1,9847,variant_high,14.99,15.0,2024-08-19,1,0,0,198.85,83.8,3,1,48
9848,1,9848,variant_high,14.99,15.0,2025-03-19,1,1,0,107.43,67.5,3,1,15
9849,1,9849,variant_mid,12.99,10.0,2025-06-10,0,0,0,28.12,22.9,2,1,5
9850,1,9850,control,9.99,0.0,2025-08-12,0,0,0,385.85,47.9,2,1,10
9851,1,9851,variant_mid,12.99,10.0,2024-12-12,1,1,1,238.34,49.7,3,1,1
9852,1,9852,control,9.99,0.0,2025-08-23,0,0,0,210.34,2.2,0,0,79
9853,1,9853,variant_mid,12.99,10.0,2024-08-27,0,0,0,100.81,26.2,2,1,75
9854,1,9854,variant_mid,12.99,10.0,2025-09-23,1,1,1,67.1,47.0,1,1,18
9855,1,9855,variant_high,14.99,15.0,2024-06-04,0,0,0,48.64,0.0,6,1,74
9856,1,9856,variant_mid,12.99,10.0,2024-05-05,1,0,0,68.49,43.3,3,1,37
9857,1,9857,variant_mid,12.99,10.0,2025-07-16,0,0,0,164.73,2.7,2,1,54
9858,1,9858,variant_mid,12.99,10.0,2025-07-15,0,0,0,215.8,40.8,1,1,75
9859,1,9859,control,9.99,0.0,2025-10-07,0,0,0,146.51,0.0,5,1,52
9860,1,9860,control,9.99,0.0,2024-03-04,1,0,0,532.42,32.2,0,1,10
9861,1,9861,variant_high,14.99,15.0,2025-11-06,1,0,0,26.7,62.4,2,1,80
9862,1,9862,control,9.99,0.0,2025-10-05,1,0,0,59.88,72.3,3,1,73
9863,1,9863,control,9.99,0.0,2025-02-16,0,0,0,5.0,5.0,1,1,17
9864,1,9864,variant_mid,12.99,10.0,2025-02-02,1,0,0,66.37,57.9,5,1,65
9865,1,9865,control,9.99,0.0,2024-05-01,0,0,0,349.64,10.1,4,1,26
9866,1,9866,control,9.99,0.0,2025-04-30,0,0,0,33.66,50.5,0,1,42
9867,1,9867,variant_mid,12.99,10.0,2025-08-02,0,0,0,249.65,10.9,5,0,50
9868,1,9868,variant_high,14.99,15.0,2025-04-11,1,1,1,32.74,34.4,4,1,81
9869,1,9869,control,9.99,0.0,2024-06-22,1,0,0,194.44,75.7,1,1,71
9870,1,9870,variant_mid,12.99,10.0,2025-02-15,1,1,0,159.21,70.0,6,0,62
9871,1,9871,variant_mid,12.99,10.0,2024-04-28,1,0,0,133.64,73.8,1,1,13
9872,1,9872,variant_high,14.99,15.0,2025-01-22,0,0,0,293.25,18.0,0,0,59
9873,1,9873,variant_mid,12.99,10.0,2025-10-14,1,1,1,250.82,39.8,2,1,6
9874,1,9874,variant_high,14.99,15.0,2025-11-15,1,0,0,468.85,31.7,6,0,65
9875,1,9875,variant_high,14.99,15.0,2025-06-24,1,1,1,767.83,100.0,1,1,38
9876,1,9876,control,9.99,0.0,2024-09-26,1,0,0,16.64,49.9,2,1,62
9877,1,9877,variant_high,14.99,15.0,2024-09-13,0,0,0,20.33,11.2,1,1,65
9878,1,9878,control,9.99,0.0,2025-08-07,0,0,0,53.6,11.1,1,1,80
9879,1,9879,variant_high,14.99,15.0,2024-01-23,1,0,0,587.78,51.5,1,1,27
9880,1,9880,variant_mid,12.99,10.0,2024-09-27,1,0,0,45.29,75.5,1,0,28
9881,1,9881,variant_mid,12.99,10.0,2025-02-14,0,0,0,147.22,2.8,2,1,18
9882,1,9882,variant_mid,12.99,10.0,2024-02-23,1,1,1,17.84,66.4,0,0,71
9883,1,9883,variant_mid,12.99,10.0,2025-08-21,1,1,1,45.54,48.8,3,0,72
9884,1,9884,control,9.99,0.0,2024-10-10,1,1,1,423.72,22.6,1,1,84
9885,1,9885,variant_mid,12.99,10.0,2025-09-11,0,0,0,340.17,0.0,1,0,46
9886,1,9886,variant_mid,12.99,10.0,2024-05-02,1,0,0,298.22,81.7,3,1,71
9887,1,9887,variant_mid,12.99,10.0,2024-01-29,0,0,0,37.33,0.0,6,1,66
9888,1,9888,variant_mid,12.99,10.0,2024-12-04,1,1,1,279.36,48.7,3,0,75
9889,1,9889,variant_mid,12.99,10.0,2025-12-20,1,1,1,30.63,57.2,1,1,66
9890,1,9890,variant_high,14.99,15.0,2024-02-29,0,0,0,42.65,18.5,6,1,52
9891,1,9891,variant_mid,12.99,10.0,2024-04-11,1,0,0,145.66,100.0,1,1,43
9892,1,9892,variant_mid,12.99,10.0,2025-08-13,0,0,0,34.57,3.8,4,1,16
9893,1,9893,variant_high,14.99,15.0,2024-03-30,0,0,0,301.63,0.0,2,1,74
9894,1,9894,control,9.99,0.0,2025-03-23,1,1,0,36.68,73.2,1,1,78
9895,1,9895,control,9.99,0.0,2024-01-31,1,1,0,169.54,45.2,0,1,83
9896,1,9896,variant_high,14.99,15.0,2024-02-04,1,0,0,159.38,64.0,4,0,20
9897,1,9897,variant_high,14.99,15.0,2024-10-15,1,1,0,85.0,64.9,4,1,24
9898,1,9898,variant_mid,12.99,10.0,2025-04-23,1,1,1,76.38,39.2,5,0,11
9899,1,9899,control,9.99,0.0,2025-03-24,1,0,0,34.81,58.7,4,1,20
9900,1,9900,variant_mid,12.99,10.0,2025-12-09,0,0,0,73.46,0.0,0,1,68
9901,1,9901,variant_high,14.99,15.0,2024-02-17,1,1,0,632.25,77.6,4,1,9
9902,1,9902,variant_mid,12.99,10.0,2024-02-17,1,1,0,291.26,50.2,4,1,43
9903,1,9903,variant_high,14.99,15.0,2025-07-22,0,0,0,60.3,0.0,1,1,89
9904,1,9904,control,9.99,0.0,2024-10-06,1,0,0,96.36,53.5,1,1,22
9905,1,9905,variant_mid,12.99,10.0,2024-06-06,0,0,0,76.61,14.1,2,1,24
9906,1,9906,control,9.99,0.0,2025-10-22,1,0,0,54.48,47.9,0,1,42
9907,1,9907,variant_mid,12.99,10.0,2024-08-22,1,1,0,234.8,56.5,1,1,9
9908,1,9908,variant_high,14.99,15.0,2024-02-03,0,0,0,254.8,0.0,2,0,13
9909,1,9909,control,9.99,0.0,2024-01-19,1,1,1,61.82,59.6,2,1,63
9910,1,9910,variant_mid,12.99,10.0,2025-11-13,0,0,0,249.42,0.0,5,1,71
9911,1,9911,control,9.99,0.0,2024-05-04,1,1,1,1501.81,86.2,1,1,63
9912,1,9912,variant_mid,12.99,10.0,2026-01-01,0,0,0,138.95,30.3,1,0,41
9913,1,9913,control,9.99,0.0,2024-06-07,1,0,0,129.86,49.5,1,1,79
9914,1,9914,variant_mid,12.99,10.0,2024-10-27,1,1,0,40.05,58.0,4,1,37
9915,1,9915,variant_high,14.99,15.0,2024-02-29,1,0,0,195.89,66.5,6,1,77
9916,1,9916,control,9.99,0.0,2024-12-24,0,0,0,69.87,14.8,0,1,16
9917,1,9917,control,9.99,0.0,2025-12-08,1,1,0,189.45,68.0,2,1,12
9918,1,9918,control,9.99,0.0,2025-12-25,1,0,0,172.92,71.8,2,0,71
9919,1,9919,variant_mid,12.99,10.0,2024-10-18,0,0,0,113.96,0.0,4,1,88
9920,1,9920,control,9.99,0.0,2024-02-22,1,1,1,93.75,55.6,1,1,15
9921,1,9921,variant_high,14.99,15.0,2025-05-30,1,0,0,175.95,70.0,1,1,4
9922,1,9922,variant_high,14.99,15.0,2024-08-28,1,1,1,159.73,36.0,5,1,51
9923,1,9923,variant_mid,12.99,10.0,2025-10-04,1,1,0,713.35,85.1,1,1,13
9924,1,9924,control,9.99,0.0,2024-02-29,1,1,1,605.97,52.4,1,1,38
9925,1,9925,variant_mid,12.99,10.0,2024-03-30,0,0,0,84.24,7.4,4,0,38
9926,1,9926,variant_high,14.99,15.0,2025-07-03,1,1,1,313.6,37.2,4,0,40
9927,1,9927,variant_mid,12.99,10.0,2025-04-28,0,0,0,50.92,6.1,0,1,21
9928,1,9928,variant_high,14.99,15.0,2025-04-29,0,0,0,685.12,11.7,1,1,8
9929,1,9929,variant_high,14.99,15.0,2025-02-09,0,0,0,56.88,31.4,2,0,63
9930,1,9930,variant_high,14.99,15.0,2025-10-04,0,0,0,70.01,20.9,0,1,82
9931,1,9931,variant_mid,12.99,10.0,2025-05-11,1,0,0,139.51,67.9,3,1,29
9932,1,9932,variant_high,14.99,15.0,2024-06-01,1,0,0,138.64,70.3,5,1,13
9933,1,9933,control,9.99,0.0,2025-08-19,1,0,0,94.83,47.0,2,1,25
9934,1,9934,variant_mid,12.99,10.0,2025-02-12,0,0,0,207.57,28.2,1,1,53
9935,1,9935,variant_mid,12.99,10.0,2024-05-23,1,0,0,102.01,74.8,3,1,16
9936,1,9936,variant_mid,12.99,10.0,2025-06-19,0,0,0,67.54,0.0,4,0,1
9937,1,9937,control,9.99,0.0,2025-05-18,0,0,0,27.64,21.3,4,0,20
9938,1,9938,variant_mid,12.99,10.0,2024-07-25,0,0,0,1058.15,26.6,4,1,53
9939,1,9939,control,9.99,0.0,2024-06-01,0,0,0,469.52,6.1,1,0,43
9940,1,9940,variant_mid,12.99,10.0,2025-10-12,0,0,0,84.59,25.0,5,1,63
9941,1,9941,control,9.99,0.0,2025-10-06,1,0,0,78.99,33.4,2,1,57
9942,1,9942,variant_mid,12.99,10.0,2024-06-09,0,0,0,337.59,1.7,3,1,64
9943,1,9943,variant_mid,12.99,10.0,2025-05-23,0,0,0,190.08,41.6,2,1,1
9944,1,9944,control,9.99,0.0,2024-04-03,1,1,1,96.25,69.3,3,1,45
9945,1,9945,variant_mid,12.99,10.0,2025-11-08,0,0,0,63.7,0.0,6,1,67
9946,1,9946,control,9.99,0.0,2024-08-07,0,0,0,234.53,37.4,2,1,28
9947,1,9947,variant_mid,12.99,10.0,2024-05-20,1,0,0,586.34,56.4,3,1,47
9948,1,9948,variant_high,14.99,15.0,2025-08-20,0,0,0,531.92,19.0,3,1,31
9949,1,9949,variant_high,14.99,15.0,2025-12-16,1,1,0,295.84,51.8,3,1,8
9950,1,9950,variant_mid,12.99,10.0,2025-06-08,1,1,1,195.85,75.1,3,1,30
9951,1,9951,variant_mid,12.99,10.0,2025-11-05,0,0,0,129.85,7.2,1,1,74
9952,1,9952,variant_mid,12.99,10.0,2025-10-14,1,1,1,31.41,52.0,3,1,13
9953,1,9953,variant_mid,12.99,10.0,2024-08-11,0,0,0,50.13,3.6,1,1,43
9954,1,9954,control,9.99,0.0,2025-03-31,1,0,0,144.33,86.0,2,1,89
9955,1,9955,control,9.99,0.0,2025-05-30,1,0,0,334.45,53.3,2,0,47
9956,1,9956,variant_high,14.99,15.0,2025-11-01,0,0,0,204.51,31.9,3,1,9
9957,1,9957,control,9.99,0.0,2025-02-01,0,0,0,488.54,22.3,5,1,39
9958,1,9958,variant_mid,12.99,10.0,2025-02-15,1,0,0,43.86,42.6,0,1,54
9959,1,9959,control,9.99,0.0,2025-08-23,0,0,0,38.93,17.6,0,0,6
9960,1,9960,control,9.99,0.0,2025-11-07,0,0,0,117.52,11.1,2,1,6
9961,1,9961,control,9.99,0.0,2024-02-18,0,0,0,297.85,11.5,2,1,60
9962,1,9962,variant_mid,12.99,10.0,2025-10-11,1,1,1,34.18,43.0,4,1,23
9963,1,9963,variant_mid,12.99,10.0,2024-10-28,1,0,0,49.87,74.0,6,1,1
9964,1,9964,variant_high,14.99,15.0,2024-12-27,0,0,0,164.13,10.6,3,1,0
9965,1,9965,variant_high,14.99,15.0,2024-11-28,1,0,0,48.85,43.4,4,1,78
9966,1,9966,variant_high,14.99,15.0,2024-01-09,0,0,0,157.17,18.6,2,1,80
9967,1,9967,variant_mid,12.99,10.0,2025-03-01,1,0,0,731.58,100.0,2,1,26
9968,1,9968,control,9.99,0.0,2026-01-06,0,0,0,135.27,0.3,1,1,50
9969,1,9969,variant_high,14.99,15.0,2025-06-25,1,1,1,90.75,79.2,3,1,87
9970,1,9970,variant_mid,12.99,10.0,2025-01-10,1,1,1,193.22,52.8,3,1,25
9971,1,9971,variant_high,14.99,15.0,2024-01-20,1,1,1,19.69,44.9,3,1,0
9972,1,9972,control,9.99,0.0,2025-07-02,1,0,0,114.11,51.9,3,1,12
9973,1,9973,variant_mid,12.99,10.0,2025-05-04,0,0,0,20.29,0.1,4,1,85
9974,1,9974,control,9.99,0.0,2024-12-02,1,0,0,110.14,45.6,3,1,53
9975,1,9975,control,9.99,0.0,2024-10-05,0,0,0,91.33,1.7,1,1,27
9976,1,9976,variant_high,14.99,15.0,2024-09-28,1,1,0,35.19,100.0,1,0,3
9977,1,9977,variant_high,14.99,15.0,2024-06-18,0,0,0,103.95,6.0,1,0,57
9978,1,9978,variant_high,14.99,15.0,2024-09-22,1,1,0,38.08,58.8,3,0,1
9979,1,9979,variant_high,14.99,15.0,2024-05-11,1,1,0,141.69,87.5,2,1,10
9980,1,9980,variant_high,14.99,15.0,2024-10-05,1,0,0,42.78,68.3,3,1,18
9981,1,9981,variant_high,14.99,15.0,2025-12-02,0,0,0,125.49,0.0,3,1,25
9982,1,9982,variant_high,14.99,15.0,2025-03-16,0,0,0,73.49,3.4,3,1,72
9983,1,9983,variant_high,14.99,15.0,2025-03-19,1,0,0,11.78,21.9,1,0,78
9984,1,9984,control,9.99,0.0,2025-08-31,1,1,1,694.96,56.9,0,1,10
9985,1,9985,variant_high,14.99,15.0,2025-10-13,0,0,0,49.54,0.0,0,1,6
9986,1,9986,variant_mid,12.99,10.0,2025-03-02,0,0,0,67.21,13.1,3,1,85
9987,1,9987,control,9.99,0.0,2024-09-21,0,0,0,49.46,35.5,2,1,4
9988,1,9988,variant_mid,12.99,10.0,2025-02-02,0,0,0,67.3,21.6,1,1,40
9989,1,9989,variant_high,14.99,15.0,2025-10-08,1,0,0,466.59,50.5,2,1,30
9990,1,9990,variant_high,14.99,15.0,2024-08-11,1,1,0,178.15,45.4,6,0,86
9991,1,9991,control,9.99,0.0,2025-12-18,0,0,0,265.25,39.8,0,1,27
9992,1,9992,variant_mid,12.99,10.0,2024-12-10,1,0,0,66.08,55.3,6,0,86
9993,1,9993,variant_high,14.99,15.0,2025-07-02,0,0,0,160.62,1.4,3,1,68
9994,1,9994,variant_high,14.99,15.0,2024-05-15,0,0,0,23.2,27.7,0,1,20
9995,1,9995,control,9.99,0.0,2025-12-19,0,0,0,5.01,18.3,2,1,59
9996,1,9996,variant_high,14.99,15.0,2025-06-27,0,0,0,189.13,14.2,2,1,50
9997,1,9997,variant_high,14.99,15.0,2025-10-26,0,0,0,83.85,16.9,4,1,70
9998,1,9998,control,9.99,0.0,2025-07-31,1,1,1,102.65,96.2,1,0,11
9999,1,9999,control,9.99,0.0,2024-11-29,0,0,0,17.72,0.0,1,1,53
10000,1,10000,variant_mid,12.99,10.0,2024-07-11,1,0,0,17.34,74.4,3,1,70
10001,1,8316,control,9.99,0.0,2025-08-06,0,0,0,457.33,17.8,2,0,80
10002,1,7783,variant_mid,12.99,10.0,2025-05-15,1,0,0,42.13,62.1,1,1,87
10003,1,8695,variant_mid,12.99,10.0,2025-10-31,1,0,0,29.78,44.2,6,1,60
10004,1,6309,variant_high,14.99,15.0,2025-02-10,1,0,0,155.66,59.7,3,0,63
10005,1,9060,control,9.99,0.0,2024-03-10,0,0,0,1161.36,18.3,0,1,30
