subscription_id,user_id,experiment_id,subscription_start_date,subscription_end_date,months_active,monthly_price_paid,churned,churn_reason,refund_flag,billing_failures,billing_anomaly_flag,total_revenue,lifetime_value,plan_tier,currency,last_renewal_outcome
1,7,1,2025-02-08,2028-03-24,38,10.06,1,life_event,0,1,0,381.51,336.95,standard,USD,success
2,20,1,2025-12-05,2028-06-22,31,12.94,1,competing_service,0,0,0,397.04,358.78,standard,USD,failed
3,22,1,2024-05-01,2025-03-27,11,11.43,1,competing_service,0,0,0,129.12,124.56,family,USD,success
4,35,1,2024-01-07,2024-12-02,11,11.55,1,life_event,0,0,0,129.33,124.77,standard,USD,success
5,39,1,2024-12-15,2027-07-03,31,13.15,1,did_not_use_enough,0,0,0,404.41,365.44,standard,USD,success
6,41,1,2024-04-23,2027-05-08,37,12.65,1,life_event,0,0,0,467.08,413.87,standard,USD,success
7,48,1,2024-07-02,,60,13.18,0,,1,0,0,778.73,640.06,standard,USD,success
8,50,1,2025-12-03,2027-05-27,18,10.05,1,,0,0,0,184.21,173.69,family,USD,success
9,51,1,2024-05-04,2025-07-28,15,13.17,1,,0,0,1,191.5,182.34,family,USD,success
10,52,1,2025-07-19,2026-03-16,8,11.68,1,price_too_high,0,1,0,98.02,95.49,standard,USD,success
11,59,1,2025-11-22,2025-12-22,1,12.81,1,price_too_high,0,0,0,13.21,13.17,standard,USD,success
12,67,1,2025-04-22,2025-06-21,2,11.8,1,unknown,0,0,0,28.66,28.47,standard,USD,success
13,78,1,2024-06-18,2025-10-11,16,11.77,1,did_not_use_enough,0,0,0,189.53,179.87,standard,USD,failed_then_recovered
14,80,1,2024-11-26,,60,11.64,0,,0,0,0,699.15,574.65,standard,USD,success
15,85,1,2024-07-23,2026-04-14,21,12.76,1,unknown,1,0,0,256.06,239.07,standard,USD,success
16,92,1,2025-03-23,2026-01-17,10,10.0,1,price_too_high,0,0,0,100.57,97.34,standard,USD,success
17,93,1,2025-05-17,2025-07-16,2,13.07,1,price_too_high,0,0,0,28.16,27.97,standard,USD,success
18,97,1,2025-03-13,2029-01-21,47,11.79,1,did_not_use_enough,0,0,0,554.4,475.45,standard,USD,success
19,103,1,2025-03-23,2025-11-18,8,12.65,1,competing_service,0,0,0,103.63,100.96,standard,USD,success
20,108,1,2024-05-04,2024-09-01,4,12.71,1,price_too_high,0,0,0,47.81,47.19,standard,USD,success
21,119,1,2025-07-07,2027-11-24,29,9.98,1,,0,1,0,286.64,260.72,standard,USD,failed_then_recovered
22,123,1,2025-02-22,2025-08-21,6,11.54,1,did_not_use_enough,0,0,0,69.11,67.77,standard,USD,success
23,124,1,2024-01-17,2024-06-15,5,12.73,1,unknown,0,0,0,60.0,59.03,student,USD,success
24,125,1,2024-10-05,2024-11-04,1,10.2,1,did_not_use_enough,0,0,0,8.87,8.84,standard,USD,success
25,127,1,2024-12-14,2025-02-12,2,10.15,1,,0,0,0,19.14,19.01,standard,EUR,success
26,128,1,2025-08-23,2025-12-21,4,10.1,1,did_not_use_enough,0,0,0,41.72,41.18,standard,USD,success
27,137,1,2024-06-18,2027-02-03,32,9.92,1,price_too_high,0,0,0,317.49,285.96,standard,USD,success
28,138,1,2024-11-05,2025-11-30,13,10.02,1,did_not_use_enough,0,0,0,132.94,127.41,standard,USD,success
29,146,1,2024-11-20,2026-06-13,19,10.1,1,price_too_high,0,0,0,187.72,176.42,standard,USD,success
30,153,1,2025-01-11,2028-08-23,44,9.96,1,price_too_high,0,1,0,434.25,376.09,family,USD,failed_then_recovered
31,161,1,2024-06-20,2025-07-15,13,11.73,1,price_too_high,0,0,0,150.24,143.99,standard,USD,success
32,163,1,2024-11-25,,60,10.08,0,,0,0,0,602.52,495.23,standard,USD,success
33,166,1,2025-09-12,2025-11-11,2,11.74,1,did_not_use_enough,1,0,0,-5.47,-5.43,standard,USD,success
34,171,1,2024-11-05,2026-06-28,20,10.27,1,price_too_high,0,0,0,206.61,193.53,standard,USD,success
35,182,1,2025-11-03,2026-05-02,6,13.18,1,,0,0,0,78.92,77.39,standard,USD,success
36,207,1,2025-03-29,,60,12.8,0,,0,0,0,771.52,634.14,standard,USD,success
37,209,1,2025-10-19,2028-12-02,38,12.58,1,life_event,1,1,0,468.14,413.46,standard,USD,success
38,212,1,2024-07-23,2026-05-14,22,11.94,1,billing_issue,0,1,0,269.8,251.08,family,USD,failed_then_recovered
39,218,1,2025-05-23,2026-03-19,10,11.64,1,did_not_use_enough,0,0,0,114.05,110.38,standard,USD,success
40,227,1,2025-06-09,2028-03-25,34,11.85,1,billing_issue,0,2,0,401.41,359.19,family,EUR,success
41,240,1,2024-08-20,2027-04-07,32,12.9,1,competing_service,0,0,0,411.42,370.57,standard,EUR,success
42,248,1,2024-08-31,2025-05-28,9,13.04,1,did_not_use_enough,0,0,0,116.54,113.16,standard,USD,success
43,249,1,2025-08-08,2026-01-05,5,12.9,1,did_not_use_enough,0,0,0,69.26,68.13,standard,USD,success
44,252,1,2025-12-15,2030-01-23,50,9.74,1,did_not_use_enough,0,0,0,483.28,410.41,standard,USD,success
45,255,1,2025-03-05,2025-10-31,8,12.78,1,did_not_use_enough,0,0,0,103.17,100.51,standard,USD,success
46,258,1,2025-09-15,,60,13.05,0,,0,0,0,780.72,641.7,standard,USD,success
47,261,1,2024-09-29,2025-10-24,13,11.88,1,did_not_use_enough,0,0,0,152.49,146.14,standard,USD,success
48,262,1,2025-02-08,2025-07-08,5,10.1,1,life_event,0,0,0,51.31,50.48,family,USD,success
49,265,1,2024-11-20,2026-09-11,22,9.91,1,unknown,0,0,0,216.37,201.36,standard,USD,success
50,284,1,2025-07-18,2025-08-17,1,11.77,1,billing_issue,0,2,0,12.03,11.99,standard,USD,success
51,290,1,2024-12-03,2025-04-02,4,12.71,1,billing_issue,0,0,0,55.11,54.39,standard,USD,success
52,292,1,2024-11-20,,60,11.69,0,,0,0,0,697.87,573.6,standard,EUR,success
53,296,1,2025-05-05,2025-08-03,3,13.1,1,did_not_use_enough,0,0,0,37.03,36.67,standard,USD,success
54,300,1,2025-12-22,,60,11.64,0,,0,0,0,699.58,575.0,standard,USD,success
55,303,1,2024-07-12,2024-09-10,2,9.97,1,,0,0,0,19.28,19.15,standard,USD,failed_then_recovered
56,310,1,2025-12-18,2028-03-07,27,9.85,1,billing_issue,0,0,0,267.0,244.45,standard,USD,failed_then_recovered
57,318,1,2025-09-17,,60,11.82,0,,0,1,0,708.5,582.34,family,USD,failed
58,320,1,2025-04-10,2027-07-29,28,12.56,1,price_too_high,0,1,0,355.97,324.84,standard,USD,success
59,326,1,2025-03-30,2027-04-19,25,9.96,1,,0,0,0,253.04,233.19,standard,USD,success
60,328,1,2024-02-01,2027-04-16,39,11.86,1,did_not_use_enough,0,0,0,462.33,407.0,standard,USD,success
61,335,1,2024-06-06,,60,12.66,0,,0,0,0,764.01,627.96,student,USD,success
62,341,1,2025-09-19,2025-10-19,1,11.8,1,,0,0,1,11.92,11.88,standard,USD,success
63,347,1,2024-12-31,2028-11-10,47,11.74,1,billing_issue,0,0,0,548.88,470.72,standard,USD,success
64,354,1,2024-07-15,2026-01-06,18,11.47,1,billing_issue,0,0,0,204.98,193.27,standard,USD,success
65,364,1,2024-05-22,,60,11.79,0,,0,0,0,706.28,580.51,standard,USD,success
66,380,1,2024-01-05,2025-02-28,14,10.04,1,competing_service,0,0,0,140.51,134.23,standard,USD,success
67,383,1,2024-04-08,2025-03-04,11,11.97,1,,0,0,0,129.91,125.32,standard,USD,success
68,412,1,2025-06-08,2029-07-17,50,11.71,1,competing_service,0,0,0,581.72,494.02,student,USD,success
69,422,1,2025-08-11,2026-10-05,14,11.57,1,did_not_use_enough,0,0,0,161.62,154.39,standard,USD,failed
70,424,1,2024-03-19,2024-09-15,6,11.96,1,,0,0,1,71.57,70.18,standard,EUR,success
71,435,1,2024-08-05,2026-05-27,22,10.04,1,billing_issue,0,0,0,221.94,206.54,family,USD,success
72,436,1,2025-01-11,2028-08-23,44,12.9,1,,0,0,0,570.73,494.28,standard,USD,success
73,443,1,2024-03-29,2024-07-27,4,11.82,1,price_too_high,0,0,0,47.77,47.15,standard,EUR,success
74,444,1,2025-09-21,2028-11-04,38,11.7,1,price_too_high,0,1,0,448.34,395.98,standard,EUR,success
75,445,1,2025-01-13,2025-05-13,4,10.06,1,competing_service,0,0,0,41.61,41.07,family,USD,success
76,454,1,2024-10-08,2025-10-03,12,11.69,1,billing_issue,0,2,0,138.2,132.89,standard,USD,success
77,472,1,2025-09-16,2029-08-26,48,11.54,1,did_not_use_enough,0,0,0,554.82,474.26,standard,USD,success
78,476,1,2025-01-29,2025-04-29,3,12.72,1,unknown,0,0,0,34.59,34.25,standard,USD,success
79,484,1,2024-04-12,2024-07-11,3,9.99,1,did_not_use_enough,0,0,0,30.45,30.15,standard,USD,success
80,488,1,2024-11-30,2026-09-21,22,12.72,1,did_not_use_enough,0,0,0,280.77,261.29,standard,EUR,success
81,495,1,2024-01-10,,60,10.02,0,,1,0,0,592.6,487.07,standard,USD,success
82,498,1,2025-12-11,2026-01-10,1,9.99,1,,0,0,0,1.38,1.38,standard,USD,success
83,502,1,2024-05-11,2024-09-08,4,9.94,1,billing_issue,0,0,0,35.77,35.3,standard,USD,success
84,504,1,2025-07-16,2030-05-21,59,9.87,1,price_too_high,0,0,0,583.26,480.96,student,EUR,success
85,517,1,2025-06-04,,60,12.48,0,,0,0,1,755.31,620.81,standard,USD,success
86,519,1,2024-12-25,2026-07-18,19,9.97,1,price_too_high,0,0,0,181.59,170.65,standard,USD,failed
87,535,1,2024-07-05,2025-01-01,6,11.67,1,price_too_high,0,0,0,71.21,69.83,standard,USD,success
88,538,1,2024-10-12,2025-04-10,6,11.75,1,did_not_use_enough,0,0,0,70.71,69.34,standard,USD,success
89,547,1,2025-08-28,,60,12.91,0,,0,0,0,773.63,635.87,family,USD,success
90,549,1,2025-12-07,2026-02-05,2,12.93,1,did_not_use_enough,0,0,0,24.03,23.88,standard,USD,success
91,563,1,2025-10-08,2026-12-02,14,11.89,1,unknown,0,0,0,160.04,152.88,family,USD,success
92,568,1,2024-11-18,,60,12.61,0,,1,0,0,744.01,611.52,standard,EUR,success
93,580,1,2025-03-03,2025-04-02,1,11.88,1,did_not_use_enough,0,0,0,11.85,11.81,standard,USD,success
94,581,1,2025-10-07,2026-08-03,10,12.96,1,life_event,0,0,0,123.48,119.51,standard,USD,success
95,582,1,2025-11-02,2026-01-01,2,10.06,1,billing_issue,0,0,0,20.81,20.67,family,EUR,success
96,593,1,2024-12-20,2026-06-13,18,12.6,1,price_too_high,0,0,0,229.45,216.34,family,USD,success
97,594,1,2024-02-29,2025-08-22,18,10.04,1,did_not_use_enough,0,0,0,182.87,172.42,family,USD,success
98,605,1,2024-01-17,2024-11-12,10,10.09,1,unknown,1,0,0,91.0,88.08,standard,USD,failed
99,607,1,2025-07-31,2027-07-21,24,12.77,1,,0,0,0,308.03,284.79,standard,USD,failed_then_recovered
100,610,1,2025-08-22,,60,11.64,0,,0,1,0,703.89,578.55,standard,USD,success
101,617,1,2024-03-03,2024-06-01,3,9.82,1,price_too_high,0,0,0,24.39,24.15,standard,USD,success
102,620,1,2025-10-24,2029-06-05,44,13.14,1,price_too_high,0,0,0,574.33,497.4,standard,USD,success
103,626,1,2024-03-20,2028-06-27,52,10.05,1,billing_issue,0,1,0,520.24,438.93,family,USD,success
104,629,1,2024-03-09,2024-05-08,2,13.02,1,competing_service,1,0,0,9.39,9.33,standard,USD,success
105,631,1,2024-10-19,2026-02-11,16,9.91,1,,0,0,0,156.45,148.48,standard,USD,failed_then_recovered
106,638,1,2024-07-09,2026-04-30,22,11.79,1,did_not_use_enough,0,0,0,256.58,238.78,standard,EUR,success
107,640,1,2025-10-20,,60,10.01,0,,1,0,0,591.47,486.14,standard,USD,success
108,648,1,2024-09-20,2024-12-19,3,10.19,1,did_not_use_enough,0,1,0,27.72,27.45,standard,USD,success
109,660,1,2025-03-08,2025-10-04,7,13.1,1,did_not_use_enough,0,0,0,97.51,95.31,standard,USD,success
110,667,1,2025-12-05,2026-01-04,1,12.96,1,competing_service,0,1,0,12.16,12.12,standard,USD,failed_then_recovered
111,674,1,2024-09-14,2028-02-26,42,9.89,1,price_too_high,0,1,0,417.99,364.37,standard,USD,success
112,675,1,2024-04-22,2024-07-21,3,10.07,1,life_event,0,0,0,30.27,29.97,standard,USD,success
113,689,1,2025-01-04,2029-06-12,54,13.0,1,did_not_use_enough,0,1,0,699.12,586.01,standard,USD,success
114,705,1,2025-09-04,2029-06-15,46,10.06,1,competing_service,0,0,0,460.09,395.86,standard,USD,success
115,710,1,2025-04-19,2027-05-09,25,11.84,1,price_too_high,0,0,0,292.43,269.48,standard,USD,success
116,711,1,2025-12-02,,60,11.76,0,,0,0,0,709.3,582.99,standard,USD,success
117,726,1,2024-07-01,,60,11.73,0,,0,1,0,705.87,580.17,family,USD,failed_then_recovered
118,728,1,2025-10-04,2026-08-30,11,10.05,1,,0,0,0,111.43,107.49,family,USD,success
119,735,1,2024-07-26,2024-10-24,3,12.77,1,life_event,0,0,0,35.7,35.35,family,USD,success
120,737,1,2025-07-20,,60,9.93,0,,0,0,0,595.61,489.55,family,USD,success
121,744,1,2025-03-11,2028-08-22,42,10.04,1,price_too_high,0,0,0,423.14,368.87,standard,USD,success
122,747,1,2024-06-11,2026-03-03,21,12.63,1,billing_issue,0,1,0,264.85,247.28,standard,USD,failed_then_recovered
123,749,1,2024-07-19,2025-02-14,7,10.14,1,,0,0,0,68.93,67.37,standard,EUR,success
124,750,1,2025-10-15,2026-04-13,6,11.93,1,unknown,0,0,0,72.51,71.1,family,USD,success
125,757,1,2025-03-09,2026-04-03,13,12.48,1,did_not_use_enough,0,0,0,163.99,157.17,standard,USD,success
126,758,1,2024-10-02,2025-12-26,15,11.61,1,competing_service,0,1,0,173.58,165.28,standard,USD,success
127,763,1,2024-09-24,2028-02-06,41,13.04,1,did_not_use_enough,0,0,0,533.87,466.92,standard,USD,success
128,764,1,2024-04-03,2026-09-20,30,11.8,1,did_not_use_enough,0,0,0,358.55,325.06,standard,EUR,success
129,771,1,2024-01-19,2024-04-18,3,11.65,1,billing_issue,0,1,0,35.73,35.39,standard,USD,success
130,786,1,2025-10-29,2026-08-25,10,13.04,1,billing_issue,0,0,0,125.62,121.58,standard,EUR,success
131,787,1,2025-12-15,2026-04-14,4,9.66,1,life_event,0,0,0,34.81,34.36,standard,USD,success
132,800,1,2025-06-15,,60,9.93,0,,0,1,0,597.46,491.07,standard,USD,success
133,801,1,2025-11-27,2026-08-24,9,11.6,1,did_not_use_enough,0,0,0,101.17,98.24,family,USD,success
134,809,1,2025-09-03,2026-06-30,10,13.14,1,billing_issue,0,0,0,127.6,123.49,standard,USD,success
135,814,1,2024-10-20,2025-11-14,13,9.87,1,,0,0,0,125.8,120.57,standard,USD,success
136,816,1,2024-07-09,2024-09-07,2,10.14,1,did_not_use_enough,0,0,0,20.89,20.75,standard,USD,success
137,837,1,2025-04-18,2025-06-17,2,11.75,1,did_not_use_enough,0,0,0,21.8,21.66,family,USD,failed
138,846,1,2025-10-14,2026-08-10,10,13.1,1,,0,0,0,131.21,126.99,standard,USD,success
139,847,1,2024-05-26,2024-10-23,5,12.64,1,life_event,0,1,0,60.57,59.59,standard,USD,success
140,860,1,2024-10-23,2024-11-22,1,12.96,1,life_event,1,0,0,-5.21,-5.19,standard,USD,success
141,864,1,2024-03-05,2024-12-30,10,12.95,1,,0,0,0,128.28,124.15,standard,USD,success
142,870,1,2025-04-26,2028-03-11,35,12.68,1,competing_service,1,0,0,429.45,383.03,standard,USD,success
143,876,1,2024-11-24,2025-03-24,4,12.02,1,,0,0,0,49.11,48.48,standard,USD,success
144,879,1,2024-02-12,2028-03-22,50,9.98,1,did_not_use_enough,0,0,0,502.76,426.97,student,USD,success
145,896,1,2024-07-06,2025-02-01,7,9.94,1,seasonal_pause,0,1,0,66.46,64.96,family,USD,success
146,897,1,2024-08-31,2024-11-29,3,9.88,1,did_not_use_enough,0,0,0,30.45,30.16,standard,USD,success
147,907,1,2024-02-19,2028-08-26,55,11.67,1,,0,0,0,635.03,530.55,student,USD,failed_then_recovered
148,910,1,2025-04-22,2027-09-09,29,9.77,1,life_event,0,1,0,284.23,258.53,standard,USD,success
149,911,1,2025-10-12,2025-11-11,1,11.77,1,competing_service,0,1,0,10.54,10.51,standard,USD,success
150,918,1,2024-06-18,2028-06-27,49,10.06,1,,0,0,0,486.46,414.47,family,USD,success
151,924,1,2025-06-11,,60,9.91,0,,0,0,0,594.3,488.47,standard,USD,success
152,931,1,2025-07-31,2025-10-29,3,13.23,1,billing_issue,0,0,0,35.07,34.73,standard,USD,success
153,938,1,2025-08-02,2026-09-26,14,9.99,1,did_not_use_enough,0,1,0,140.17,133.9,standard,USD,success
154,964,1,2024-09-06,2026-07-28,23,9.99,1,did_not_use_enough,0,1,0,229.2,212.6,standard,USD,success
155,965,1,2025-08-27,2025-10-26,2,11.54,1,life_event,0,0,0,20.75,20.61,standard,USD,success
156,967,1,2025-12-02,2027-12-22,25,12.01,1,competing_service,1,0,0,288.53,265.89,standard,USD,success
157,974,1,2024-11-29,,60,12.84,0,,0,1,0,771.27,633.93,standard,USD,success
158,978,1,2025-01-10,2025-05-10,4,11.75,1,billing_issue,1,0,0,34.42,33.97,standard,USD,success
159,983,1,2024-03-30,2025-08-22,17,9.88,1,,0,0,0,176.34,166.81,standard,USD,success
160,984,1,2025-01-19,2026-02-13,13,10.0,1,did_not_use_enough,0,0,0,126.69,121.42,standard,USD,success
161,990,1,2024-02-11,2024-08-09,6,11.92,1,billing_issue,0,0,0,72.92,71.51,standard,USD,success
162,1001,1,2024-07-12,2025-08-06,13,9.98,1,billing_issue,0,1,0,127.99,122.67,standard,EUR,success
163,1020,1,2025-08-15,2030-06-20,59,10.28,1,life_event,0,0,0,600.06,494.82,standard,EUR,success
164,1029,1,2025-08-22,2026-08-17,12,12.57,1,,0,0,0,149.14,143.4,standard,USD,success
165,1036,1,2025-10-04,,60,10.26,0,,0,1,0,614.67,505.21,standard,USD,success
166,1040,1,2024-04-09,2028-06-17,51,9.99,1,,0,1,0,512.86,434.12,standard,EUR,success
167,1063,1,2025-08-01,2026-07-27,12,12.8,1,price_too_high,0,0,0,151.12,145.3,standard,USD,success
168,1065,1,2025-06-22,2027-04-13,22,9.97,1,billing_issue,1,0,0,208.67,194.19,standard,USD,failed
169,1074,1,2025-02-06,2027-03-28,26,12.89,1,billing_issue,0,0,0,332.16,305.1,standard,USD,success
170,1075,1,2024-04-06,2027-12-17,45,11.65,1,price_too_high,0,1,0,530.44,457.89,standard,USD,success
171,1082,1,2024-08-14,,60,9.85,0,,0,0,0,590.84,485.63,standard,USD,failed_then_recovered
172,1094,1,2025-10-17,2028-10-31,37,12.79,1,billing_issue,0,0,0,473.7,419.74,standard,USD,success
173,1098,1,2025-10-30,,60,9.97,0,,0,0,0,598.01,491.52,standard,USD,failed
174,1110,1,2025-11-08,2025-12-08,1,10.13,1,,1,1,0,2.63,2.62,student,EUR,success
175,1114,1,2024-02-03,,60,12.52,0,,0,0,0,748.65,615.34,family,USD,success
176,1122,1,2024-07-25,2027-12-07,41,12.77,1,did_not_use_enough,0,0,0,524.72,458.91,standard,USD,success
177,1139,1,2025-01-30,2026-06-24,17,11.68,1,,0,0,0,202.3,191.37,standard,USD,success
178,1148,1,2025-04-26,,60,11.41,0,,0,0,0,684.37,562.51,standard,USD,success
179,1155,1,2025-04-19,,60,11.78,0,,0,0,0,704.9,579.38,family,EUR,failed
180,1156,1,2025-04-02,2028-11-12,44,11.65,1,life_event,1,0,0,493.56,427.45,family,EUR,success
181,1165,1,2024-12-07,2028-09-17,46,11.97,1,billing_issue,0,0,0,552.7,475.55,standard,USD,failed_then_recovered
182,1166,1,2024-11-03,2026-01-27,15,10.01,1,price_too_high,1,0,0,137.25,130.69,standard,USD,success
183,1183,1,2024-03-24,2024-07-22,4,9.9,1,did_not_use_enough,0,0,0,34.02,33.57,standard,USD,failed_then_recovered
184,1185,1,2024-01-19,2026-07-07,30,11.77,1,did_not_use_enough,0,0,0,354.1,321.03,standard,USD,failed
185,1193,1,2024-04-11,2025-06-05,14,13.02,1,did_not_use_enough,0,0,0,181.63,173.51,standard,USD,success
186,1196,1,2025-07-11,2026-02-06,7,11.76,1,competing_service,0,0,0,83.63,81.73,standard,USD,success
187,1199,1,2024-07-10,2026-08-29,26,10.12,1,billing_issue,0,0,0,267.43,245.65,standard,EUR,success
188,1215,1,2024-06-27,2029-04-02,58,13.25,1,price_too_high,0,0,0,770.67,637.59,family,USD,success
189,1216,1,2025-04-06,2027-07-25,28,13.06,1,competing_service,0,0,0,362.22,330.55,standard,USD,failed_then_recovered
190,1223,1,2024-03-09,2028-04-17,50,9.82,1,price_too_high,0,0,0,494.38,419.84,standard,USD,success
191,1230,1,2024-08-02,2025-03-30,8,12.87,1,,0,0,0,105.11,102.4,standard,USD,success
192,1232,1,2024-08-06,2026-02-27,19,11.81,1,did_not_use_enough,0,0,0,222.81,209.4,family,USD,success
193,1245,1,2024-01-26,2024-10-22,9,10.18,1,competing_service,0,0,0,92.45,89.77,standard,USD,success
194,1254,1,2025-05-03,,60,10.16,0,,0,0,0,608.19,499.89,standard,USD,success
195,1256,1,2025-05-11,2026-02-05,9,12.66,1,life_event,0,0,0,115.44,112.1,standard,USD,success
196,1262,1,2024-06-01,,60,11.81,0,,0,0,0,710.9,584.31,standard,USD,success
197,1268,1,2025-11-14,2028-05-02,30,9.8,1,price_too_high,0,1,0,295.1,267.54,standard,USD,success
198,1270,1,2024-11-27,2028-11-06,48,9.87,1,did_not_use_enough,0,0,0,476.47,407.29,standard,USD,success
199,1274,1,2025-12-20,2026-09-16,9,9.91,1,billing_issue,0,0,0,91.6,88.94,standard,USD,success
200,1276,1,2024-11-08,2027-05-27,31,11.74,1,price_too_high,0,0,0,364.33,329.22,standard,USD,success
201,1287,1,2025-06-27,2025-11-24,5,11.7,1,competing_service,0,0,0,60.54,59.56,family,EUR,success
202,1293,1,2024-04-28,2025-02-22,10,9.91,1,price_too_high,0,0,0,100.5,97.27,standard,USD,success
203,1297,1,2025-12-01,,60,9.67,0,,0,0,0,578.6,475.57,standard,EUR,success
204,1324,1,2024-12-29,2025-04-28,4,10.08,1,did_not_use_enough,0,0,0,42.16,41.61,standard,EUR,success
205,1327,1,2025-10-04,2027-11-23,26,12.69,1,life_event,0,0,0,332.13,305.07,standard,USD,success
206,1332,1,2025-04-08,,60,11.8,0,,0,0,0,708.58,582.4,standard,USD,success
207,1341,1,2024-07-22,2027-01-08,30,11.62,1,,0,0,0,351.2,318.4,standard,USD,success
208,1342,1,2025-04-09,2025-07-08,3,9.85,1,billing_issue,0,0,0,31.8,31.49,standard,USD,success
209,1348,1,2024-01-27,2025-12-17,23,12.59,1,did_not_use_enough,0,0,0,287.45,266.64,standard,USD,success
210,1353,1,2025-06-05,2026-05-01,11,12.58,1,price_too_high,0,1,0,137.37,132.52,standard,USD,success
211,1354,1,2025-10-11,2026-02-08,4,9.9,1,did_not_use_enough,0,2,0,37.94,37.45,standard,USD,success
212,1359,1,2025-05-24,2025-07-23,2,11.63,1,billing_issue,1,0,0,12.1,12.02,standard,USD,success
213,1368,1,2025-08-28,2026-02-24,6,10.05,1,,0,0,0,61.7,60.5,standard,USD,success
214,1375,1,2024-10-11,,60,12.87,0,,0,0,0,775.5,637.4,standard,USD,success
215,1387,1,2024-01-23,2024-12-18,11,10.05,1,did_not_use_enough,0,0,0,116.11,112.01,family,USD,success
216,1396,1,2024-09-04,2025-08-30,12,13.08,1,,0,0,0,162.71,156.45,standard,USD,failed
217,1397,1,2024-11-22,2025-07-20,8,12.01,1,,0,0,0,95.45,92.98,standard,USD,success
218,1413,1,2025-06-15,,60,12.06,0,,0,0,0,730.33,600.28,standard,USD,success
219,1419,1,2025-08-25,2025-09-24,1,11.8,1,did_not_use_enough,0,0,0,10.48,10.44,standard,EUR,failed_then_recovered
220,1421,1,2025-09-15,2026-02-12,5,13.0,1,price_too_high,0,1,0,64.84,63.79,standard,USD,success
221,1422,1,2024-08-30,2024-10-29,2,12.82,1,did_not_use_enough,0,0,0,23.74,23.59,family,USD,success
222,1424,1,2024-06-14,,60,9.76,0,,0,1,0,587.16,482.61,standard,USD,success
223,1427,1,2025-12-12,,60,12.68,0,,0,0,0,758.57,623.49,standard,USD,success
224,1431,1,2024-08-15,2026-08-05,24,11.7,1,billing_issue,0,0,0,282.26,260.97,standard,EUR,success
225,1438,1,2024-02-25,,60,11.55,0,,0,0,0,694.19,570.57,family,USD,success
226,1440,1,2024-04-02,,60,10.19,0,,0,2,0,612.69,503.59,standard,EUR,success
227,1444,1,2025-05-20,2029-11-25,55,13.22,1,,0,0,0,725.77,606.36,standard,USD,success
228,1445,1,2024-06-13,2025-06-08,12,10.09,1,,0,0,0,123.11,118.38,standard,USD,failed_then_recovered
229,1447,1,2024-09-17,,60,13.32,0,,0,0,0,798.19,656.05,family,USD,success
230,1451,1,2024-04-27,2024-07-26,3,10.05,1,did_not_use_enough,0,0,0,27.78,27.51,standard,USD,success
231,1455,1,2025-05-27,2026-09-19,16,9.96,1,competing_service,0,1,0,164.32,155.94,standard,USD,success
232,1459,1,2024-04-11,2027-03-27,36,9.88,1,,1,0,0,342.0,304.04,standard,USD,success
233,1462,1,2024-07-12,2025-01-08,6,9.85,1,seasonal_pause,0,0,0,61.43,60.24,student,USD,success
234,1481,1,2024-11-17,2027-11-02,36,11.75,1,price_too_high,0,0,0,431.11,383.25,standard,USD,success
235,1485,1,2025-07-14,2029-08-22,50,11.46,1,price_too_high,0,0,0,573.93,487.4,family,USD,success
236,1486,1,2024-07-02,2024-08-31,2,9.95,1,life_event,0,0,0,23.91,23.75,family,USD,success
237,1494,1,2024-09-03,2028-12-11,52,11.73,1,,0,0,0,608.87,513.71,standard,USD,success
238,1496,1,2024-11-24,2028-01-08,38,11.8,1,,0,0,0,447.63,395.35,standard,USD,success
239,1497,1,2025-12-10,2029-11-19,48,12.62,1,seasonal_pause,0,0,0,609.81,521.27,standard,USD,success
240,1500,1,2024-01-30,2024-03-30,2,10.04,1,competing_service,0,0,0,16.05,15.94,family,USD,success
241,1514,1,2025-08-02,2026-06-28,11,12.58,1,,0,0,0,137.72,132.86,standard,USD,success
242,1542,1,2025-02-21,2026-03-18,13,11.54,1,,0,0,0,148.37,142.2,standard,USD,failed
243,1562,1,2024-02-25,2024-03-26,1,9.74,1,life_event,0,0,0,5.81,5.79,standard,USD,success
244,1570,1,2024-12-26,2028-11-05,47,9.99,1,did_not_use_enough,0,0,0,467.25,400.71,standard,USD,success
245,1575,1,2025-10-29,2027-01-22,15,12.95,1,,0,0,0,193.48,184.22,standard,USD,success
246,1581,1,2024-04-18,2025-08-11,16,12.88,1,life_event,0,0,0,202.42,192.1,standard,USD,success
247,1587,1,2024-09-15,2026-10-05,25,9.98,1,did_not_use_enough,0,0,0,251.55,231.81,standard,USD,success
248,1593,1,2025-05-04,2026-05-29,13,9.94,1,price_too_high,0,0,0,128.47,123.13,standard,USD,success
249,1595,1,2024-12-17,2026-06-10,18,10.09,1,unknown,0,0,0,181.06,170.72,standard,USD,failed
250,1598,1,2025-04-25,2026-02-19,10,12.58,1,did_not_use_enough,0,0,0,121.07,117.18,standard,USD,success
251,1607,1,2024-04-24,,60,10.03,0,,0,0,0,602.9,495.54,standard,USD,success
252,1609,1,2024-08-07,2025-12-30,17,9.98,1,,0,0,0,168.74,159.62,standard,USD,success
253,1611,1,2024-03-21,,60,10.13,0,,0,0,0,610.99,502.19,family,USD,success
254,1613,1,2025-06-18,,60,12.43,0,,0,0,0,747.0,613.98,standard,USD,success
255,1615,1,2025-03-11,2026-04-05,13,11.74,1,price_too_high,0,1,0,150.52,144.26,standard,USD,success
256,1625,1,2024-09-02,2025-01-30,5,10.07,1,price_too_high,0,0,0,52.29,51.44,standard,USD,success
257,1632,1,2024-05-04,2026-03-25,23,12.6,1,billing_issue,0,0,0,291.48,270.37,standard,USD,success
258,1636,1,2025-08-05,2026-10-29,15,12.64,1,billing_issue,0,0,0,185.09,176.23,standard,USD,success
259,1647,1,2024-09-27,2025-06-24,9,11.72,1,price_too_high,0,0,0,100.41,97.5,standard,USD,success
260,1648,1,2024-03-20,,60,12.93,0,,0,0,0,777.69,639.21,standard,USD,success
261,1662,1,2024-07-30,2025-01-26,6,12.56,1,competing_service,0,0,0,73.25,71.83,standard,USD,success
262,1665,1,2024-05-24,2028-03-04,46,9.98,1,price_too_high,0,0,0,460.54,396.25,standard,USD,success
263,1669,1,2025-11-19,2026-10-15,11,10.14,1,,0,0,0,116.99,112.86,standard,EUR,success
264,1674,1,2025-10-19,2027-05-12,19,12.89,1,competing_service,0,0,0,248.34,233.38,standard,USD,success
265,1686,1,2025-06-02,2026-01-28,8,11.77,1,billing_issue,1,2,0,77.58,75.58,standard,USD,success
266,1689,1,2025-11-18,2026-02-16,3,12.63,1,competing_service,0,0,0,37.8,37.44,standard,USD,failed_then_recovered
267,1690,1,2024-12-03,2028-05-16,42,10.07,1,seasonal_pause,0,0,0,425.75,371.14,standard,USD,success
268,1698,1,2024-12-08,2025-03-08,3,9.93,1,did_not_use_enough,0,0,0,32.34,32.02,standard,USD,success
269,1701,1,2024-04-04,2024-12-30,9,11.81,1,did_not_use_enough,0,1,0,104.67,101.63,standard,USD,success
270,1712,1,2025-02-10,2025-11-07,9,11.71,1,competing_service,0,0,0,106.82,103.73,standard,USD,success
271,1715,1,2025-02-04,2028-02-19,37,10.07,1,did_not_use_enough,0,0,0,373.59,331.04,student,USD,success
272,1717,1,2024-02-29,2024-03-30,1,11.83,1,billing_issue,0,1,0,13.1,13.06,family,USD,success
273,1720,1,2024-10-25,,60,9.97,0,,0,0,0,597.38,491.0,standard,USD,success
274,1729,1,2024-07-13,2024-08-12,1,13.03,1,did_not_use_enough,0,1,0,10.06,10.03,standard,USD,success
275,1734,1,2024-01-11,,60,12.88,0,,0,0,0,768.64,631.76,standard,USD,success
276,1749,1,2025-10-12,2027-02-04,16,9.87,1,billing_issue,0,0,0,164.73,156.34,standard,USD,success
277,1764,1,2025-06-20,,60,12.02,0,,0,0,0,718.71,590.73,standard,EUR,success
278,1785,1,2024-12-08,2026-07-01,19,10.12,1,billing_issue,0,2,0,193.72,182.05,standard,USD,success
279,1793,1,2024-05-28,2026-09-15,28,9.89,1,did_not_use_enough,0,0,0,280.28,255.77,standard,USD,success
280,1801,1,2024-05-24,2024-06-23,1,13.05,1,,0,0,1,10.13,10.1,family,USD,success
281,1802,1,2024-11-07,,60,9.92,0,,0,0,0,595.65,489.58,standard,USD,success
282,1803,1,2024-11-18,2026-11-08,24,11.99,1,seasonal_pause,0,0,0,284.16,262.72,standard,USD,success
283,1805,1,2025-09-01,2027-04-24,20,12.45,1,did_not_use_enough,0,2,0,251.47,235.55,family,USD,success
284,1812,1,2025-05-15,2026-04-10,11,13.0,1,life_event,0,0,0,145.49,140.36,standard,EUR,success
285,1813,1,2025-11-11,2026-01-10,2,11.86,1,did_not_use_enough,0,0,0,15.24,15.14,standard,EUR,success
286,1823,1,2025-07-30,2026-05-26,10,9.91,1,,0,0,0,99.44,96.24,standard,USD,success
287,1831,1,2024-02-23,,60,12.07,0,,0,0,0,726.65,597.25,standard,USD,success
288,1833,1,2025-07-03,2028-01-19,31,11.66,1,price_too_high,0,0,0,358.78,324.21,standard,EUR,success
289,1836,1,2025-06-28,2029-01-08,43,11.74,1,competing_service,0,0,0,503.74,437.7,standard,USD,success
290,1838,1,2025-11-08,2026-11-03,12,12.78,1,,0,0,0,152.25,146.39,standard,USD,success
291,1848,1,2024-02-25,2024-03-26,1,11.92,1,competing_service,0,0,0,9.88,9.85,standard,USD,success
292,1853,1,2024-12-19,,60,10.01,0,,0,0,0,598.95,492.29,standard,EUR,success
293,1858,1,2024-04-15,2025-05-10,13,13.02,1,price_too_high,0,0,0,168.65,161.64,standard,USD,success
294,1862,1,2024-09-09,2025-08-05,11,11.89,1,price_too_high,0,0,0,130.6,125.99,family,USD,success
295,1868,1,2024-05-04,2025-02-28,10,12.96,1,did_not_use_enough,0,0,0,126.33,122.27,standard,USD,success
296,1869,1,2024-07-10,,60,10.16,0,,0,0,0,608.89,500.46,standard,USD,success
297,1881,1,2025-08-15,2027-01-07,17,13.15,1,unknown,0,0,0,225.72,213.52,standard,USD,success
298,1882,1,2024-10-11,2026-03-05,17,10.04,1,unknown,0,0,0,167.67,158.6,standard,USD,success
299,1884,1,2024-05-13,,60,9.83,0,,0,0,0,588.84,483.99,standard,USD,success
300,1887,1,2024-09-16,2027-12-30,40,10.05,1,did_not_use_enough,0,1,0,404.39,354.84,standard,USD,failed_then_recovered
301,1898,1,2024-11-24,2025-06-22,7,11.77,1,,0,0,0,86.4,84.44,standard,USD,success
302,1907,1,2025-09-24,2026-10-19,13,12.1,1,,0,0,0,153.0,146.64,family,USD,success
303,1908,1,2024-03-07,2024-05-06,2,10.05,1,price_too_high,0,0,0,22.72,22.57,standard,USD,success
304,1909,1,2025-12-29,,60,11.38,0,,0,0,0,680.77,559.55,standard,USD,success
305,1917,1,2024-08-06,2028-09-14,50,12.5,1,billing_issue,1,0,0,609.23,517.38,standard,EUR,success
306,1925,1,2025-11-05,2026-02-03,3,10.1,1,,0,0,0,24.99,24.75,standard,USD,success
307,1934,1,2025-05-07,2028-08-19,40,12.97,1,price_too_high,0,0,0,522.14,458.15,standard,EUR,success
308,1937,1,2025-05-29,,60,12.92,0,,1,0,0,763.8,627.79,standard,USD,success
309,1939,1,2025-02-06,2026-03-03,13,11.79,1,did_not_use_enough,0,1,0,155.1,148.64,family,USD,success
310,1947,1,2025-01-17,,60,11.87,0,,0,0,0,711.48,584.79,family,USD,success
311,1959,1,2025-05-09,2025-07-08,2,11.72,1,did_not_use_enough,0,0,0,22.64,22.49,standard,USD,success
312,1960,1,2025-06-24,2028-12-05,42,10.04,1,life_event,1,0,0,414.25,361.12,student,USD,failed_then_recovered
313,1971,1,2025-09-13,2026-01-11,4,10.07,1,,0,0,0,42.62,42.07,standard,USD,success
314,1976,1,2024-03-15,2024-04-14,1,9.97,1,billing_issue,0,0,0,10.41,10.37,standard,USD,success
315,1977,1,2024-05-20,,60,10.0,0,,0,0,0,602.21,494.97,standard,USD,success
316,1983,1,2025-12-30,2029-02-12,38,13.06,1,did_not_use_enough,0,0,0,502.85,444.12,standard,USD,success
317,2001,1,2024-05-07,,60,12.91,0,,0,0,0,771.82,634.38,standard,USD,success
318,2007,1,2025-05-13,2027-04-03,23,10.12,1,competing_service,0,1,0,230.96,214.24,family,USD,success
319,2011,1,2024-01-30,2028-02-08,49,9.99,1,competing_service,0,1,0,486.13,414.19,standard,USD,success
320,2014,1,2024-11-23,2025-09-19,10,11.85,1,,0,0,0,118.37,114.56,standard,USD,success
321,2015,1,2025-08-24,2028-05-10,33,12.94,1,life_event,0,0,0,423.39,380.11,standard,EUR,success
322,2017,1,2024-01-22,2024-06-20,5,11.74,1,billing_issue,0,0,0,53.95,53.08,standard,USD,success
323,2020,1,2024-08-06,2026-08-26,25,9.9,1,billing_issue,0,0,0,251.38,231.65,standard,USD,success
324,2028,1,2024-09-01,2025-06-28,10,11.7,1,did_not_use_enough,0,0,0,115.91,112.18,standard,USD,success
325,2034,1,2024-11-20,2026-08-12,21,13.14,1,did_not_use_enough,0,0,0,274.46,256.25,standard,USD,success
326,2037,1,2025-03-05,2026-02-28,12,11.85,1,did_not_use_enough,0,0,0,140.63,135.22,standard,EUR,failed_then_recovered
327,2038,1,2024-04-18,2025-04-13,12,9.77,1,life_event,0,0,0,113.64,109.27,standard,USD,success
328,2043,1,2025-06-02,2027-01-23,20,13.15,1,competing_service,0,0,0,268.4,251.41,standard,USD,success
329,2053,1,2025-03-29,2028-06-11,39,9.86,1,did_not_use_enough,0,0,0,382.79,336.98,family,USD,success
330,2067,1,2025-01-08,2029-04-17,52,11.7,1,,0,0,0,608.0,512.97,standard,USD,success
331,2070,1,2025-03-17,2029-10-22,56,9.97,1,life_event,0,0,0,560.2,466.5,standard,USD,success
332,2087,1,2025-11-07,2026-07-05,8,12.76,1,did_not_use_enough,0,0,0,99.08,96.53,student,USD,success
333,2090,1,2025-07-02,2025-10-30,4,11.91,1,,0,0,0,48.62,47.99,standard,USD,failed
334,2097,1,2024-03-02,2025-09-23,19,11.86,1,seasonal_pause,0,0,0,220.16,206.9,standard,USD,success
335,2099,1,2025-10-21,2029-04-03,42,11.86,1,,0,0,0,499.22,435.19,family,USD,success
336,2107,1,2024-11-05,,83,11.4,0,,0,0,0,4439.73,3342.24,standard,USD,success
337,2111,1,2025-03-04,2027-03-24,25,11.61,1,did_not_use_enough,1,0,0,268.97,247.87,standard,USD,success
338,2139,1,2024-02-11,,60,11.62,0,,1,0,0,685.21,563.19,standard,USD,success
339,2142,1,2024-12-29,2025-12-24,12,12.54,1,did_not_use_enough,0,0,0,149.86,144.1,standard,USD,success
340,2146,1,2025-02-15,2028-04-30,39,11.64,1,did_not_use_enough,0,0,0,452.72,398.54,standard,USD,success
341,2147,1,2024-04-28,,60,13.39,0,,0,0,0,800.9,658.28,family,USD,success
342,2156,1,2024-12-27,2025-06-25,6,9.95,1,price_too_high,0,0,0,64.39,63.14,standard,USD,success
343,2165,1,2025-03-03,2026-01-27,11,9.88,1,billing_issue,1,0,0,103.01,99.37,standard,USD,success
344,2170,1,2025-11-21,2028-12-05,37,11.63,1,unknown,1,0,0,420.6,372.69,standard,USD,success
345,2171,1,2024-11-04,,60,12.14,0,,0,0,0,730.18,600.15,standard,USD,failed_then_recovered
346,2173,1,2025-11-18,2026-07-16,8,10.02,1,price_too_high,0,0,0,77.04,75.05,standard,USD,failed_then_recovered
347,2196,1,2024-10-03,2025-01-31,4,11.67,1,did_not_use_enough,0,0,0,42.15,41.6,standard,USD,success
348,2197,1,2024-05-12,2026-05-02,24,12.88,1,,0,0,0,306.07,282.98,standard,USD,success
349,2199,1,2024-07-23,2024-12-20,5,12.82,1,price_too_high,0,0,0,67.08,66.0,standard,EUR,success
350,2204,1,2025-08-22,2028-07-07,35,10.11,1,price_too_high,0,0,0,357.7,319.03,standard,USD,success
351,2208,1,2025-01-06,2025-02-05,1,12.06,1,billing_issue,0,0,0,12.13,12.09,standard,USD,failed_then_recovered
352,2209,1,2025-06-26,2025-08-25,2,9.98,1,,0,1,0,15.0,14.91,standard,USD,success
353,2218,1,2025-07-24,2025-09-22,2,10.1,1,billing_issue,1,0,0,3.88,3.86,standard,USD,success
354,2224,1,2025-04-06,,60,10.11,0,,0,0,0,603.16,495.75,family,USD,success
355,2227,1,2024-09-05,2027-02-22,30,9.99,1,billing_issue,0,0,0,300.96,272.85,standard,EUR,success
356,2234,1,2024-04-30,2025-01-25,9,11.71,1,life_event,0,0,0,107.55,104.43,standard,USD,success
357,2236,1,2025-10-30,2030-02-06,52,10.05,1,billing_issue,0,0,0,523.01,441.26,standard,USD,failed
358,2241,1,2025-06-11,2027-08-30,27,11.89,1,did_not_use_enough,0,0,0,320.25,293.2,standard,USD,success
359,2255,1,2024-09-06,2024-11-05,2,11.83,1,did_not_use_enough,0,0,0,26.42,26.25,standard,USD,success
360,2256,1,2025-02-15,,60,11.71,0,,0,0,0,702.71,577.57,student,USD,success
361,2260,1,2024-11-29,2025-03-29,4,12.94,1,did_not_use_enough,0,0,0,55.32,54.6,standard,EUR,failed_then_recovered
362,2264,1,2025-04-26,2027-11-12,31,12.06,1,price_too_high,1,0,0,361.97,327.09,standard,USD,success
363,2267,1,2025-04-15,2026-05-10,13,9.85,1,,0,1,0,128.8,123.45,standard,USD,success
364,2271,1,2025-10-01,2026-12-25,15,11.94,1,price_too_high,0,0,0,180.41,171.78,student,USD,failed_then_recovered
365,2272,1,2024-01-29,2025-12-19,23,10.04,1,seasonal_pause,0,0,0,232.51,215.67,student,USD,success
366,2278,1,2024-01-28,2025-10-19,21,11.86,1,billing_issue,0,1,0,250.49,233.87,standard,EUR,success
367,2288,1,2025-08-17,2025-10-16,2,12.98,1,price_too_high,0,0,0,27.58,27.4,standard,USD,success
368,2290,1,2024-05-05,2024-08-03,3,10.11,1,unknown,0,0,0,33.49,33.16,standard,USD,success
369,2291,1,2025-09-19,2026-11-13,14,11.73,1,price_too_high,0,0,0,165.64,158.24,standard,USD,success
370,2296,1,2025-10-09,,60,11.85,0,,0,0,0,708.64,582.45,student,USD,success
371,2298,1,2024-03-12,2024-04-11,1,10.1,1,did_not_use_enough,0,0,0,14.85,14.8,standard,USD,success
372,2300,1,2025-04-16,2029-02-24,47,13.02,1,,0,0,0,607.8,521.25,family,USD,failed_then_recovered
373,2303,1,2024-07-12,,60,11.73,0,,0,0,0,706.92,581.04,standard,USD,success
374,2308,1,2025-09-02,2025-11-01,2,12.83,1,seasonal_pause,0,0,0,20.49,20.35,standard,EUR,success
375,2312,1,2024-12-30,2025-01-29,1,11.67,1,price_too_high,0,0,0,14.51,14.46,standard,USD,failed_then_recovered
376,2316,1,2024-05-13,2028-03-23,47,9.97,1,seasonal_pause,0,0,0,464.4,398.27,standard,USD,success
377,2328,1,2024-07-28,2024-08-27,1,10.14,1,competing_service,0,0,0,10.5,10.47,standard,USD,success
378,2332,1,2025-08-13,2025-10-12,2,9.79,1,did_not_use_enough,0,0,0,23.9,23.74,family,USD,success
379,2333,1,2024-05-21,2026-04-11,23,10.01,1,did_not_use_enough,0,0,0,228.72,212.16,standard,USD,success
380,2341,1,2025-09-30,,60,11.76,0,,0,0,0,705.82,580.13,standard,USD,success
381,2349,1,2025-07-06,2025-12-03,5,9.96,1,price_too_high,0,0,0,51.25,50.42,standard,USD,success
382,2357,1,2024-06-06,2026-11-23,30,11.74,1,did_not_use_enough,0,0,0,353.46,320.45,standard,USD,success
383,2365,1,2024-02-13,2024-03-14,1,11.6,1,unknown,0,0,0,11.8,11.76,standard,USD,success
384,2367,1,2024-04-14,2024-09-11,5,10.04,1,price_too_high,0,1,0,52.6,51.75,standard,USD,success
385,2371,1,2025-06-29,2026-03-26,9,9.88,1,price_too_high,0,0,0,87.2,84.67,standard,USD,success
386,2374,1,2024-11-23,2025-06-21,7,12.41,1,price_too_high,0,0,0,90.87,88.81,standard,USD,success
387,2375,1,2025-05-19,2028-11-29,43,13.11,1,competing_service,0,0,0,559.91,486.5,family,USD,failed_then_recovered
388,2385,1,2025-03-02,2025-07-30,5,9.83,1,,0,0,0,48.01,47.23,standard,USD,success
389,2391,1,2025-11-22,2027-08-14,21,11.83,1,price_too_high,0,0,0,249.14,232.61,standard,USD,success
390,2394,1,2024-06-09,2024-12-06,6,9.96,1,billing_issue,0,0,0,57.63,56.51,family,USD,success
391,2397,1,2025-02-26,2028-10-08,44,10.12,1,competing_service,0,0,0,449.59,389.37,standard,USD,success
392,2424,1,2024-04-19,2024-11-15,7,11.89,1,did_not_use_enough,0,0,0,84.65,82.74,standard,USD,success
393,2430,1,2024-05-09,,60,11.78,0,,1,0,0,694.94,571.19,family,USD,success
394,2433,1,2024-01-05,2024-02-04,1,9.96,1,did_not_use_enough,0,1,0,10.66,10.63,standard,EUR,success
395,2437,1,2024-04-24,2025-11-15,19,10.04,1,seasonal_pause,0,1,0,191.39,179.87,family,USD,success
396,2440,1,2025-01-20,2026-08-13,19,12.82,1,seasonal_pause,0,0,0,241.68,227.13,standard,EUR,failed_then_recovered
397,2444,1,2024-04-18,2025-03-14,11,11.9,1,,0,0,0,128.02,123.5,standard,USD,success
398,2457,1,2024-10-09,2025-08-05,10,9.95,1,,0,0,0,97.64,94.5,standard,USD,success
399,2462,1,2025-11-25,2026-08-22,9,9.9,1,did_not_use_enough,0,0,0,89.36,86.77,standard,USD,success
400,2463,1,2025-11-18,2026-05-17,6,11.71,1,competing_service,0,0,1,72.59,71.18,student,USD,success
401,2465,1,2025-02-06,2026-02-01,12,11.62,1,did_not_use_enough,0,0,0,145.16,139.58,standard,EUR,success
402,2473,1,2024-06-15,2027-10-28,41,10.11,1,billing_issue,0,0,0,417.51,365.15,standard,USD,success
403,2474,1,2024-03-12,2026-03-02,24,11.68,1,price_too_high,0,0,0,281.59,260.35,family,USD,success
404,2476,1,2025-09-30,2027-11-19,26,9.89,1,,0,0,0,256.65,235.74,standard,USD,success
405,2479,1,2025-01-30,2028-05-14,40,13.08,1,did_not_use_enough,0,0,0,522.97,458.88,standard,USD,failed
406,2480,1,2025-10-17,2027-07-09,21,10.12,1,,0,1,0,211.3,197.28,family,USD,success
407,2484,1,2025-07-12,2027-05-03,22,9.99,1,unknown,0,0,0,214.56,199.67,standard,USD,success
408,2491,1,2025-11-11,2026-08-08,9,10.01,1,did_not_use_enough,0,0,0,88.84,86.27,standard,USD,success
409,2496,1,2024-01-14,2024-11-09,10,11.88,1,price_too_high,0,0,0,120.53,116.66,standard,EUR,failed
410,2503,1,2024-10-16,2025-01-14,3,11.87,1,did_not_use_enough,1,0,0,26.11,25.86,standard,USD,success
411,2509,1,2025-02-10,2025-03-12,1,11.8,1,competing_service,0,0,0,15.09,15.04,standard,USD,success
412,2512,1,2025-09-22,2026-09-17,12,12.92,1,did_not_use_enough,0,0,0,152.16,146.31,family,USD,failed_then_recovered
413,2517,1,2025-06-23,2025-10-21,4,12.64,1,billing_issue,0,0,0,49.6,48.95,student,USD,success
414,2518,1,2024-09-16,2025-01-14,4,11.71,1,competing_service,0,0,0,47.32,46.71,family,USD,success
415,2521,1,2024-12-22,2025-10-18,10,13.32,1,,0,0,0,128.97,124.82,standard,USD,success
416,2528,1,2025-08-09,,60,12.06,0,,0,0,0,724.49,595.47,standard,USD,success
417,2537,1,2024-03-14,2024-10-10,7,13.32,1,billing_issue,1,0,0,78.85,77.06,standard,USD,success
418,2545,1,2025-11-10,2029-09-20,47,11.57,1,,0,1,0,549.21,471.0,standard,USD,success
419,2551,1,2024-09-18,2027-05-06,32,11.81,1,did_not_use_enough,0,0,0,380.95,343.12,family,USD,success
420,2558,1,2024-07-09,2025-11-01,16,9.85,1,did_not_use_enough,0,0,0,159.85,151.71,standard,USD,success
421,2559,1,2024-12-15,2027-01-04,25,12.86,1,unknown,0,0,0,318.15,293.18,standard,EUR,success
422,2566,1,2025-02-25,2028-03-11,37,10.06,1,did_not_use_enough,0,0,0,372.71,330.26,standard,USD,success
423,2578,1,2025-04-17,2026-06-11,14,11.24,1,did_not_use_enough,0,0,0,156.5,149.5,standard,USD,success
424,2583,1,2025-10-11,,60,11.83,0,,0,0,0,708.09,582.0,standard,USD,success
425,2590,1,2024-07-02,2027-06-17,36,12.53,1,,0,0,0,454.12,403.72,standard,USD,success
426,2594,1,2024-09-05,2028-02-17,42,11.82,1,competing_service,0,0,0,498.48,434.54,family,USD,success
427,2598,1,2025-06-18,2029-12-24,55,12.89,1,did_not_use_enough,0,0,0,706.87,590.57,standard,USD,failed_then_recovered
428,2602,1,2024-06-16,,60,11.94,0,,0,0,0,721.13,592.72,standard,USD,success
429,2608,1,2025-11-29,2030-10-04,59,9.9,1,unknown,0,0,0,582.19,480.09,family,USD,success
430,2622,1,2025-05-02,2026-08-25,16,10.04,1,billing_issue,0,0,0,159.08,150.98,standard,USD,failed
431,2629,1,2025-05-10,2026-03-06,10,9.83,1,seasonal_pause,0,0,0,101.75,98.48,student,USD,success
432,2635,1,2024-09-04,2024-10-04,1,12.75,1,did_not_use_enough,0,0,0,11.56,11.52,standard,USD,success
433,2639,1,2025-11-17,2026-04-16,5,12.5,1,price_too_high,0,0,0,62.24,61.23,standard,EUR,success
434,2642,1,2025-05-16,2029-08-23,52,10.09,1,,0,1,0,518.42,437.39,standard,EUR,failed
435,2643,1,2025-09-07,2028-11-20,39,13.21,1,price_too_high,0,0,0,516.04,454.28,family,USD,success
436,2655,1,2024-07-11,2028-02-21,44,9.84,1,did_not_use_enough,0,0,0,431.72,373.89,standard,USD,success
437,2656,1,2024-06-04,2029-01-09,56,11.65,1,billing_issue,0,0,0,654.83,545.31,standard,USD,success
438,2660,1,2025-03-06,2026-08-28,18,12.81,1,did_not_use_enough,0,0,0,234.71,221.3,standard,USD,success
439,2670,1,2025-10-26,2028-07-12,33,11.83,1,did_not_use_enough,1,0,0,378.45,339.76,family,EUR,success
440,2671,1,2025-11-01,2026-09-27,11,12.91,1,competing_service,0,0,0,143.58,138.51,standard,USD,success
441,2674,1,2024-03-25,2025-12-15,21,12.08,1,,0,0,0,257.94,240.83,standard,USD,failed
442,2682,1,2025-08-18,,60,13.1,0,,1,0,0,774.21,636.35,standard,USD,success
443,2688,1,2025-03-24,2026-07-17,16,10.12,1,price_too_high,0,0,0,163.71,155.37,standard,USD,success
444,2696,1,2025-01-09,2026-11-30,23,11.62,1,billing_issue,0,1,0,268.4,248.97,standard,USD,success
445,2699,1,2024-02-05,,60,12.84,0,,0,0,0,772.14,634.64,standard,EUR,success
446,2701,1,2025-10-15,2026-11-09,13,11.64,1,did_not_use_enough,0,0,0,150.79,144.51,standard,USD,success
447,2704,1,2024-02-13,2025-01-08,11,12.78,1,competing_service,0,0,0,137.08,132.24,family,USD,success
448,2706,1,2024-11-15,2025-08-12,9,9.96,1,did_not_use_enough,0,0,0,90.26,87.64,standard,USD,success
449,2720,1,2025-08-02,2026-11-25,16,13.0,1,did_not_use_enough,0,0,0,205.77,195.29,standard,USD,success
450,2723,1,2024-05-03,2025-04-28,12,9.95,1,life_event,0,0,0,123.67,118.91,standard,USD,success
451,2724,1,2024-01-19,2025-05-13,16,10.14,1,billing_issue,0,0,0,161.98,153.73,standard,USD,success
452,2725,1,2025-05-06,2026-05-31,13,11.95,1,unknown,0,0,0,151.26,144.97,standard,USD,success
453,2736,1,2024-01-13,2025-08-05,19,10.08,1,did_not_use_enough,0,0,0,193.26,181.63,standard,EUR,success
454,2737,1,2024-01-26,2027-10-07,45,9.89,1,did_not_use_enough,0,1,0,446.29,385.25,standard,USD,failed_then_recovered
455,2743,1,2025-10-01,2026-07-28,10,10.21,1,billing_issue,0,0,0,101.45,98.19,family,USD,success
456,2744,1,2025-10-21,2026-06-18,8,13.05,1,did_not_use_enough,0,0,0,103.68,101.0,standard,USD,failed
457,2749,1,2025-12-17,2027-11-07,23,10.11,1,life_event,0,0,0,230.77,214.05,standard,EUR,success
458,2753,1,2024-12-09,2025-03-09,3,11.87,1,,0,0,0,33.96,33.62,family,USD,success
459,2755,1,2025-05-15,2027-08-03,27,12.96,1,,0,0,0,352.64,322.85,standard,EUR,success
460,2764,1,2025-07-18,2026-06-13,11,9.91,1,did_not_use_enough,0,1,0,110.64,106.73,standard,USD,success
461,2775,1,2025-09-12,,60,9.92,0,,0,0,0,594.0,488.23,standard,USD,success
462,2785,1,2024-12-04,,60,12.83,0,,0,0,0,771.2,633.87,standard,USD,success
463,2788,1,2024-03-07,2024-04-06,1,10.04,1,price_too_high,1,0,0,-4.23,-4.22,standard,USD,failed_then_recovered
464,2799,1,2025-07-08,2026-08-02,13,9.98,1,,0,0,0,129.36,123.98,standard,USD,success
465,2800,1,2025-04-07,2026-10-29,19,9.87,1,billing_issue,0,0,0,186.31,175.1,standard,USD,success
466,2802,1,2025-01-30,2025-08-28,7,12.48,1,,0,0,0,88.57,86.57,standard,USD,success
467,2814,1,2024-07-25,2024-12-22,5,10.06,1,price_too_high,0,0,0,50.74,49.92,standard,USD,success
468,2818,1,2024-01-18,2026-05-07,28,11.71,1,,0,0,0,331.44,302.45,standard,USD,success
469,2819,1,2025-02-06,,60,10.07,0,,0,0,0,604.73,497.05,standard,USD,success
470,2831,1,2024-02-29,2028-01-09,47,9.98,1,did_not_use_enough,1,0,0,454.38,389.68,standard,USD,success
471,2832,1,2025-09-03,2026-04-01,7,10.1,1,unknown,0,0,0,71.0,69.39,family,USD,success
472,2835,1,2025-03-18,2026-12-08,21,12.67,1,competing_service,0,0,0,264.39,246.85,standard,USD,success
473,2836,1,2024-01-11,2024-06-09,5,11.82,1,,0,1,0,56.25,55.34,standard,USD,success
474,2846,1,2024-07-17,2026-08-06,25,12.9,1,competing_service,0,0,0,320.96,295.78,standard,USD,success
475,2851,1,2024-04-29,2024-12-25,8,10.22,1,price_too_high,0,1,0,82.68,80.55,standard,USD,success
476,2859,1,2024-09-12,2026-08-03,23,9.8,1,did_not_use_enough,0,0,0,225.34,209.02,standard,USD,success
477,2866,1,2025-02-22,2029-06-01,52,11.96,1,price_too_high,0,0,0,617.11,520.66,student,USD,failed
478,2878,1,2024-08-30,2024-10-29,2,12.89,1,competing_service,0,0,0,28.38,28.19,family,USD,success
479,2882,1,2025-01-01,2027-11-17,35,12.74,1,,0,0,0,448.76,400.25,standard,USD,success
480,2889,1,2024-08-30,2024-09-29,1,10.13,1,price_too_high,1,1,0,-11.35,-11.32,standard,USD,success
481,2897,1,2024-10-10,2024-11-09,1,10.2,1,life_event,0,0,0,11.92,11.88,standard,USD,success
482,2898,1,2025-03-21,2027-04-10,25,10.25,1,life_event,0,1,0,256.05,235.96,standard,USD,success
483,2901,1,2025-02-21,2025-06-21,4,12.66,1,seasonal_pause,0,0,0,46.46,45.85,standard,USD,success
484,2913,1,2025-01-11,2027-05-01,28,12.84,1,competing_service,0,0,0,353.4,322.49,standard,USD,success
485,2916,1,2025-10-19,2026-06-16,8,10.09,1,billing_issue,0,0,0,80.06,77.99,standard,USD,failed_then_recovered
486,2922,1,2025-12-18,2028-03-07,27,10.17,1,life_event,0,0,1,275.53,252.26,standard,USD,success
487,2930,1,2025-03-21,2025-10-17,7,11.6,1,life_event,0,0,0,84.31,82.4,standard,USD,failed_then_recovered
488,2933,1,2025-01-31,2027-05-21,28,9.91,1,competing_service,0,0,0,277.1,252.87,standard,USD,success
489,2934,1,2024-08-11,2025-07-07,11,11.85,1,,0,0,0,131.43,126.79,standard,USD,success
490,2937,1,2024-03-02,2027-04-16,38,9.98,1,,0,0,0,380.08,335.69,standard,USD,success
491,2954,1,2025-04-21,2026-03-17,11,9.98,1,price_too_high,0,1,0,110.03,106.15,standard,USD,success
492,2958,1,2024-04-25,2025-01-20,9,10.18,1,unknown,0,0,0,90.32,87.7,standard,EUR,success
493,2960,1,2025-04-26,2027-03-17,23,11.65,1,did_not_use_enough,1,0,0,259.44,240.66,family,USD,failed
494,2969,1,2024-05-08,2025-03-04,10,12.93,1,,0,0,0,123.57,119.59,standard,USD,success
495,2975,1,2024-09-16,2028-06-27,46,11.86,1,price_too_high,0,0,0,543.07,467.26,standard,EUR,success
496,2979,1,2025-02-02,2027-09-20,32,11.69,1,price_too_high,0,0,0,374.28,337.11,standard,USD,success
497,2985,1,2025-01-01,2025-09-28,9,9.86,1,life_event,1,0,0,78.1,75.84,family,USD,success
498,2990,1,2025-07-18,,60,11.51,0,,0,0,0,694.16,570.55,standard,EUR,success
499,2991,1,2024-11-08,2027-08-25,34,11.47,1,billing_issue,0,0,0,386.76,346.08,family,USD,success
500,2993,1,2025-04-23,2025-06-22,2,10.02,1,competing_service,1,1,0,8.79,8.73,standard,EUR,success
501,3006,1,2024-10-25,2025-04-23,6,10.01,1,life_event,0,1,0,62.26,61.05,standard,USD,success
502,3029,1,2025-12-18,2026-09-14,9,11.73,1,seasonal_pause,0,0,0,108.7,105.55,standard,EUR,success
503,3032,1,2025-10-21,2027-01-14,15,12.93,1,seasonal_pause,0,0,0,196.81,187.39,standard,USD,success
504,3037,1,2024-07-01,2026-09-19,27,12.98,1,did_not_use_enough,0,0,0,345.19,316.04,standard,USD,success
505,3043,1,2025-06-07,2026-02-02,8,11.76,1,did_not_use_enough,0,1,0,101.25,98.64,standard,USD,failed_then_recovered
506,3051,1,2025-08-05,,60,11.65,0,,0,0,0,692.78,569.42,standard,USD,success
507,3052,1,2024-01-14,2026-08-01,31,12.81,1,billing_issue,0,0,0,395.31,357.22,family,EUR,success
508,3056,1,2024-03-24,2026-04-13,25,12.7,1,did_not_use_enough,0,1,0,318.94,293.92,standard,USD,success
509,3072,1,2024-05-17,,60,13.08,0,,0,0,0,779.93,641.04,student,USD,success
510,3077,1,2024-05-14,2025-04-09,11,11.55,1,did_not_use_enough,0,0,0,124.64,120.24,standard,EUR,success
511,3083,1,2024-08-28,2025-09-22,13,12.94,1,,0,0,0,163.83,157.02,standard,USD,success
512,3090,1,2024-10-19,2025-03-18,5,12.86,1,did_not_use_enough,0,0,1,61.5,60.51,standard,USD,success
513,3096,1,2024-06-01,,60,12.91,0,,1,0,0,758.84,623.71,standard,USD,success
514,3111,1,2025-03-29,2025-12-24,9,9.92,1,did_not_use_enough,0,1,0,87.01,84.49,standard,USD,success
515,3115,1,2024-07-29,2025-07-24,12,11.87,1,competing_service,0,0,0,141.78,136.32,standard,USD,success
516,3120,1,2025-07-13,2026-07-08,12,9.84,1,billing_issue,0,0,0,118.14,113.6,standard,USD,success
517,3134,1,2024-11-19,2026-01-13,14,10.02,1,,0,0,0,138.58,132.38,standard,USD,success
518,3136,1,2024-09-09,2026-01-02,16,11.82,1,unknown,0,0,0,189.93,180.25,standard,USD,success
519,3146,1,2025-05-14,,60,11.85,0,,0,0,0,708.91,582.67,standard,USD,success
520,3177,1,2025-10-20,2026-05-18,7,12.98,1,life_event,0,0,0,92.38,90.29,standard,USD,failed
521,3179,1,2025-03-30,2025-05-29,2,12.68,1,competing_service,0,0,0,25.18,25.02,standard,USD,failed
522,3180,1,2024-06-17,2027-10-30,41,11.68,1,,0,0,0,481.6,421.2,standard,USD,failed_then_recovered
523,3181,1,2024-09-13,2025-11-07,14,10.06,1,competing_service,0,0,0,144.23,137.78,standard,USD,success
524,3186,1,2024-11-30,2029-01-08,50,11.71,1,,0,2,0,583.36,495.41,standard,USD,success
525,3195,1,2025-01-03,2026-02-27,14,11.79,1,billing_issue,1,1,0,152.81,145.98,standard,USD,success
526,3206,1,2025-11-14,2030-04-22,54,10.2,1,billing_issue,0,0,0,549.15,460.3,standard,EUR,success
527,3209,1,2025-03-13,2026-07-06,16,12.97,1,did_not_use_enough,0,0,0,207.08,196.53,standard,USD,success
528,3211,1,2025-03-18,2027-09-04,30,12.93,1,,0,1,0,393.94,357.14,standard,EUR,failed_then_recovered
529,3230,1,2025-09-18,2026-08-14,11,11.5,1,,0,0,0,122.58,118.25,family,USD,success
530,3241,1,2025-09-12,2026-01-10,4,12.69,1,,0,0,0,52.51,51.83,standard,USD,success
531,3250,1,2025-04-16,2027-02-05,22,9.86,1,competing_service,1,1,0,204.76,190.56,standard,USD,success
532,3259,1,2025-09-25,2027-10-15,25,13.16,1,billing_issue,0,0,0,327.37,301.69,standard,USD,success
533,3260,1,2025-05-13,2025-10-10,5,11.63,1,billing_issue,0,0,0,59.75,58.78,family,EUR,success
534,3266,1,2025-07-07,2027-02-27,20,12.93,1,,0,0,0,256.88,240.62,standard,USD,success
535,3267,1,2024-03-11,2025-02-04,11,9.74,1,did_not_use_enough,0,0,0,109.69,105.82,standard,USD,success
536,3270,1,2024-12-23,2028-04-06,40,11.78,1,did_not_use_enough,0,0,0,477.2,418.72,student,USD,success
537,3278,1,2024-03-07,2025-01-31,11,12.6,1,price_too_high,1,0,0,120.83,116.56,standard,USD,success
538,3285,1,2024-04-01,2025-04-26,13,12.76,1,life_event,0,0,0,162.8,156.03,standard,USD,success
539,3286,1,2024-10-27,2026-11-16,25,9.98,1,,0,2,0,247.88,228.43,standard,USD,success
540,3287,1,2025-09-11,2026-04-09,7,12.72,1,unknown,0,0,0,88.21,86.21,standard,USD,success
541,3288,1,2025-12-18,2026-05-17,5,10.06,1,competing_service,0,0,0,50.04,49.23,student,USD,failed_then_recovered
542,3289,1,2024-02-17,,60,9.7,0,,0,0,0,588.69,483.86,standard,USD,success
543,3293,1,2025-07-15,2027-09-03,26,12.66,1,life_event,0,0,0,331.58,304.56,standard,USD,success
544,3302,1,2025-01-30,2027-11-16,34,12.87,1,price_too_high,0,0,0,439.58,393.35,student,USD,success
545,3313,1,2024-01-11,2027-12-21,48,12.68,1,competing_service,0,1,0,610.99,522.27,standard,USD,success
546,3324,1,2025-06-14,2026-09-07,15,10.13,1,,0,0,0,148.99,141.86,standard,USD,success
547,3331,1,2025-01-26,2025-02-25,1,11.63,1,price_too_high,0,0,0,9.54,9.51,family,USD,success
548,3336,1,2024-08-09,2026-05-31,22,9.92,1,did_not_use_enough,0,0,0,216.39,201.38,family,USD,success
549,3349,1,2024-08-20,2025-05-17,9,13.0,1,competing_service,0,0,0,116.27,112.9,family,USD,failed_then_recovered
550,3351,1,2024-06-09,,60,12.08,0,,0,0,0,726.61,597.22,standard,USD,success
551,3357,1,2025-10-19,2026-01-17,3,11.85,1,seasonal_pause,0,1,1,35.08,34.73,standard,USD,success
552,3359,1,2024-09-22,2026-07-14,22,11.94,1,competing_service,0,1,0,266.42,247.93,standard,USD,success
553,3365,1,2024-04-15,2024-09-12,5,10.16,1,life_event,0,1,0,53.5,52.63,standard,USD,success
554,3369,1,2024-10-12,,60,11.94,0,,0,0,0,717.07,589.38,standard,USD,success
555,3377,1,2024-02-12,2024-05-12,3,11.62,1,did_not_use_enough,0,0,0,31.05,30.75,standard,USD,success
556,3384,1,2024-02-24,2024-04-24,2,11.73,1,billing_issue,0,2,0,19.22,19.1,standard,USD,success
557,3387,1,2024-06-22,2024-07-22,1,11.62,1,billing_issue,0,0,0,16.03,15.97,standard,USD,success
558,3394,1,2025-06-17,2026-03-14,9,12.82,1,did_not_use_enough,1,0,0,89.96,87.36,standard,EUR,success
559,3397,1,2024-05-03,2026-05-23,25,9.85,1,,0,0,0,247.05,227.67,standard,USD,success
560,3398,1,2024-11-22,2025-01-21,2,10.06,1,billing_issue,0,0,0,19.51,19.38,student,USD,failed
561,3400,1,2024-05-11,2027-02-25,34,12.78,1,,0,0,0,432.98,387.44,family,USD,success
562,3404,1,2024-10-20,2026-11-09,25,9.83,1,life_event,0,0,0,245.23,225.99,family,USD,success
563,3405,1,2024-08-27,2024-09-26,1,11.78,1,life_event,0,0,0,9.64,9.61,student,USD,success
564,3406,1,2024-08-17,2025-09-11,13,11.78,1,,1,0,0,141.89,135.99,student,USD,success
565,3419,1,2025-02-28,2025-07-28,5,12.8,1,did_not_use_enough,0,0,0,66.66,65.58,standard,EUR,success
566,3427,1,2025-07-02,2025-09-30,3,10.06,1,,0,0,0,31.36,31.05,standard,USD,success
567,3431,1,2025-01-15,2027-09-02,32,11.47,1,did_not_use_enough,0,0,0,365.37,329.09,standard,USD,success
568,3434,1,2024-05-10,2026-01-30,21,10.09,1,did_not_use_enough,0,0,0,209.23,195.35,standard,EUR,success
569,3438,1,2024-01-21,2024-02-20,1,10.26,1,did_not_use_enough,0,0,0,6.89,6.87,standard,USD,success
570,3439,1,2024-05-26,,60,11.71,0,,0,0,0,705.55,579.91,standard,USD,success
571,3455,1,2024-07-13,2027-09-26,39,12.99,1,,0,0,0,506.04,445.48,family,USD,success
572,3462,1,2025-06-30,2026-10-23,16,9.99,1,price_too_high,0,0,0,157.22,149.21,student,USD,success
573,3467,1,2025-06-20,,60,11.71,0,,1,0,0,689.86,567.02,standard,USD,success
574,3469,1,2025-03-11,2027-11-26,33,12.87,1,life_event,0,1,0,421.86,378.73,standard,USD,success
575,3470,1,2025-05-15,2025-09-12,4,9.93,1,unknown,0,0,0,39.68,39.16,student,USD,success
576,3477,1,2025-10-08,2026-05-06,7,13.02,1,did_not_use_enough,0,1,0,89.7,87.68,standard,USD,success
577,3479,1,2024-08-07,2025-09-01,13,9.9,1,billing_issue,0,0,0,127.57,122.27,standard,USD,success
578,3481,1,2025-04-08,,60,11.96,0,,0,0,0,717.87,590.04,standard,USD,success
579,3482,1,2025-06-13,2027-02-03,20,10.01,1,seasonal_pause,1,0,0,191.64,179.52,standard,USD,success
580,3487,1,2025-09-20,,60,11.81,0,,0,0,0,712.16,585.34,standard,USD,success
581,3491,1,2025-08-30,2025-12-28,4,9.95,1,did_not_use_enough,0,0,0,39.19,38.68,standard,USD,success
582,3507,1,2024-06-30,,60,9.7,0,,0,0,0,580.03,476.74,standard,USD,success
583,3510,1,2025-06-30,,60,11.74,0,,0,0,0,704.97,579.43,standard,USD,success
584,3513,1,2025-11-21,,60,10.15,0,,0,0,0,607.38,499.22,standard,USD,success
585,3517,1,2024-04-22,2024-09-19,5,9.8,1,,0,0,0,52.72,51.87,family,USD,success
586,3523,1,2024-06-14,2025-04-10,10,11.88,1,did_not_use_enough,0,0,0,120.33,116.46,standard,USD,success
587,3525,1,2025-11-07,2026-06-05,7,12.73,1,did_not_use_enough,0,0,0,90.76,88.71,standard,USD,success
588,3526,1,2025-09-07,2025-12-06,3,10.09,1,billing_issue,0,0,0,28.23,27.95,standard,USD,success
589,3527,1,2025-10-23,2030-06-29,57,9.93,1,did_not_use_enough,0,0,0,564.2,468.3,standard,USD,success
590,3528,1,2024-12-14,,60,11.89,0,,0,1,0,709.43,583.1,standard,USD,success
591,3535,1,2024-06-24,2026-03-16,21,9.94,1,price_too_high,0,0,0,209.32,195.44,family,EUR,success
592,3538,1,2025-10-13,2030-06-19,57,9.97,1,price_too_high,0,1,0,568.42,471.8,standard,USD,failed_then_recovered
593,3545,1,2025-09-22,,60,9.8,0,,0,0,0,590.7,485.51,family,USD,failed_then_recovered
594,3547,1,2024-02-01,,60,11.46,0,,0,0,0,684.74,562.81,standard,USD,success
595,3554,1,2024-05-13,2024-12-09,7,11.62,1,,0,1,0,77.85,76.09,standard,USD,success
596,3555,1,2024-08-19,2025-03-17,7,9.96,1,competing_service,0,0,0,70.6,69.0,standard,USD,success
597,3573,1,2024-10-25,2029-06-01,56,9.61,1,life_event,0,0,0,542.09,451.42,standard,USD,success
598,3576,1,2025-11-29,2026-05-28,6,11.71,1,competing_service,0,0,0,64.71,63.46,standard,USD,success
599,3583,1,2025-06-09,2026-08-03,14,12.46,1,price_too_high,0,0,0,174.21,166.42,standard,USD,success
600,3598,1,2025-12-02,2026-09-28,10,11.91,1,competing_service,0,0,0,120.68,116.8,standard,EUR,success
601,3603,1,2025-07-26,2025-08-25,1,9.98,1,price_too_high,1,1,0,-2.45,-2.44,standard,USD,success
602,3617,1,2024-01-30,2024-03-30,2,11.72,1,did_not_use_enough,1,0,0,0.12,0.11,standard,USD,failed
603,3635,1,2024-11-04,2025-07-02,8,12.83,1,seasonal_pause,0,0,0,99.82,97.25,standard,EUR,success
604,3638,1,2024-05-11,2024-10-08,5,9.88,1,did_not_use_enough,0,0,0,47.12,46.36,standard,USD,success
605,3639,1,2024-03-23,2025-11-13,20,12.74,1,life_event,0,0,0,253.57,237.53,family,EUR,success
606,3642,1,2025-11-30,2027-04-24,17,12.82,1,billing_issue,0,0,0,217.01,205.28,standard,USD,success
607,3643,1,2024-08-30,2025-03-28,7,10.05,1,did_not_use_enough,0,1,0,65.53,64.05,standard,USD,success
608,3646,1,2024-04-20,2024-08-18,4,12.05,1,,0,0,0,51.71,51.04,family,EUR,success
609,3654,1,2024-12-03,2027-05-22,30,11.84,1,price_too_high,0,0,0,352.42,319.5,standard,USD,success
610,3658,1,2024-06-12,2027-09-25,40,10.04,1,did_not_use_enough,1,0,0,390.03,342.23,standard,USD,failed
611,3671,1,2025-10-19,2026-04-17,6,9.98,1,seasonal_pause,0,0,0,57.98,56.85,standard,USD,success
612,3672,1,2024-05-28,2025-04-23,11,12.79,1,life_event,0,0,0,139.26,134.34,standard,USD,success
613,3686,1,2025-03-09,2027-03-29,25,9.96,1,billing_issue,0,0,0,1732.92,1667.53,standard,USD,success
614,3693,1,2025-10-21,2026-04-19,6,10.02,1,,0,0,0,63.95,62.71,standard,USD,success
615,3696,1,2024-03-10,2027-10-21,44,12.79,1,price_too_high,0,0,0,569.05,492.82,family,EUR,success
616,3698,1,2025-11-03,2026-02-01,3,9.89,1,did_not_use_enough,0,0,0,30.23,29.94,standard,USD,success
617,3702,1,2025-06-30,2026-05-26,11,11.79,1,did_not_use_enough,0,0,0,132.82,128.13,standard,USD,success
618,3704,1,2024-04-16,,60,12.89,0,,0,0,0,773.47,635.73,standard,USD,success
619,3707,1,2025-02-09,2025-11-06,9,10.03,1,billing_issue,0,0,0,87.21,84.68,student,USD,success
620,3720,1,2024-11-03,2027-04-22,30,9.99,1,did_not_use_enough,0,0,0,308.56,279.74,standard,USD,success
621,3752,1,2025-07-16,,60,13.11,0,,0,0,0,793.44,652.15,standard,USD,success
622,3756,1,2024-11-26,2026-08-18,21,11.83,1,did_not_use_enough,0,2,0,243.1,226.97,standard,USD,success
623,3759,1,2025-09-03,,60,12.86,0,,0,0,0,772.69,635.1,standard,USD,success
624,3760,1,2025-01-25,2025-10-22,9,11.71,1,price_too_high,0,1,0,104.37,101.34,student,USD,success
625,3766,1,2024-11-23,2025-01-22,2,10.13,1,did_not_use_enough,0,1,0,22.99,22.84,standard,USD,failed
626,3768,1,2025-06-22,2026-02-17,8,11.79,1,billing_issue,0,0,0,100.73,98.13,standard,USD,success
627,3770,1,2024-01-13,2024-03-13,2,11.91,1,did_not_use_enough,0,0,0,25.73,25.57,family,USD,success
628,3774,1,2025-05-31,2027-02-20,21,13.08,1,life_event,0,1,0,279.53,260.99,standard,USD,success
629,3776,1,2025-12-09,2026-10-05,10,12.63,1,seasonal_pause,0,1,0,128.57,124.43,family,USD,success
630,3780,1,2024-04-05,2025-05-30,14,11.82,1,competing_service,0,1,0,162.86,155.58,standard,USD,success
631,3790,1,2025-02-28,2025-04-29,2,9.82,1,did_not_use_enough,0,0,0,18.12,18.0,standard,USD,success
632,3799,1,2025-05-13,2026-09-05,16,12.84,1,seasonal_pause,0,0,0,205.71,195.23,standard,USD,success
633,3801,1,2024-08-02,2024-09-01,1,11.69,1,competing_service,0,1,0,14.43,14.39,standard,USD,failed_then_recovered
634,3803,1,2025-07-11,2026-02-06,7,11.77,1,billing_issue,1,0,0,71.38,69.77,family,USD,success
635,3823,1,2024-12-17,2028-07-29,44,11.71,1,unknown,0,0,0,519.83,450.2,standard,USD,success
636,3833,1,2024-07-28,2025-05-24,10,12.88,1,price_too_high,0,0,0,132.55,128.29,student,USD,success
637,3844,1,2024-05-25,2025-04-20,11,10.01,1,seasonal_pause,0,1,0,108.88,105.04,standard,USD,success
638,3847,1,2024-03-20,2025-03-15,12,11.7,1,seasonal_pause,0,0,0,143.3,137.78,standard,USD,success
639,3848,1,2025-10-25,,60,12.85,0,,0,0,0,773.99,636.17,standard,USD,success
640,3858,1,2025-07-30,2027-01-21,18,11.71,1,price_too_high,0,0,0,211.82,199.72,standard,USD,success
641,3868,1,2025-05-27,2026-06-21,13,12.71,1,price_too_high,0,0,0,164.15,157.32,standard,USD,success
642,3871,1,2025-08-16,2028-12-28,41,10.1,1,competing_service,0,0,0,411.3,359.71,family,EUR,success
643,3882,1,2024-07-22,2027-01-08,30,12.91,1,,0,0,0,382.04,346.36,standard,USD,success
644,3889,1,2024-02-01,2024-12-27,11,12.83,1,life_event,0,0,0,138.49,133.6,standard,EUR,success
645,3895,1,2024-11-29,,60,10.0,0,,0,0,0,599.05,492.37,standard,USD,success
646,3896,1,2025-02-04,2025-12-01,10,11.76,1,did_not_use_enough,0,0,0,119.43,115.58,standard,USD,success
647,3908,1,2025-02-13,2025-11-10,9,10.11,1,price_too_high,0,0,0,91.51,88.86,standard,USD,success
648,3919,1,2025-11-13,2026-02-11,3,12.57,1,seasonal_pause,0,0,0,35.26,34.92,standard,USD,success
649,3923,1,2025-06-27,2026-10-20,16,12.88,1,did_not_use_enough,0,0,0,207.77,197.19,family,USD,success
650,3931,1,2025-11-23,2026-01-22,2,10.07,1,,0,0,0,22.21,22.07,standard,USD,success
651,3934,1,2024-11-25,2027-02-13,27,10.06,1,did_not_use_enough,0,1,0,272.12,249.14,standard,USD,success
652,3947,1,2025-01-04,2027-12-20,36,10.33,1,did_not_use_enough,0,0,0,368.04,327.18,standard,USD,success
653,3952,1,2025-07-05,2029-03-16,45,11.51,1,life_event,0,0,0,519.98,448.86,standard,EUR,success
654,3960,1,2025-04-19,2029-09-25,54,12.79,1,did_not_use_enough,0,0,0,689.41,577.86,standard,USD,success
655,3961,1,2025-08-29,,60,11.65,0,,1,0,0,679.7,558.66,family,USD,success
656,3963,1,2025-06-30,2025-11-27,5,11.86,1,seasonal_pause,0,0,0,57.79,56.85,family,USD,success
657,3966,1,2024-08-28,,60,10.03,0,,0,0,0,599.43,492.68,standard,USD,success
658,3972,1,2024-02-01,2024-05-01,3,11.66,1,did_not_use_enough,0,0,0,34.52,34.18,standard,USD,success
659,3986,1,2024-06-18,2026-07-08,25,9.94,1,,0,0,0,248.82,229.3,standard,USD,failed
660,3994,1,2024-10-27,2025-03-26,5,9.92,1,,0,0,0,52.0,51.15,student,USD,success
661,3995,1,2024-04-17,,60,9.88,0,,0,0,0,597.4,491.02,standard,USD,failed_then_recovered
662,3999,1,2024-12-13,2026-09-04,21,13.22,1,competing_service,1,0,0,262.28,244.89,student,USD,success
663,4017,1,2024-01-17,2026-02-05,25,13.01,1,unknown,0,0,0,330.04,304.14,standard,USD,success
664,4031,1,2024-06-07,2025-09-30,16,11.61,1,billing_issue,0,1,0,190.57,180.86,standard,USD,success
665,4040,1,2025-08-05,2025-11-03,3,11.85,1,competing_service,0,0,0,36.65,36.29,family,EUR,success
666,4043,1,2024-11-12,2025-06-10,7,9.99,1,billing_issue,0,0,0,66.47,64.97,standard,USD,success
667,4056,1,2024-06-13,2024-09-11,3,11.62,1,price_too_high,0,0,0,36.88,36.52,standard,USD,success
668,4063,1,2025-09-08,,60,9.98,0,,0,0,0,597.72,491.29,standard,USD,success
669,4069,1,2025-04-02,,60,12.72,0,,0,0,0,765.29,629.01,standard,USD,success
670,4083,1,2024-10-12,,60,11.59,0,,0,0,0,692.86,569.48,standard,USD,success
671,4084,1,2024-11-18,2025-12-13,13,9.83,1,unknown,0,0,0,125.03,119.83,standard,USD,success
672,4095,1,2024-11-22,2025-01-21,2,11.85,1,seasonal_pause,0,0,0,25.07,24.91,standard,EUR,success
673,4103,1,2024-12-25,,60,9.92,0,,0,0,0,601.61,494.48,standard,EUR,success
674,4122,1,2025-03-28,2025-04-27,1,12.75,1,competing_service,0,0,0,10.94,10.91,standard,USD,failed_then_recovered
675,4133,1,2025-04-30,,60,11.36,0,,0,0,0,677.37,556.75,standard,USD,success
676,4137,1,2025-08-11,2027-06-02,22,11.72,1,did_not_use_enough,0,0,0,256.76,238.95,standard,USD,failed_then_recovered
677,4139,1,2025-05-03,2025-11-29,7,11.66,1,did_not_use_enough,0,0,0,83.21,81.32,family,USD,success
678,4149,1,2024-09-07,2024-12-06,3,9.95,1,,0,0,0,34.08,33.74,standard,USD,success
679,4150,1,2024-02-01,2024-04-01,2,9.75,1,did_not_use_enough,0,0,0,20.76,20.62,standard,USD,success
680,4152,1,2024-06-26,2024-12-23,6,10.05,1,price_too_high,0,0,0,61.6,60.4,standard,USD,success
681,4189,1,2025-10-25,2026-09-20,11,12.8,1,seasonal_pause,0,0,0,140.52,135.55,standard,EUR,failed
682,4202,1,2024-12-11,,60,12.46,0,,0,0,0,745.85,613.04,family,USD,success
683,4207,1,2025-04-06,2026-04-01,12,11.53,1,,0,0,0,135.36,130.16,standard,USD,success
684,4215,1,2025-01-19,2029-04-28,52,10.04,1,,0,0,0,522.93,441.2,standard,USD,success
685,4218,1,2024-10-21,2026-10-11,24,12.85,1,did_not_use_enough,0,1,0,307.11,283.94,standard,USD,success
686,4219,1,2024-02-03,2026-12-19,35,9.91,1,did_not_use_enough,1,0,0,334.19,298.06,student,USD,success
687,4224,1,2025-12-28,,60,13.38,0,,0,0,0,804.05,660.87,family,EUR,failed_then_recovered
688,4226,1,2024-09-28,2027-10-13,37,12.87,1,billing_issue,0,0,0,476.17,421.94,standard,USD,success
689,4229,1,2024-01-26,2024-08-23,7,12.58,1,did_not_use_enough,0,0,0,84.81,82.89,family,USD,success
690,4234,1,2025-04-14,2025-05-14,1,11.58,1,,0,0,0,12.15,12.11,standard,USD,success
691,4245,1,2025-05-14,2026-06-08,13,10.06,1,seasonal_pause,0,0,0,125.76,120.53,standard,EUR,success
692,4272,1,2025-04-07,2026-07-01,15,10.07,1,,1,0,0,129.14,122.96,family,USD,success
693,4285,1,2025-07-07,2030-02-11,56,13.08,1,did_not_use_enough,0,0,0,727.67,605.97,standard,USD,success
694,4288,1,2025-01-31,2025-05-01,3,11.55,1,,0,0,0,37.29,36.93,standard,USD,success
695,4291,1,2024-07-02,2026-06-22,24,9.97,1,,0,1,0,237.3,219.4,standard,USD,success
696,4297,1,2024-06-12,2026-02-02,20,10.01,1,did_not_use_enough,0,0,0,202.77,189.94,family,USD,success
697,4304,1,2024-05-12,2025-01-07,8,10.12,1,did_not_use_enough,0,0,0,79.93,77.87,standard,USD,success
698,4309,1,2024-11-29,2027-10-15,35,9.78,1,did_not_use_enough,0,0,0,345.79,308.42,standard,USD,success
699,4348,1,2024-03-20,2024-06-18,3,11.5,1,billing_issue,0,1,0,40.01,39.62,standard,EUR,success
700,4360,1,2024-12-23,2026-11-13,23,11.55,1,billing_issue,0,0,0,261.22,242.3,standard,USD,success
701,4369,1,2025-11-08,2026-06-06,7,11.74,1,price_too_high,0,0,0,79.61,77.81,standard,USD,success
702,4371,1,2025-02-02,2025-06-02,4,9.89,1,did_not_use_enough,0,0,0,39.34,38.83,standard,USD,failed
703,4373,1,2024-01-14,2025-03-09,14,12.55,1,billing_issue,0,0,0,177.87,169.92,standard,USD,success
704,4376,1,2024-07-22,2029-01-27,55,11.7,1,,0,1,0,641.44,535.9,standard,USD,success
705,4377,1,2024-04-27,2026-04-17,24,12.44,1,did_not_use_enough,0,1,0,297.98,275.5,standard,USD,success
706,4388,1,2025-09-08,2026-08-04,11,10.14,1,seasonal_pause,0,0,0,114.81,110.76,family,USD,success
707,4390,1,2025-09-07,,60,11.84,0,,0,0,0,712.06,585.26,standard,USD,success
708,4391,1,2024-05-10,2024-07-09,2,11.83,1,life_event,0,0,0,18.91,18.79,standard,USD,success
709,4407,1,2024-08-27,2024-09-26,1,12.91,1,price_too_high,0,0,0,6.22,6.2,standard,USD,success
710,4416,1,2024-02-02,2028-03-12,50,11.88,1,price_too_high,0,0,0,594.93,505.23,standard,USD,failed
711,4421,1,2025-03-01,2027-04-20,26,11.74,1,price_too_high,0,0,0,311.7,286.3,standard,USD,success
712,4423,1,2024-07-26,2025-05-22,10,13.19,1,,0,0,0,129.48,125.32,standard,USD,success
713,4428,1,2025-03-24,,60,11.93,0,,0,0,0,721.83,593.29,standard,USD,failed_then_recovered
714,4431,1,2025-04-30,,60,10.05,0,,0,0,0,604.43,496.8,standard,USD,success
715,4439,1,2025-02-23,2027-06-13,28,11.48,1,,0,0,0,320.56,292.53,standard,USD,success
716,4451,1,2024-07-23,2025-12-15,17,13.23,1,unknown,0,0,0,225.89,213.68,student,USD,success
717,4454,1,2025-04-14,2025-07-13,3,12.5,1,seasonal_pause,0,0,0,34.44,34.1,family,USD,success
718,4462,1,2025-03-29,2025-07-27,4,12.93,1,,0,0,0,52.25,51.58,standard,USD,success
719,4463,1,2024-06-27,2025-05-23,11,12.87,1,billing_issue,0,0,0,143.53,138.46,standard,USD,success
720,4467,1,2025-12-29,2026-09-25,9,11.52,1,,0,0,0,102.05,99.1,standard,USD,failed
721,4470,1,2024-12-08,2028-09-18,46,11.94,1,did_not_use_enough,0,0,0,548.56,471.98,family,EUR,failed_then_recovered
722,4472,1,2025-01-19,,60,12.8,0,,0,0,0,764.57,628.42,standard,USD,success
723,4474,1,2025-08-07,2026-01-04,5,10.1,1,did_not_use_enough,1,0,0,40.72,40.06,standard,USD,success
724,4475,1,2024-07-10,2028-03-21,45,11.83,1,price_too_high,0,1,0,536.35,462.99,student,USD,success
725,4480,1,2025-12-14,2029-01-27,38,11.83,1,did_not_use_enough,0,0,0,447.19,394.96,student,USD,success
726,4483,1,2025-09-17,2027-11-06,26,11.89,1,price_too_high,0,0,0,305.08,280.23,family,USD,success
727,4488,1,2025-01-18,2026-11-09,22,11.9,1,did_not_use_enough,0,0,0,262.76,244.53,standard,USD,success
728,4489,1,2025-03-19,,60,12.67,0,,0,1,0,753.01,618.92,standard,USD,success
729,4517,1,2025-07-20,2027-02-10,19,12.87,1,price_too_high,0,0,0,246.08,231.26,standard,USD,success
730,4520,1,2025-03-10,2028-05-23,39,9.96,1,price_too_high,0,1,0,386.91,340.61,standard,USD,success
731,4525,1,2025-03-23,2025-05-22,2,9.9,1,life_event,1,0,0,9.95,9.88,standard,USD,success
732,4528,1,2025-04-04,2025-10-31,7,13.08,1,did_not_use_enough,0,0,0,88.15,86.16,family,USD,success
733,4531,1,2025-11-02,2030-05-10,55,11.74,1,unknown,0,0,0,646.54,540.16,family,USD,success
734,4532,1,2024-11-09,2025-08-06,9,10.19,1,unknown,0,0,0,95.79,93.01,standard,USD,success
735,4535,1,2024-10-30,2025-02-27,4,10.14,1,,0,0,0,37.41,36.92,student,USD,failed_then_recovered
736,4543,1,2025-05-25,2025-09-22,4,10.13,1,did_not_use_enough,0,0,0,43.54,42.98,standard,USD,success
737,4554,1,2025-01-02,2026-06-26,18,11.41,1,billing_issue,0,0,0,204.64,192.95,standard,USD,success
738,4557,1,2024-02-06,2024-08-04,6,12.88,1,,0,0,0,73.4,71.97,standard,EUR,success
739,4559,1,2025-06-02,2025-12-29,7,10.11,1,,0,1,0,69.37,67.8,standard,USD,failed
740,4563,1,2025-12-12,2026-03-12,3,10.11,1,competing_service,0,0,0,31.3,30.99,student,USD,failed
741,4610,1,2024-07-11,2025-11-03,16,12.94,1,did_not_use_enough,0,1,0,208.47,197.85,standard,USD,success
742,4617,1,2025-11-04,2027-06-27,20,11.66,1,competing_service,0,0,0,236.06,221.13,standard,USD,success
743,4622,1,2024-03-08,,60,13.15,0,,0,1,0,787.47,647.25,standard,USD,success
744,4628,1,2025-08-23,2027-07-14,23,12.1,1,billing_issue,0,0,0,269.05,249.57,standard,USD,failed_then_recovered
745,4634,1,2024-08-08,2025-10-02,14,9.99,1,did_not_use_enough,0,0,0,141.85,135.5,family,USD,success
746,4648,1,2025-09-05,2026-06-02,9,9.93,1,life_event,0,0,0,88.89,86.32,standard,USD,success
747,4649,1,2024-01-09,2025-03-04,14,11.7,1,,0,1,0,164.98,157.61,standard,USD,success
748,4652,1,2024-05-26,2024-06-25,1,12.85,1,did_not_use_enough,0,0,0,15.82,15.77,standard,EUR,success
749,4653,1,2024-12-21,2026-07-14,19,12.65,1,price_too_high,0,0,0,242.01,227.44,standard,EUR,success
750,4657,1,2025-07-22,2025-08-21,1,12.1,1,,0,0,0,12.31,12.27,family,USD,success
751,4663,1,2025-04-10,,60,9.93,0,,0,1,0,594.43,488.58,standard,USD,success
752,4672,1,2024-11-29,2028-10-09,47,9.92,1,did_not_use_enough,0,0,0,471.01,403.94,standard,USD,success
753,4678,1,2025-06-15,2025-08-14,2,11.51,1,,0,0,0,19.85,19.72,standard,USD,failed
754,4685,1,2024-10-18,2025-03-17,5,11.75,1,life_event,0,1,0,58.55,57.6,family,USD,success
755,4686,1,2024-06-30,2024-07-30,1,11.81,1,,0,0,0,17.34,17.29,standard,USD,failed_then_recovered
756,4692,1,2024-12-24,2025-05-23,5,10.01,1,did_not_use_enough,0,1,0,49.17,48.37,standard,USD,success
757,4696,1,2025-01-30,2028-11-10,46,11.91,1,did_not_use_enough,0,0,1,544.52,468.51,standard,USD,success
758,4697,1,2025-03-02,2026-01-26,11,11.8,1,did_not_use_enough,0,1,0,129.36,124.79,student,USD,success
759,4699,1,2025-05-12,2029-02-20,46,9.93,1,unknown,0,0,0,453.02,389.78,standard,USD,success
760,4707,1,2024-09-23,2026-04-16,19,12.76,1,,0,0,0,243.06,228.42,standard,USD,failed_then_recovered
761,4712,1,2024-05-20,2024-09-17,4,11.96,1,did_not_use_enough,0,0,0,50.63,49.97,standard,EUR,success
762,4721,1,2025-08-17,2030-02-22,55,12.0,1,did_not_use_enough,0,0,0,657.63,549.43,standard,USD,success
763,4722,1,2025-06-11,2025-08-10,2,11.69,1,competing_service,0,0,0,25.62,25.46,family,USD,success
764,4725,1,2024-07-15,2024-10-13,3,11.52,1,price_too_high,0,0,0,31.88,31.57,standard,USD,success
765,4753,1,2025-09-17,2025-12-16,3,9.98,1,price_too_high,0,0,0,35.96,35.61,family,USD,success
766,4754,1,2025-09-15,2025-10-15,1,12.78,1,,0,0,0,16.26,16.21,standard,USD,success
767,4757,1,2025-08-27,2026-08-22,12,11.84,1,,0,0,0,137.04,131.77,standard,USD,success
768,4768,1,2024-11-22,2026-12-12,25,9.8,1,competing_service,0,1,0,242.23,223.22,standard,USD,success
769,4770,1,2024-07-21,2025-10-14,15,10.06,1,competing_service,0,1,0,150.78,143.56,standard,USD,success
770,4780,1,2025-10-27,2027-04-20,18,9.99,1,did_not_use_enough,0,0,0,173.93,164.0,standard,USD,success
771,4781,1,2025-01-23,2025-09-20,8,12.98,1,billing_issue,0,1,0,104.94,102.23,standard,USD,success
772,4785,1,2025-01-23,2027-01-13,24,9.93,1,billing_issue,0,0,0,239.18,221.13,standard,USD,success
773,4786,1,2024-04-14,2024-09-11,5,12.68,1,billing_issue,0,0,0,64.45,63.4,standard,USD,success
774,4788,1,2024-02-27,,60,11.76,0,,0,0,0,702.59,577.47,student,USD,success
775,4789,1,2025-10-15,2026-05-13,7,12.88,1,did_not_use_enough,0,0,0,93.0,90.89,standard,EUR,success
776,4797,1,2025-01-17,2029-01-26,49,11.6,1,,1,0,0,553.17,471.31,standard,EUR,failed_then_recovered
777,4802,1,2024-07-06,2024-11-03,4,9.9,1,unknown,0,0,0,44.01,43.44,standard,USD,success
778,4807,1,2025-10-20,2027-08-11,22,10.04,1,,0,0,0,219.77,204.52,standard,USD,success
779,4824,1,2025-11-01,,60,12.83,0,,0,0,0,773.48,635.74,family,EUR,success
780,4825,1,2024-08-25,2025-05-22,9,12.93,1,life_event,0,0,0,116.93,113.54,student,EUR,success
781,4838,1,2024-08-28,2025-09-22,13,10.05,1,price_too_high,0,0,0,128.96,123.59,standard,USD,success
782,4843,1,2025-10-08,2030-07-14,58,12.88,1,unknown,0,0,0,750.43,620.84,family,USD,success
783,4860,1,2025-03-22,2027-01-11,22,9.88,1,did_not_use_enough,0,0,0,215.44,200.49,standard,USD,success
784,4865,1,2024-08-24,2025-08-19,12,12.96,1,seasonal_pause,1,0,0,130.08,125.08,standard,USD,failed_then_recovered
785,4866,1,2025-08-04,2025-10-03,2,11.7,1,,0,0,0,23.2,23.05,standard,USD,success
786,4892,1,2025-06-10,2029-01-20,44,11.82,1,did_not_use_enough,1,0,0,512.05,443.46,standard,USD,success
787,4896,1,2025-10-25,,60,11.98,0,,0,0,0,718.03,590.17,standard,USD,success
788,4903,1,2025-12-14,2026-07-12,7,10.05,1,price_too_high,0,1,0,73.33,71.67,standard,USD,success
789,4904,1,2025-07-27,2025-09-25,2,9.91,1,,0,1,0,18.56,18.44,standard,USD,success
790,4914,1,2025-05-25,2028-12-05,43,10.19,1,,1,1,0,429.22,372.94,standard,EUR,success
791,4920,1,2024-04-24,,60,10.0,0,,0,0,0,597.96,491.48,standard,USD,failed_then_recovered
792,4922,1,2024-12-27,2025-02-25,2,9.78,1,billing_issue,0,1,0,16.14,16.03,standard,USD,success
793,4930,1,2024-08-17,2028-01-29,42,11.66,1,billing_issue,0,0,0,482.07,420.23,student,USD,success
794,4950,1,2024-11-05,2026-11-25,25,9.96,1,,0,0,0,246.27,226.94,standard,USD,failed_then_recovered
795,4954,1,2024-05-10,2026-03-31,23,12.49,1,did_not_use_enough,0,0,0,287.54,266.72,family,USD,success
796,4967,1,2025-07-18,2028-06-02,35,11.84,1,competing_service,0,0,0,410.41,366.05,family,USD,success
797,4971,1,2025-04-13,2026-05-08,13,12.61,1,did_not_use_enough,0,2,0,159.34,152.71,standard,USD,failed_then_recovered
798,4976,1,2025-04-24,2027-06-13,26,12.84,1,did_not_use_enough,0,0,0,329.51,302.66,standard,EUR,failed_then_recovered
799,4981,1,2025-11-17,2027-09-08,22,12.4,1,did_not_use_enough,0,1,0,271.44,252.61,family,USD,failed_then_recovered
800,4989,1,2025-06-05,2026-11-27,18,12.73,1,,0,0,0,223.87,211.08,family,USD,success
801,4994,1,2025-06-05,2029-07-14,50,9.96,1,did_not_use_enough,0,0,0,498.34,423.21,standard,EUR,success
802,5004,1,2024-01-21,2025-08-13,19,13.15,1,did_not_use_enough,0,0,0,255.81,240.41,standard,USD,success
803,5005,1,2025-04-15,2027-08-03,28,11.84,1,,0,0,0,329.89,301.04,standard,USD,success
804,5008,1,2024-12-09,,60,11.79,0,,0,0,0,708.2,582.09,standard,USD,success
805,5011,1,2024-08-11,,60,13.17,0,,0,0,0,794.08,652.68,family,EUR,success
806,5017,1,2025-08-12,,60,13.08,0,,0,0,0,787.91,647.6,standard,USD,success
807,5021,1,2024-02-24,2025-10-16,20,13.34,1,competing_service,0,0,0,267.22,250.31,standard,USD,success
808,5026,1,2024-08-07,2025-10-31,15,11.79,1,did_not_use_enough,0,0,0,175.43,167.04,standard,USD,success
809,5027,1,2025-02-04,,60,11.58,0,,0,0,0,691.68,568.51,standard,USD,failed
810,5028,1,2024-02-05,2025-12-26,23,9.82,1,billing_issue,0,0,0,228.89,212.31,standard,USD,success
811,5030,1,2024-06-27,2025-03-24,9,11.88,1,,0,0,0,102.72,99.74,standard,USD,success
812,5038,1,2025-03-22,2026-02-15,11,10.25,1,did_not_use_enough,0,0,0,110.69,106.78,standard,USD,success
813,5039,1,2024-09-08,,60,11.66,0,,0,0,0,698.85,574.4,standard,USD,success
814,5042,1,2025-03-15,2025-10-11,7,11.71,1,life_event,0,0,0,81.66,79.81,standard,USD,success
815,5043,1,2024-06-24,,60,12.82,0,,0,0,0,766.37,629.9,standard,EUR,failed
816,5054,1,2025-11-13,2027-01-07,14,9.93,1,did_not_use_enough,1,1,0,124.13,118.58,standard,USD,success
817,5059,1,2025-12-03,2027-11-23,24,9.73,1,billing_issue,0,0,0,237.61,219.69,standard,USD,success
818,5065,1,2024-12-12,2028-11-21,48,10.29,1,billing_issue,0,0,0,495.49,423.55,standard,USD,success
819,5067,1,2024-03-19,2024-07-17,4,13.16,1,did_not_use_enough,0,0,0,54.3,53.59,standard,USD,success
820,5072,1,2025-10-19,2026-06-16,8,11.56,1,did_not_use_enough,0,0,0,90.46,88.13,standard,USD,success
821,5074,1,2025-06-16,2026-06-11,12,12.92,1,,0,0,0,155.7,149.71,family,USD,success
822,5085,1,2024-07-10,2025-01-06,6,9.87,1,price_too_high,1,0,0,44.0,43.15,family,USD,success
823,5087,1,2025-07-07,2026-08-01,13,11.79,1,did_not_use_enough,0,1,0,153.31,146.94,standard,USD,success
824,5090,1,2024-02-06,2024-06-05,4,11.57,1,did_not_use_enough,0,0,0,44.09,43.52,standard,USD,failed
825,5094,1,2024-06-10,2024-12-07,6,12.81,1,did_not_use_enough,0,0,0,78.05,76.54,standard,USD,success
826,5099,1,2024-04-22,2025-04-17,12,12.87,1,seasonal_pause,0,0,0,152.28,146.43,standard,USD,success
827,5106,1,2025-05-08,2026-09-30,17,9.99,1,did_not_use_enough,0,1,0,167.77,158.7,family,USD,success
828,5114,1,2024-03-16,,60,13.06,0,,0,0,0,786.04,646.07,standard,USD,success
829,5121,1,2025-09-02,2026-01-30,5,9.8,1,billing_issue,0,0,0,46.38,45.63,standard,USD,success
830,5130,1,2024-05-30,2027-02-14,33,10.0,1,price_too_high,0,1,0,331.22,297.36,standard,USD,success
831,5135,1,2024-07-19,2025-09-12,14,12.6,1,did_not_use_enough,1,0,0,162.01,154.77,standard,USD,success
832,5149,1,2025-07-07,,60,13.42,0,,0,0,0,808.38,664.43,standard,USD,failed_then_recovered
833,5150,1,2025-02-09,2025-07-09,5,12.59,1,did_not_use_enough,0,0,0,58.06,57.12,family,USD,success
834,5153,1,2024-09-20,2025-04-18,7,12.9,1,,0,0,0,89.95,87.92,standard,USD,success
835,5163,1,2024-03-09,2024-04-08,1,10.07,1,competing_service,0,0,0,11.84,11.81,standard,USD,success
836,5165,1,2024-01-04,2026-12-19,36,11.69,1,life_event,0,0,0,419.6,373.02,standard,USD,success
837,5169,1,2025-10-31,2027-01-24,15,11.36,1,,0,0,0,170.22,162.07,standard,USD,success
838,5176,1,2024-03-21,2025-07-14,16,11.68,1,,0,0,0,183.83,174.46,standard,USD,success
839,5181,1,2024-09-23,2027-11-07,38,12.94,1,,0,0,0,485.61,428.89,family,USD,success
840,5186,1,2024-03-14,2024-04-13,1,9.98,1,seasonal_pause,0,0,0,4.23,4.22,standard,USD,success
841,5189,1,2025-07-17,2025-08-16,1,12.05,1,did_not_use_enough,0,0,0,8.8,8.77,standard,USD,success
842,5202,1,2025-11-18,2026-06-16,7,12.68,1,did_not_use_enough,0,0,0,86.12,84.17,standard,USD,success
843,5210,1,2025-02-01,,60,11.67,0,,0,0,0,699.06,574.58,standard,USD,success
844,5215,1,2024-02-10,2024-04-10,2,10.06,1,competing_service,0,0,0,19.79,19.66,standard,USD,success
845,5234,1,2024-01-07,2027-05-21,41,11.85,1,did_not_use_enough,0,0,0,488.2,426.97,standard,USD,success
846,5238,1,2025-06-05,2025-12-02,6,12.71,1,price_too_high,0,0,0,80.2,78.64,standard,USD,success
847,5240,1,2025-11-05,2028-10-20,36,12.71,1,billing_issue,1,0,0,448.27,398.51,standard,USD,success
848,5262,1,2025-02-18,2025-06-18,4,12.74,1,,0,0,0,53.13,52.44,standard,USD,success
849,5265,1,2025-03-03,,60,11.34,0,,0,0,0,682.98,561.36,standard,USD,success
850,5266,1,2025-03-23,,60,10.01,0,,0,0,0,600.19,493.32,standard,USD,success
851,5272,1,2024-07-16,2025-02-11,7,9.99,1,did_not_use_enough,0,0,0,74.51,72.83,standard,USD,success
852,5273,1,2025-09-22,2026-12-16,15,12.08,1,price_too_high,0,0,0,185.06,176.2,standard,USD,success
853,5278,1,2024-12-14,2025-06-12,6,12.96,1,,0,0,0,79.12,77.58,standard,EUR,success
854,5283,1,2025-07-27,2029-10-04,51,10.03,1,,0,0,0,512.5,433.81,standard,USD,failed_then_recovered
855,5290,1,2025-11-08,2027-07-31,21,9.85,1,price_too_high,0,0,0,206.87,193.15,standard,USD,success
856,5297,1,2024-04-25,2028-10-31,55,10.0,1,price_too_high,0,0,0,547.36,457.3,standard,USD,success
857,5302,1,2025-03-17,,60,9.96,0,,0,0,0,597.34,490.97,standard,USD,success
858,5308,1,2025-03-13,,60,11.79,0,,0,1,0,712.49,585.62,standard,USD,success
859,5317,1,2025-05-19,2025-08-17,3,12.87,1,,0,0,0,41.46,41.06,standard,USD,success
860,5327,1,2025-07-08,2029-01-18,43,10.06,1,price_too_high,0,0,0,434.76,377.76,standard,USD,success
861,5336,1,2025-03-31,2025-05-30,2,11.93,1,did_not_use_enough,0,0,0,24.38,24.23,student,USD,success
862,5338,1,2024-05-05,2027-08-18,40,11.81,1,did_not_use_enough,0,0,0,469.76,412.19,standard,USD,failed_then_recovered
863,5344,1,2024-03-21,,60,11.73,0,,0,1,0,700.51,575.76,standard,USD,success
864,5345,1,2024-01-25,2024-04-24,3,10.01,1,price_too_high,0,0,0,27.19,26.93,family,USD,failed_then_recovered
865,5355,1,2025-04-05,2026-08-28,17,12.67,1,billing_issue,0,1,0,212.25,200.78,standard,USD,success
866,5368,1,2025-09-28,2026-12-22,15,11.68,1,life_event,0,0,0,172.52,164.27,standard,USD,success
867,5396,1,2025-08-17,,60,12.0,0,,0,0,0,718.81,590.81,standard,USD,success
868,5402,1,2024-01-25,2024-02-24,1,12.7,1,,1,0,0,-0.94,-0.94,standard,USD,success
869,5403,1,2025-04-18,2025-09-15,5,11.85,1,,0,0,0,58.45,57.5,standard,USD,success
870,5423,1,2025-01-26,2025-10-23,9,13.15,1,billing_issue,0,0,0,122.66,119.1,standard,USD,success
871,5426,1,2025-02-13,2025-10-11,8,11.57,1,unknown,0,0,0,97.02,94.51,standard,USD,success
872,5427,1,2025-11-20,2026-06-18,7,13.03,1,,0,0,0,90.0,87.97,standard,USD,success
873,5430,1,2024-08-24,2025-03-22,7,11.88,1,did_not_use_enough,1,0,0,65.11,63.64,standard,USD,success
874,5437,1,2025-07-15,2028-12-26,42,12.01,1,competing_service,0,0,0,500.72,436.5,standard,USD,success
875,5438,1,2025-10-08,2029-04-20,43,12.18,1,did_not_use_enough,0,0,0,521.59,453.2,family,EUR,success
876,5444,1,2025-08-20,2027-08-10,24,11.77,1,price_too_high,0,0,0,271.4,250.93,standard,USD,success
877,5448,1,2025-05-30,2028-01-15,32,11.73,1,,0,0,0,379.93,342.2,standard,USD,success
878,5453,1,2024-09-16,2024-10-16,1,11.75,1,,0,0,0,8.68,8.65,standard,USD,success
879,5455,1,2024-09-27,,60,11.93,0,,0,0,0,715.63,588.2,standard,USD,success
880,5456,1,2024-06-04,2026-02-24,21,9.98,1,,0,0,0,207.93,194.13,standard,USD,failed_then_recovered
881,5460,1,2024-11-02,,60,10.09,0,,0,0,0,607.23,499.1,standard,USD,failed_then_recovered
882,5468,1,2025-03-27,2027-03-17,24,12.43,1,billing_issue,0,0,0,301.59,278.83,standard,EUR,success
883,5478,1,2025-04-20,2026-04-15,12,11.4,1,did_not_use_enough,0,0,0,138.48,133.15,standard,EUR,success
884,5484,1,2025-02-02,2025-07-02,5,11.87,1,price_too_high,0,0,0,54.8,53.91,standard,USD,success
885,5494,1,2024-06-12,,60,10.04,0,,0,0,0,601.17,494.12,standard,USD,success
886,5504,1,2025-01-10,2028-03-25,39,9.97,1,did_not_use_enough,1,1,0,380.47,334.94,standard,EUR,success
887,5533,1,2024-05-28,2026-05-18,24,9.98,1,price_too_high,0,0,0,233.6,215.97,standard,USD,success
888,5550,1,2025-02-14,2027-12-01,34,9.97,1,did_not_use_enough,0,0,0,339.25,303.57,standard,USD,success
889,5559,1,2024-07-17,2024-10-15,3,11.67,1,,0,0,0,34.12,33.78,standard,USD,success
890,5562,1,2024-07-21,,60,10.02,0,,0,0,0,600.67,493.7,standard,USD,success
891,5564,1,2024-12-29,,60,12.9,0,,0,0,0,772.88,635.25,standard,USD,success
892,5570,1,2024-09-07,2026-04-30,20,11.93,1,price_too_high,0,0,0,233.82,219.02,standard,USD,success
893,5572,1,2025-05-29,2025-06-28,1,12.83,1,did_not_use_enough,0,0,0,13.1,13.05,standard,USD,success
894,5578,1,2024-06-28,2027-01-14,31,13.04,1,,1,0,0,394.62,356.6,standard,USD,failed
895,5580,1,2025-05-11,2025-11-07,6,12.06,1,,0,0,0,71.98,70.59,standard,USD,success
896,5586,1,2025-02-02,2027-02-22,25,11.64,1,seasonal_pause,0,0,0,297.04,273.74,standard,USD,success
897,5587,1,2024-03-07,2026-08-24,30,10.18,1,did_not_use_enough,0,1,0,303.99,275.6,standard,USD,success
898,5591,1,2025-10-20,2029-12-28,51,12.77,1,price_too_high,0,0,0,655.67,555.0,standard,USD,failed
899,5598,1,2024-07-15,2025-05-11,10,11.86,1,life_event,0,0,0,121.48,117.58,family,USD,success
900,5601,1,2025-05-10,2026-10-02,17,9.84,1,,0,0,0,167.78,158.72,family,EUR,failed
901,5602,1,2024-03-05,2027-01-19,35,10.06,1,,0,0,0,350.94,313.01,family,EUR,success
902,5604,1,2025-11-26,,60,12.01,0,,0,0,0,721.61,593.11,standard,USD,failed_then_recovered
903,5615,1,2024-10-08,2024-11-07,1,11.92,1,,0,0,0,13.9,13.85,standard,USD,success
904,5616,1,2024-03-22,2025-12-12,21,11.53,1,did_not_use_enough,0,0,0,246.01,229.7,standard,USD,success
905,5622,1,2025-01-24,2026-12-15,23,11.65,1,,0,0,0,267.6,248.22,standard,USD,success
906,5629,1,2025-06-29,2025-08-28,2,10.08,1,did_not_use_enough,0,0,0,20.8,20.67,standard,USD,success
907,5632,1,2025-04-12,,60,10.11,0,,1,0,0,595.78,489.68,standard,USD,success
908,5639,1,2025-04-01,2026-08-24,17,10.03,1,competing_service,0,0,0,175.51,166.03,family,USD,failed
909,5661,1,2025-09-29,2026-11-23,14,11.5,1,did_not_use_enough,0,1,0,166.14,158.71,standard,USD,failed
910,5662,1,2024-07-23,2025-04-19,9,10.05,1,price_too_high,0,0,0,97.6,94.78,standard,USD,failed
911,5663,1,2024-08-02,2028-11-09,52,11.63,1,,0,0,0,605.18,510.59,family,USD,success
912,5664,1,2024-10-31,,60,12.69,0,,0,0,0,759.73,624.44,standard,EUR,success
913,5675,1,2024-09-06,2025-07-03,10,12.8,1,did_not_use_enough,0,0,0,128.19,124.07,standard,EUR,success
914,5684,1,2024-10-03,2025-05-01,7,9.94,1,,0,0,0,72.34,70.71,standard,USD,success
915,5685,1,2024-01-29,2025-08-21,19,9.95,1,seasonal_pause,0,0,0,190.93,179.43,standard,USD,success
916,5697,1,2025-10-23,2026-03-22,5,12.45,1,price_too_high,0,0,0,61.27,60.28,standard,USD,success
917,5698,1,2025-10-14,2027-02-06,16,11.72,1,competing_service,0,0,0,181.28,172.04,standard,USD,success
918,5709,1,2024-10-19,2025-01-17,3,12.57,1,billing_issue,0,2,0,38.91,38.53,standard,USD,success
919,5719,1,2025-10-08,2026-09-03,11,12.94,1,billing_issue,0,0,0,147.42,142.21,standard,USD,success
920,5720,1,2024-03-28,2024-11-23,8,12.67,1,did_not_use_enough,0,0,0,104.67,101.97,standard,USD,success
921,5730,1,2025-03-08,,60,11.5,0,,0,0,0,691.63,568.47,standard,USD,success
922,5740,1,2024-05-17,2025-03-13,10,12.84,1,life_event,0,0,0,128.3,124.17,standard,USD,success
923,5746,1,2025-05-12,2025-07-11,2,11.98,1,billing_issue,0,0,0,21.82,21.68,standard,USD,success
924,5747,1,2025-03-17,2025-05-16,2,11.87,1,price_too_high,0,0,0,19.41,19.28,standard,USD,success
925,5750,1,2025-02-11,2028-07-25,42,10.09,1,did_not_use_enough,0,0,0,424.91,370.41,standard,USD,failed_then_recovered
926,5765,1,2025-09-07,2027-01-30,17,12.89,1,did_not_use_enough,0,0,0,215.95,204.28,standard,USD,success
927,5771,1,2024-04-20,2025-02-14,10,10.06,1,,0,0,0,106.02,102.61,standard,USD,failed_then_recovered
928,5784,1,2024-05-05,,60,12.28,0,,1,1,0,727.97,598.34,standard,USD,failed
929,5786,1,2024-05-12,2026-05-02,24,12.06,1,life_event,0,0,0,290.77,268.84,standard,EUR,failed_then_recovered
930,5788,1,2024-04-26,2025-06-20,14,11.79,1,did_not_use_enough,0,0,0,163.49,156.18,standard,USD,success
931,5789,1,2025-10-10,2027-01-03,15,11.94,1,did_not_use_enough,0,0,0,178.12,169.59,standard,USD,success
932,5791,1,2025-06-09,2026-01-05,7,9.93,1,,0,0,0,71.27,69.66,standard,USD,success
933,5792,1,2024-11-17,2025-08-14,9,10.03,1,competing_service,0,0,0,94.47,91.73,standard,USD,success
934,5798,1,2024-01-01,2024-01-31,1,11.91,1,life_event,0,0,0,11.61,11.57,standard,EUR,success
935,5801,1,2025-05-30,2027-09-17,28,12.61,1,competing_service,0,0,0,353.94,322.98,standard,USD,success
936,5816,1,2024-12-01,2026-04-25,17,11.92,1,did_not_use_enough,0,0,0,201.72,190.82,standard,EUR,success
937,5824,1,2024-01-25,2027-11-05,46,9.81,1,did_not_use_enough,0,0,0,453.87,390.51,standard,USD,success
938,5828,1,2025-01-19,2027-09-06,32,11.73,1,billing_issue,0,1,0,374.7,337.49,standard,USD,success
939,5829,1,2025-09-27,,60,9.92,0,,0,0,0,594.07,488.28,family,USD,success
940,5830,1,2024-01-09,2025-07-02,18,10.04,1,unknown,0,0,0,177.97,167.8,standard,USD,success
941,5845,1,2025-10-26,2028-02-13,28,12.79,1,did_not_use_enough,0,0,0,356.23,325.07,family,USD,success
942,5853,1,2024-11-22,,60,11.97,0,,0,0,0,717.19,589.48,family,USD,success
943,5856,1,2025-09-15,2025-11-14,2,12.53,1,unknown,0,1,0,24.67,24.51,standard,USD,success
944,5859,1,2025-04-08,2025-08-06,4,10.14,1,competing_service,0,0,0,39.6,39.08,standard,USD,failed_then_recovered
945,5863,1,2025-10-24,2026-07-21,9,12.5,1,billing_issue,0,0,0,106.6,103.51,standard,USD,success
946,5864,1,2025-08-13,2026-04-10,8,9.91,1,billing_issue,0,0,0,84.91,82.72,standard,USD,success
947,5872,1,2025-04-18,,60,11.58,0,,0,0,0,694.37,570.72,standard,USD,failed
948,5874,1,2024-03-22,2027-04-06,37,11.9,1,life_event,0,0,0,436.79,387.04,standard,USD,success
949,5875,1,2024-02-18,2024-08-16,6,11.84,1,did_not_use_enough,0,0,0,71.01,69.63,family,USD,success
950,5877,1,2025-05-23,,60,13.19,0,,0,0,0,790.8,649.98,standard,USD,success
951,5884,1,2025-04-05,2025-05-05,1,12.57,1,,0,0,0,16.85,16.8,family,USD,success
952,5885,1,2025-02-06,2026-05-02,15,11.89,1,did_not_use_enough,0,0,0,177.63,169.14,family,USD,success
953,5906,1,2025-11-01,2026-03-01,4,12.6,1,billing_issue,0,0,0,49.51,48.87,standard,EUR,success
954,5909,1,2024-11-03,2026-02-26,16,11.77,1,life_event,0,1,0,188.49,178.89,standard,EUR,failed
955,5910,1,2025-10-21,2025-12-20,2,9.91,1,competing_service,1,0,0,7.21,7.16,standard,USD,success
956,5919,1,2024-11-21,2025-02-19,3,11.58,1,billing_issue,0,0,0,31.57,31.26,standard,USD,failed_then_recovered
957,5922,1,2025-07-06,2025-12-03,5,9.9,1,,0,0,0,49.58,48.77,standard,USD,success
958,5923,1,2025-11-18,2026-02-16,3,11.61,1,did_not_use_enough,0,0,0,33.28,32.96,standard,USD,success
959,5926,1,2024-05-23,2028-12-28,56,13.14,1,billing_issue,0,0,0,735.13,612.18,standard,EUR,success
960,5929,1,2024-06-21,,60,9.87,0,,0,0,0,588.95,484.08,standard,USD,success
961,5938,1,2024-05-05,2024-06-04,1,9.98,1,unknown,0,1,0,10.66,10.62,standard,USD,success
962,5939,1,2025-11-24,2028-08-10,33,12.76,1,competing_service,0,0,0,416.25,373.69,standard,USD,success
963,5947,1,2025-05-31,2026-02-25,9,12.61,1,unknown,0,0,0,116.74,113.35,family,USD,success
964,5954,1,2025-11-22,2029-09-02,46,11.62,1,seasonal_pause,0,0,0,536.75,461.82,student,EUR,success
965,5958,1,2024-03-11,2024-08-08,5,9.89,1,billing_issue,0,0,0,49.07,48.28,student,EUR,success
966,5987,1,2024-12-12,2026-07-05,19,11.61,1,,0,0,0,220.11,206.86,standard,USD,success
967,5997,1,2024-03-06,2027-11-16,45,11.83,1,billing_issue,0,0,0,534.45,461.35,standard,USD,success
968,5999,1,2024-09-12,2026-02-04,17,9.91,1,life_event,1,1,0,145.41,137.55,standard,USD,success
969,6015,1,2025-01-27,2028-10-08,45,12.68,1,did_not_use_enough,0,0,0,571.52,493.35,standard,USD,success
970,6019,1,2025-09-04,2030-02-10,54,11.69,1,price_too_high,0,0,0,628.47,526.79,standard,USD,success
971,6020,1,2024-07-12,,60,9.61,0,,0,0,0,580.25,476.93,standard,USD,success
972,6027,1,2025-11-02,2026-01-01,2,11.85,1,price_too_high,0,1,0,28.79,28.61,standard,USD,success
973,6029,1,2025-02-28,2025-10-26,8,9.79,1,,0,1,0,79.89,77.83,standard,USD,success
974,6038,1,2025-03-17,2025-09-13,6,11.59,1,,0,0,0,77.73,76.22,student,USD,success
975,6039,1,2025-03-29,2025-08-26,5,11.74,1,unknown,0,1,0,56.31,55.4,standard,USD,success
976,6046,1,2025-01-09,,60,10.02,0,,0,0,0,602.59,495.28,standard,EUR,success
977,6055,1,2025-12-27,2027-05-21,17,11.42,1,did_not_use_enough,0,0,0,199.29,188.52,standard,USD,success
978,6057,1,2024-06-11,2028-11-17,54,12.62,1,price_too_high,0,1,0,681.83,571.52,student,USD,success
979,6060,1,2025-03-30,2025-06-28,3,12.55,1,,0,2,0,37.59,37.22,student,USD,failed_then_recovered
980,6067,1,2024-06-01,2025-09-24,16,13.1,1,life_event,0,1,0,208.19,197.58,standard,USD,failed_then_recovered
981,6076,1,2024-01-04,,60,12.82,0,,0,0,0,768.92,632.0,standard,USD,failed_then_recovered
982,6085,1,2024-05-01,2024-07-30,3,11.63,1,,0,0,0,32.34,32.02,family,USD,success
983,6092,1,2024-02-21,2026-10-08,32,9.94,1,,0,0,0,319.3,287.59,standard,USD,success
984,6099,1,2024-10-11,2027-10-26,37,12.77,1,price_too_high,0,0,0,468.19,414.86,standard,USD,success
985,6109,1,2025-09-20,2026-01-18,4,12.96,1,billing_issue,0,0,0,45.11,44.53,standard,USD,success
986,6120,1,2025-01-17,2029-07-25,55,12.91,1,did_not_use_enough,0,0,0,711.0,594.02,family,USD,success
987,6135,1,2024-04-02,2024-12-28,9,11.83,1,billing_issue,0,0,0,109.79,106.61,standard,USD,success
988,6136,1,2024-06-25,2026-12-12,30,10.09,1,did_not_use_enough,0,0,0,303.27,274.95,student,USD,success
989,6137,1,2024-10-27,2024-12-26,2,9.85,1,life_event,0,0,0,19.33,19.2,standard,USD,success
990,6139,1,2024-05-23,,60,10.22,0,,0,1,0,614.19,504.82,student,USD,success
991,6140,1,2025-11-24,2026-02-22,3,11.51,1,did_not_use_enough,0,0,0,35.8,35.45,standard,USD,success
992,6143,1,2025-05-06,2025-09-03,4,12.8,1,,0,0,0,48.64,48.0,student,USD,success
993,6147,1,2024-10-11,2028-07-22,46,10.07,1,life_event,0,1,0,465.13,400.21,standard,USD,success
994,6151,1,2024-07-27,,60,11.81,0,,0,0,0,701.78,576.82,standard,USD,success
995,6153,1,2025-03-01,2029-03-10,49,10.02,1,price_too_high,1,0,0,481.13,409.93,standard,USD,success
996,6162,1,2025-07-24,2029-04-04,45,9.99,1,,0,0,0,447.77,386.53,family,USD,success
997,6164,1,2024-11-28,2026-06-21,19,12.79,1,,0,0,0,246.98,232.11,student,USD,success
998,6178,1,2025-06-12,2027-05-03,23,10.12,1,competing_service,0,0,0,233.5,216.59,standard,USD,success
999,6181,1,2024-08-09,2025-07-05,11,13.08,1,unknown,0,1,0,146.02,140.86,standard,USD,success
1000,6188,1,2025-12-12,2027-08-04,20,12.77,1,price_too_high,0,0,0,252.57,236.59,standard,USD,success
1001,6189,1,2024-03-30,2024-10-26,7,9.8,1,did_not_use_enough,0,0,0,71.42,69.8,family,USD,success
1002,6192,1,2024-12-21,2025-05-20,5,12.64,1,price_too_high,0,0,0,60.21,59.24,standard,USD,failed_then_recovered
1003,6194,1,2025-06-02,2026-09-25,16,12.96,1,,0,0,0,207.82,197.23,standard,USD,success
1004,6197,1,2024-05-07,2026-08-25,28,12.57,1,competing_service,0,0,0,351.98,321.2,standard,USD,success
1005,6200,1,2024-12-10,2025-01-09,1,9.99,1,did_not_use_enough,1,0,0,2.98,2.97,family,USD,failed
1006,6204,1,2025-02-25,,60,11.71,0,,0,0,0,703.12,577.91,family,USD,success
1007,6214,1,2024-08-28,2027-03-16,31,9.86,1,price_too_high,0,0,0,299.85,270.96,standard,USD,success
1008,6229,1,2024-04-30,2024-07-29,3,10.03,1,billing_issue,0,0,0,30.03,29.74,student,EUR,success
1009,6231,1,2024-03-13,2024-04-12,1,10.02,1,competing_service,0,0,0,6.7,6.68,student,USD,success
1010,6232,1,2024-08-14,2024-11-12,3,12.81,1,life_event,0,0,0,40.97,40.57,family,USD,success
1011,6233,1,2025-05-31,2025-06-30,1,13.23,1,did_not_use_enough,0,2,0,14.48,14.43,standard,USD,success
1012,6243,1,2024-01-29,2024-05-28,4,12.65,1,did_not_use_enough,0,0,0,51.46,50.79,standard,USD,success
1013,6266,1,2024-03-01,2026-12-16,34,10.07,1,price_too_high,0,0,0,337.92,302.38,family,USD,failed
1014,6276,1,2025-09-24,2029-02-05,41,12.76,1,life_event,0,1,0,519.4,454.26,standard,USD,success
1015,6278,1,2024-10-22,2025-10-17,12,11.81,1,did_not_use_enough,0,0,0,146.45,140.82,standard,USD,success
1016,6291,1,2024-01-16,,60,12.44,0,,0,0,0,749.32,615.88,standard,USD,success
1017,6295,1,2024-10-01,2026-02-23,17,13.19,1,did_not_use_enough,0,0,0,226.1,213.88,standard,USD,success
1018,6299,1,2025-08-15,2026-10-09,14,10.22,1,did_not_use_enough,0,0,0,138.74,132.54,standard,USD,success
1019,6306,1,2024-09-20,2025-02-17,5,11.7,1,did_not_use_enough,0,0,0,63.45,62.42,standard,USD,success
1020,6307,1,2024-12-06,2026-03-31,16,9.82,1,unknown,0,0,0,160.17,152.01,family,USD,success
1021,6311,1,2025-04-13,2028-01-28,34,12.83,1,did_not_use_enough,1,0,0,422.33,377.91,standard,USD,success
1022,6317,1,2025-05-12,2026-04-07,11,11.73,1,unknown,0,0,0,130.81,126.19,standard,USD,success
1023,6327,1,2024-10-02,2024-11-01,1,11.66,1,competing_service,0,0,0,14.79,14.74,standard,USD,failed
1024,6332,1,2024-09-16,2027-11-30,39,9.86,1,competing_service,0,0,0,385.1,339.01,standard,USD,success
1025,6339,1,2024-03-15,2024-10-11,7,9.93,1,,0,0,0,76.11,74.39,standard,USD,success
1026,6343,1,2024-06-02,2025-11-24,18,9.95,1,billing_issue,0,0,0,179.55,169.29,standard,EUR,success
1027,6347,1,2024-03-11,2027-11-21,45,9.76,1,did_not_use_enough,0,0,0,437.73,377.86,standard,USD,success
1028,6349,1,2025-12-15,,60,11.97,0,,0,0,0,719.22,591.14,family,USD,success
1029,6354,1,2025-05-17,,60,12.67,0,,0,0,0,758.91,623.77,standard,USD,success
1030,6363,1,2024-02-06,2024-04-06,2,13.15,1,did_not_use_enough,0,0,0,22.66,22.51,standard,USD,failed
1031,6374,1,2025-05-29,2026-12-20,19,9.82,1,,0,0,0,190.73,179.24,standard,USD,success
1032,6390,1,2025-05-18,2026-03-14,10,13.19,1,,0,0,0,135.76,131.4,standard,EUR,success
1033,6391,1,2024-06-22,,60,12.76,0,,0,0,0,769.02,632.08,standard,EUR,failed
1034,6392,1,2025-05-15,2025-09-12,4,11.78,1,price_too_high,0,0,0,42.64,42.08,family,USD,failed
1035,6394,1,2025-03-11,2029-01-19,47,9.93,1,competing_service,0,0,0,463.56,397.55,standard,USD,success
1036,6395,1,2024-03-21,2026-08-08,29,11.84,1,billing_issue,0,0,0,338.03,307.46,standard,USD,success
1037,6406,1,2024-04-10,2024-05-10,1,12.91,1,,1,0,0,-0.17,-0.17,standard,USD,success
1038,6412,1,2025-12-01,,60,13.0,0,,0,0,0,781.3,642.17,standard,USD,success
1039,6415,1,2024-10-17,2026-04-10,18,13.08,1,billing_issue,0,0,0,236.04,222.56,standard,USD,success
1040,6417,1,2024-02-29,2024-03-30,1,13.07,1,competing_service,0,0,0,12.88,12.83,standard,USD,success
1041,6420,1,2024-10-03,2027-03-22,30,10.02,1,billing_issue,0,0,0,299.57,271.59,standard,USD,success
1042,6426,1,2024-09-08,2026-06-30,22,11.73,1,did_not_use_enough,0,1,0,257.87,239.98,family,USD,success
1043,6430,1,2024-05-07,2028-01-17,45,12.82,1,did_not_use_enough,0,0,0,578.83,499.66,standard,USD,success
1044,6434,1,2025-08-26,2029-04-07,44,11.52,1,did_not_use_enough,0,0,0,504.62,437.03,standard,USD,failed_then_recovered
1045,6444,1,2024-12-11,2025-09-07,9,11.82,1,life_event,0,0,0,104.53,101.5,family,USD,success
1046,6452,1,2024-11-08,,60,12.55,0,,0,0,0,759.17,623.98,standard,USD,success
1047,6453,1,2025-07-10,2026-04-06,9,10.05,1,,0,1,0,90.19,87.57,standard,USD,success
1048,6456,1,2025-04-19,2026-06-13,14,12.76,1,price_too_high,0,0,0,181.63,173.51,standard,USD,success
1049,6457,1,2025-10-26,2028-08-11,34,11.84,1,unknown,0,0,0,403.74,361.28,standard,USD,success
1050,6465,1,2024-12-06,,60,9.84,0,,0,0,0,595.97,489.85,standard,USD,success
1051,6475,1,2025-01-13,2025-07-12,6,12.91,1,billing_issue,0,0,0,79.45,77.91,family,USD,success
1052,6477,1,2025-11-07,2026-02-05,3,13.1,1,price_too_high,0,0,0,39.99,39.6,standard,USD,success
1053,6485,1,2025-01-17,2029-08-24,56,9.91,1,competing_service,0,0,0,554.51,461.76,standard,USD,success
1054,6488,1,2025-09-02,,60,11.54,0,,0,0,0,694.15,570.54,standard,USD,success
1055,6515,1,2024-10-24,2025-12-18,14,10.15,1,did_not_use_enough,0,0,0,140.42,134.14,standard,USD,success
1056,6520,1,2025-11-03,2026-05-02,6,9.89,1,price_too_high,0,0,0,56.49,55.4,standard,USD,success
1057,6521,1,2025-06-17,2026-11-09,17,12.97,1,competing_service,0,0,0,214.88,203.27,standard,USD,success
1058,6527,1,2024-12-20,2025-03-20,3,11.8,1,competing_service,0,0,0,36.65,36.29,standard,USD,success
1059,6529,1,2024-05-26,2025-04-21,11,11.9,1,did_not_use_enough,0,0,0,132.4,127.72,standard,USD,success
1060,6537,1,2025-08-15,2026-05-12,9,11.91,1,price_too_high,0,0,0,104.3,101.28,standard,USD,success
1061,6548,1,2025-06-13,2026-11-05,17,12.05,1,seasonal_pause,0,0,0,204.19,193.16,standard,USD,success
1062,6553,1,2025-03-23,2028-07-05,40,9.99,1,did_not_use_enough,0,0,0,398.56,349.72,student,USD,success
1063,6555,1,2024-11-21,2025-01-20,2,12.83,1,,0,0,0,30.46,30.26,standard,USD,success
1064,6558,1,2024-05-08,2024-07-07,2,11.75,1,did_not_use_enough,0,0,0,24.97,24.81,standard,USD,success
1065,6562,1,2024-06-03,2025-04-29,11,11.96,1,unknown,0,0,0,132.36,127.69,standard,USD,success
1066,6570,1,2024-10-16,2026-05-09,19,10.04,1,,0,1,0,191.35,179.83,standard,USD,success
1067,6574,1,2024-07-06,2024-11-03,4,13.07,1,price_too_high,0,0,0,51.36,50.7,standard,USD,success
1068,6580,1,2024-08-01,2025-09-25,14,13.14,1,did_not_use_enough,0,0,0,183.47,175.27,standard,USD,success
1069,6581,1,2024-03-22,,60,12.0,0,,0,0,0,714.73,587.46,standard,USD,success
1070,6604,1,2024-06-12,2026-09-30,28,11.74,1,did_not_use_enough,0,0,0,328.65,299.9,standard,USD,success
1071,6607,1,2024-02-02,2027-02-16,37,12.59,1,billing_issue,0,0,0,465.76,412.71,standard,USD,success
1072,6610,1,2024-09-17,2027-03-06,30,10.02,1,billing_issue,0,0,0,302.35,274.11,standard,USD,success
1073,6614,1,2024-06-11,2025-06-06,12,9.81,1,billing_issue,0,0,0,124.18,119.4,standard,USD,failed_then_recovered
1074,6618,1,2025-04-11,,60,9.74,0,,0,0,0,586.28,481.88,standard,USD,success
1075,6620,1,2024-01-17,,60,9.99,0,,0,1,0,599.32,492.6,family,USD,success
1076,6624,1,2025-11-09,2028-12-23,38,11.75,1,did_not_use_enough,0,0,0,444.19,392.31,family,USD,success
1077,6631,1,2025-08-28,2026-10-22,14,12.79,1,competing_service,0,1,0,178.7,170.71,standard,USD,success
1078,6632,1,2025-12-17,,60,10.0,0,,0,0,0,600.5,493.57,standard,USD,success
1079,6639,1,2025-02-04,2026-09-27,20,10.14,1,competing_service,0,0,0,201.72,188.96,standard,USD,success
1080,6661,1,2025-05-06,2025-12-02,7,11.94,1,,0,0,0,81.15,79.32,student,USD,success
1081,6667,1,2024-11-19,2025-02-17,3,12.81,1,life_event,0,0,0,37.53,37.16,standard,USD,success
1082,6693,1,2024-06-16,2024-11-13,5,12.61,1,,0,1,0,64.08,63.04,family,USD,success
1083,6694,1,2024-02-26,,60,10.0,0,,0,0,0,599.31,492.59,standard,USD,success
1084,6695,1,2024-07-31,2027-12-13,41,10.03,1,billing_issue,0,0,0,413.1,361.29,standard,USD,success
1085,6701,1,2024-02-10,,60,12.97,0,,0,0,0,781.57,642.39,standard,USD,success
1086,6717,1,2024-04-28,2024-09-25,5,9.97,1,did_not_use_enough,0,0,0,51.15,50.32,standard,USD,success
1087,6727,1,2024-06-10,2027-06-25,37,13.06,1,billing_issue,1,0,0,475.04,420.93,standard,USD,success
1088,6730,1,2024-07-10,,60,11.78,0,,0,0,0,704.49,579.04,standard,USD,success
1089,6749,1,2024-03-01,2024-09-27,7,9.98,1,,0,0,0,70.24,68.65,standard,USD,success
1090,6755,1,2025-02-04,,60,9.86,0,,0,0,0,587.07,482.53,standard,USD,success
1091,6760,1,2024-12-07,2025-07-05,7,12.67,1,,0,0,0,90.75,88.7,standard,USD,success
1092,6765,1,2025-07-27,,60,11.72,0,,0,0,0,699.43,574.88,standard,USD,success
1093,6766,1,2025-08-13,2026-01-10,5,12.92,1,,0,0,0,63.04,62.02,standard,USD,failed_then_recovered
1094,6768,1,2025-11-07,2026-01-06,2,12.98,1,did_not_use_enough,0,1,0,28.27,28.09,standard,USD,success
1095,6772,1,2024-06-27,2028-09-04,51,13.04,1,,0,0,0,665.52,563.34,family,EUR,success
1096,6774,1,2025-05-29,2026-03-25,10,9.84,1,,0,0,0,99.96,96.74,standard,USD,success
1097,6775,1,2024-09-21,2029-01-28,53,11.76,1,seasonal_pause,0,0,0,621.1,522.31,standard,EUR,success
1098,6787,1,2025-10-11,2028-08-26,35,10.2,1,competing_service,0,0,0,354.88,316.52,standard,USD,success
1099,6790,1,2025-07-04,2025-11-01,4,13.1,1,competing_service,0,0,0,53.49,52.8,standard,USD,success
1100,6795,1,2024-09-26,2025-02-23,5,10.05,1,did_not_use_enough,0,1,0,50.97,50.14,standard,USD,failed_then_recovered
1101,6798,1,2025-08-14,2027-06-05,22,12.33,1,did_not_use_enough,0,0,0,273.92,254.92,standard,EUR,success
1102,6807,1,2025-07-23,2026-08-17,13,11.49,1,billing_issue,0,0,0,149.03,142.83,standard,EUR,success
1103,6811,1,2024-03-12,2024-08-09,5,12.8,1,did_not_use_enough,0,0,0,65.27,64.21,family,USD,success
1104,6812,1,2024-10-27,2027-06-14,32,11.81,1,,0,0,0,378.76,341.15,standard,USD,success
1105,6813,1,2024-02-01,2025-03-27,14,9.92,1,billing_issue,0,0,0,139.74,133.49,standard,USD,success
1106,6816,1,2025-06-22,,60,9.8,0,,0,0,0,585.11,480.92,family,USD,success
1107,6818,1,2025-07-28,2026-03-25,8,11.79,1,price_too_high,0,0,0,93.87,91.45,standard,USD,success
1108,6824,1,2025-07-17,2026-01-13,6,11.75,1,did_not_use_enough,0,1,0,68.52,67.19,family,USD,success
1109,6829,1,2024-03-19,2024-06-17,3,11.79,1,,0,0,0,35.05,34.71,family,USD,success
1110,6834,1,2024-07-20,2026-03-12,20,9.92,1,price_too_high,0,0,0,196.91,184.45,standard,USD,success
1111,6836,1,2025-10-31,2029-01-13,39,12.9,1,price_too_high,0,0,0,508.74,447.86,standard,USD,success
1112,6839,1,2024-04-11,2026-01-01,21,11.94,1,did_not_use_enough,0,0,0,255.82,238.85,standard,USD,success
1113,6841,1,2024-06-28,,60,12.81,0,,0,1,0,770.38,633.2,standard,USD,success
1114,6849,1,2024-01-14,2026-03-04,26,9.8,1,did_not_use_enough,0,0,0,251.66,231.16,family,USD,success
1115,6852,1,2024-11-01,,60,11.73,0,,0,0,0,703.46,578.2,student,USD,success
1116,6854,1,2025-05-30,,60,11.82,0,,0,0,0,713.51,586.46,family,USD,success
1117,6855,1,2025-05-18,2027-06-07,25,9.93,1,,0,0,0,249.16,229.61,family,EUR,success
1118,6856,1,2025-04-01,2025-07-30,4,9.88,1,did_not_use_enough,0,0,0,39.52,39.01,standard,USD,success
1119,6866,1,2024-03-30,2026-10-16,31,13.32,1,did_not_use_enough,0,0,0,413.77,373.9,family,USD,success
1120,6868,1,2025-05-02,2025-07-01,2,10.04,1,did_not_use_enough,0,1,0,16.56,16.46,standard,USD,success
1121,6874,1,2025-05-23,2026-12-14,19,10.19,1,life_event,0,1,0,189.91,178.48,standard,USD,success
1122,6875,1,2025-10-29,2026-02-26,4,10.14,1,did_not_use_enough,0,0,0,43.36,42.8,standard,USD,success
1123,6887,1,2025-04-29,,60,12.74,0,,1,0,0,751.25,617.47,standard,USD,failed
1124,6888,1,2024-07-14,2027-03-01,32,11.92,1,seasonal_pause,0,0,0,382.07,344.13,standard,USD,success
1125,6891,1,2025-11-12,2026-01-11,2,9.87,1,price_too_high,0,0,0,15.35,15.25,standard,USD,failed
1126,6925,1,2025-03-05,,60,9.96,0,,0,0,0,597.49,491.09,standard,USD,success
1127,6929,1,2025-08-31,2030-05-07,57,9.69,1,did_not_use_enough,0,0,0,547.83,454.71,student,USD,success
1128,6936,1,2025-02-25,2026-12-17,22,12.82,1,,0,0,0,281.18,261.67,family,USD,success
1129,6941,1,2024-07-18,2029-04-23,58,13.29,1,unknown,0,1,0,772.44,639.06,standard,USD,success
1130,6945,1,2024-12-15,2025-07-13,7,13.01,1,competing_service,0,1,0,91.67,89.6,standard,EUR,success
1131,6954,1,2025-07-27,2026-05-23,10,12.74,1,life_event,0,0,0,126.74,122.66,standard,USD,success
1132,6957,1,2024-01-30,2024-02-29,1,11.74,1,price_too_high,0,2,0,10.85,10.82,standard,USD,success
1133,6960,1,2024-06-20,,60,10.07,0,,0,0,0,605.89,498.0,standard,USD,success
1134,6971,1,2024-05-16,2028-07-24,51,11.59,1,,1,0,0,579.76,490.74,standard,USD,failed_then_recovered
1135,6972,1,2024-04-13,,60,10.05,0,,0,0,0,601.28,494.21,standard,USD,failed
1136,6978,1,2024-10-20,2025-11-14,13,11.73,1,competing_service,0,1,0,152.98,146.61,standard,EUR,success
1137,6991,1,2025-03-20,2029-12-24,58,11.76,1,,0,0,0,680.32,562.84,student,USD,success
1138,6996,1,2025-12-22,2026-08-19,8,9.95,1,competing_service,1,0,0,69.14,67.36,standard,USD,failed
1139,7019,1,2024-08-28,2024-12-26,4,9.93,1,competing_service,0,0,0,46.06,45.46,standard,USD,success
1140,7032,1,2024-07-01,2024-07-31,1,11.63,1,price_too_high,1,0,0,-13.46,-13.42,standard,USD,success
1141,7035,1,2024-05-27,2025-11-18,18,13.24,1,,0,0,0,234.42,221.02,family,USD,failed
1142,7048,1,2025-09-24,2026-05-22,8,9.96,1,did_not_use_enough,0,0,0,82.42,80.29,standard,USD,success
1143,7050,1,2025-12-22,2027-04-16,16,10.06,1,billing_issue,0,0,0,160.33,152.16,standard,USD,failed
1144,7051,1,2025-05-08,2026-11-29,19,12.71,1,,0,1,0,240.14,225.68,student,USD,success
1145,7052,1,2024-06-05,2024-10-03,4,11.69,1,seasonal_pause,0,0,0,46.62,46.02,standard,USD,success
1146,7056,1,2024-02-27,2024-11-23,9,11.74,1,did_not_use_enough,0,0,0,103.17,100.17,standard,USD,success
1147,7061,1,2024-01-19,2027-09-30,45,10.15,1,did_not_use_enough,0,1,0,457.46,394.89,family,USD,success
1148,7066,1,2024-12-05,2026-04-29,17,11.55,1,unknown,0,0,0,193.06,182.62,standard,USD,success
1149,7077,1,2025-01-18,2025-09-15,8,10.11,1,price_too_high,0,0,0,79.27,77.23,family,USD,success
1150,7080,1,2024-08-15,2025-06-11,10,10.0,1,did_not_use_enough,0,0,0,95.56,92.49,standard,USD,failed_then_recovered
1151,7091,1,2024-10-15,,60,9.8,0,,0,0,0,584.64,480.53,standard,EUR,success
1152,7102,1,2024-04-07,2024-09-04,5,13.03,1,,0,0,0,67.43,66.33,standard,EUR,success
1153,7104,1,2024-03-05,,60,12.89,0,,0,0,0,773.18,635.5,standard,USD,success
1154,7119,1,2025-05-02,2027-01-22,21,10.04,1,competing_service,0,0,0,211.21,197.2,standard,USD,success
1155,7123,1,2024-08-14,,60,12.95,0,,0,0,0,780.52,641.53,standard,USD,success
1156,7133,1,2024-04-29,2025-02-23,10,12.48,1,did_not_use_enough,0,0,0,125.51,121.47,family,USD,success
1157,7136,1,2025-08-25,2026-08-20,12,11.59,1,billing_issue,0,0,0,143.23,137.73,standard,EUR,success
1158,7145,1,2024-09-28,,60,11.82,0,,0,0,0,707.64,581.63,standard,USD,success
1159,7147,1,2025-05-03,2026-11-24,19,12.77,1,price_too_high,0,0,0,240.16,225.7,standard,USD,success
1160,7148,1,2025-01-05,,60,12.67,0,,0,0,0,757.86,622.9,standard,USD,success
1161,7163,1,2025-05-31,2026-01-26,8,11.65,1,price_too_high,0,0,0,97.28,94.77,standard,USD,success
1162,7172,1,2024-02-14,2026-04-04,26,11.89,1,,0,0,0,303.21,278.51,standard,USD,success
1163,7177,1,2025-11-13,2026-02-11,3,10.0,1,competing_service,0,1,0,24.17,23.94,standard,USD,success
1164,7185,1,2024-01-07,2024-07-05,6,9.63,1,competing_service,0,0,0,57.51,56.4,standard,USD,success
1165,7194,1,2025-08-20,2026-06-16,10,11.96,1,did_not_use_enough,0,0,0,117.46,113.69,family,USD,success
1166,7199,1,2024-11-14,2025-01-13,2,11.78,1,life_event,0,0,0,20.74,20.6,standard,USD,success
1167,7203,1,2024-01-14,2025-10-05,21,13.24,1,did_not_use_enough,1,0,0,261.94,244.56,standard,USD,success
1168,7206,1,2024-03-04,2025-09-25,19,11.6,1,life_event,0,1,0,217.84,204.73,standard,EUR,failed_then_recovered
1169,7207,1,2025-09-15,,60,9.95,0,,0,0,0,593.25,487.61,family,USD,failed_then_recovered
1170,7222,1,2024-10-31,2028-09-10,47,11.68,1,,0,0,0,549.92,471.62,standard,USD,success
1171,7224,1,2025-11-03,2027-10-24,24,10.12,1,price_too_high,0,0,0,242.84,224.52,standard,USD,success
1172,7234,1,2024-03-24,,60,10.0,0,,0,0,0,598.83,492.2,standard,USD,success
1173,7240,1,2025-11-06,2026-12-31,14,10.09,1,,0,0,0,139.2,132.97,standard,USD,success
1174,7243,1,2025-09-03,2026-09-28,13,11.72,1,billing_issue,0,0,0,149.87,143.64,standard,USD,failed
1175,7250,1,2024-03-18,2026-08-05,29,11.94,1,billing_issue,0,0,0,344.73,313.56,family,USD,failed
1176,7260,1,2024-10-13,2025-03-12,5,9.94,1,,0,0,0,50.58,49.76,standard,USD,success
1177,7264,1,2024-01-13,2024-04-12,3,13.15,1,did_not_use_enough,0,0,0,39.28,38.9,standard,USD,success
1178,7269,1,2024-01-08,2024-02-07,1,11.89,1,did_not_use_enough,0,0,0,14.4,14.35,standard,USD,failed_then_recovered
1179,7270,1,2024-07-11,2028-01-22,43,12.81,1,seasonal_pause,0,0,0,549.95,477.84,standard,USD,success
1180,7272,1,2025-09-30,2025-12-29,3,12.77,1,billing_issue,0,0,0,36.44,36.09,standard,USD,success
1181,7283,1,2025-05-20,2025-08-18,3,9.84,1,,0,0,0,35.62,35.28,standard,USD,success
1182,7289,1,2024-09-09,2028-02-21,42,11.53,1,billing_issue,0,0,0,481.23,419.51,standard,EUR,success
1183,7290,1,2025-01-14,2028-07-27,43,10.02,1,price_too_high,0,0,0,427.81,371.72,standard,USD,failed_then_recovered
1184,7292,1,2025-06-08,,60,12.82,0,,0,1,0,766.65,630.13,standard,USD,success
1185,7314,1,2025-07-01,,60,11.63,0,,0,0,0,693.55,570.05,standard,USD,success
1186,7318,1,2025-06-09,2030-03-15,58,10.06,1,,0,0,0,583.16,482.46,standard,USD,success
1187,7319,1,2025-01-28,2025-12-24,11,12.13,1,price_too_high,0,1,0,138.87,133.97,standard,USD,success
1188,7332,1,2024-12-31,2026-06-24,18,11.48,1,did_not_use_enough,0,1,0,208.35,196.44,standard,USD,success
1189,7337,1,2025-08-12,2027-04-04,20,11.86,1,life_event,0,0,0,237.27,222.26,standard,USD,success
1190,7347,1,2025-09-18,2028-05-05,32,12.6,1,price_too_high,0,0,0,403.16,363.13,standard,USD,success
1191,7349,1,2024-08-24,2024-10-23,2,12.8,1,billing_issue,0,0,0,20.16,20.03,standard,USD,success
1192,7357,1,2025-02-24,2026-04-20,14,11.93,1,price_too_high,0,0,0,170.75,163.11,standard,USD,failed_then_recovered
1193,7361,1,2024-09-06,,60,10.09,0,,0,0,0,602.4,495.13,standard,EUR,success
1194,7364,1,2024-04-12,2028-01-22,46,12.86,1,billing_issue,0,0,0,590.14,507.76,standard,USD,success
1195,7366,1,2025-05-01,2025-10-28,6,13.13,1,competing_service,0,0,0,84.26,82.62,standard,USD,failed
1196,7371,1,2025-11-20,2026-07-18,8,12.13,1,unknown,0,0,0,104.61,101.91,standard,EUR,success
1197,7377,1,2024-12-18,2025-04-17,4,11.62,1,competing_service,0,0,0,44.97,44.39,standard,USD,success
1198,7381,1,2025-09-10,2029-04-22,44,11.92,1,price_too_high,0,0,0,523.8,453.64,standard,EUR,success
1199,7388,1,2025-07-21,2029-05-31,47,11.83,1,,0,0,0,550.75,472.32,standard,EUR,success
1200,7399,1,2025-08-01,,60,10.1,0,,0,0,0,604.5,496.86,standard,USD,success
1201,7401,1,2025-10-27,2025-11-26,1,11.63,1,price_too_high,0,0,0,14.62,14.57,standard,USD,success
1202,7402,1,2024-01-25,2024-02-24,1,12.83,1,billing_issue,1,0,0,-0.94,-0.94,family,USD,success
1203,7405,1,2025-09-02,2027-09-22,25,11.81,1,seasonal_pause,0,0,0,294.03,270.96,family,EUR,success
1204,7426,1,2024-09-14,2027-05-02,32,11.83,1,seasonal_pause,0,0,0,383.56,345.47,standard,USD,success
1205,7428,1,2024-05-24,2026-05-14,24,12.88,1,did_not_use_enough,0,0,0,308.47,285.2,standard,USD,success
1206,7435,1,2025-08-26,2027-12-14,28,9.9,1,life_event,0,0,0,278.17,253.84,standard,USD,success
1207,7456,1,2025-03-10,,60,11.98,0,,0,0,0,718.87,590.86,standard,EUR,success
1208,7466,1,2024-04-24,2027-12-05,44,9.74,1,seasonal_pause,0,0,0,426.12,369.05,standard,USD,success
1209,7467,1,2025-10-15,2026-08-11,10,9.93,1,price_too_high,0,0,0,103.51,100.18,standard,USD,success
1210,7470,1,2025-12-25,,60,13.07,0,,1,0,0,770.51,633.31,student,USD,success
1211,7480,1,2024-11-04,2028-11-13,49,11.81,1,did_not_use_enough,0,0,0,581.18,495.18,standard,USD,failed
1212,7492,1,2025-05-18,,60,9.88,0,,0,0,0,592.77,487.22,standard,USD,success
1213,7494,1,2025-04-18,2025-12-14,8,11.79,1,did_not_use_enough,0,1,0,94.29,91.85,standard,USD,success
1214,7496,1,2025-05-22,2025-08-20,3,11.28,1,,1,0,0,19.94,19.75,family,USD,failed
1215,7497,1,2024-04-19,2024-06-18,2,11.6,1,price_too_high,0,0,0,26.19,26.02,standard,USD,success
1216,7500,1,2024-07-14,2026-07-04,24,11.61,1,,0,0,0,280.18,259.04,family,USD,failed
1217,7502,1,2024-04-24,2026-12-10,32,9.8,1,did_not_use_enough,0,0,0,311.68,280.73,standard,USD,success
1218,7503,1,2025-05-14,2025-10-11,5,12.99,1,price_too_high,1,0,0,58.94,57.99,standard,USD,success
1219,7507,1,2024-12-24,,60,12.68,0,,0,0,0,759.2,624.0,standard,EUR,success
1220,7511,1,2024-08-06,2026-02-27,19,10.06,1,billing_issue,0,2,0,183.32,172.28,standard,USD,success
1221,7518,1,2024-04-01,,60,10.28,0,,0,1,0,622.93,512.0,standard,EUR,success
1222,7523,1,2024-01-26,,60,12.66,0,,0,1,0,762.92,627.06,family,USD,failed_then_recovered
1223,7524,1,2025-09-24,,60,11.65,0,,0,0,0,702.69,577.56,student,USD,success
1224,7526,1,2025-10-01,2027-06-23,21,11.7,1,price_too_high,0,0,0,248.17,231.71,standard,USD,failed
1225,7528,1,2025-07-31,,60,11.65,0,,0,0,0,694.97,571.21,standard,USD,success
1226,7533,1,2024-01-12,2028-04-20,52,9.96,1,competing_service,0,0,0,518.29,437.28,standard,USD,success
1227,7551,1,2025-11-20,2028-09-05,34,9.97,1,did_not_use_enough,0,0,0,338.92,303.27,standard,USD,success
1228,7560,1,2024-07-02,2027-10-15,40,12.86,1,unknown,0,0,0,510.59,448.02,student,USD,success
1229,7568,1,2025-04-11,2026-01-06,9,11.71,1,price_too_high,0,0,0,109.02,105.86,standard,USD,success
1230,7570,1,2024-05-21,2025-05-16,12,9.97,1,price_too_high,0,0,0,114.5,110.1,standard,USD,success
1231,7571,1,2024-08-02,2024-09-01,1,11.53,1,billing_issue,0,0,0,8.44,8.41,standard,USD,success
1232,7574,1,2025-12-10,2026-11-05,11,12.73,1,price_too_high,0,0,0,147.24,142.04,standard,USD,success
1233,7582,1,2025-01-15,2026-07-09,18,11.95,1,competing_service,0,0,0,215.88,203.54,standard,EUR,success
1234,7586,1,2025-05-02,2025-08-30,4,11.84,1,seasonal_pause,0,0,0,43.17,42.61,standard,USD,success
1235,7587,1,2025-11-29,2026-08-26,9,10.08,1,,0,1,0,84.54,82.09,standard,USD,success
1236,7590,1,2024-11-11,2025-08-08,9,11.52,1,,0,1,0,104.58,101.55,standard,USD,success
1237,7599,1,2025-06-19,,60,12.13,0,,0,0,0,726.09,596.79,standard,EUR,success
1238,7603,1,2025-08-25,2027-09-14,25,13.25,1,,1,1,0,319.43,294.37,standard,EUR,success
1239,7605,1,2025-05-25,2025-08-23,3,10.07,1,billing_issue,0,0,0,23.99,23.76,family,USD,success
1240,7621,1,2025-01-18,,60,12.78,0,,0,0,0,764.64,628.48,family,EUR,success
1241,7623,1,2025-10-15,2027-01-08,15,12.83,1,billing_issue,0,0,0,193.49,184.23,standard,USD,success
1242,7626,1,2025-12-01,2025-12-31,1,11.74,1,,0,1,0,9.8,9.77,standard,USD,success
1243,7633,1,2024-11-14,2029-07-21,57,12.86,1,,0,0,0,735.45,610.45,standard,USD,success
1244,7642,1,2025-09-25,2026-04-23,7,10.0,1,competing_service,0,0,0,70.52,68.93,standard,USD,success
1245,7645,1,2025-02-08,2026-06-03,16,11.44,1,price_too_high,0,0,0,180.09,170.91,family,USD,success
1246,7648,1,2024-11-11,2028-08-22,46,9.82,1,did_not_use_enough,0,0,0,451.22,388.24,standard,USD,success
1247,7649,1,2024-04-10,,60,13.08,0,,0,1,0,783.12,643.67,standard,USD,success
1248,7677,1,2024-07-05,2027-07-20,37,9.98,1,,0,0,0,367.72,325.84,standard,USD,success
1249,7680,1,2025-05-23,2027-12-09,31,9.82,1,,0,0,0,300.63,271.66,standard,USD,success
1250,7686,1,2025-12-06,,60,10.03,0,,0,0,0,602.68,495.36,standard,USD,success
1251,7694,1,2025-08-29,2028-05-15,33,10.0,1,competing_service,0,0,0,326.87,293.45,standard,USD,success
1252,7709,1,2025-07-26,,60,9.9,0,,0,0,0,590.11,485.03,family,USD,success
1253,7712,1,2024-08-12,2024-10-11,2,11.97,1,did_not_use_enough,0,0,0,25.4,25.23,standard,USD,success
1254,7713,1,2024-02-27,2024-09-24,7,9.85,1,unknown,0,0,0,72.27,70.63,family,USD,success
1255,7717,1,2025-04-26,2027-10-13,30,10.04,1,did_not_use_enough,0,0,0,303.69,275.33,standard,EUR,success
1256,7723,1,2024-09-12,,60,12.61,0,,0,0,0,758.26,623.24,standard,USD,success
1257,7724,1,2024-06-14,,60,12.75,0,,0,0,0,767.82,631.1,standard,USD,success
1258,7727,1,2025-12-01,2026-01-30,2,10.09,1,did_not_use_enough,0,0,0,19.93,19.81,standard,USD,success
1259,7733,1,2025-02-04,,60,9.83,0,,0,0,0,593.07,487.46,standard,USD,success
1260,7740,1,2024-11-16,2025-07-14,8,12.8,1,price_too_high,0,0,0,102.99,100.33,standard,EUR,success
1261,7751,1,2024-08-27,2029-06-02,58,10.05,1,,0,0,0,584.43,483.51,family,USD,success
1262,7754,1,2024-11-17,2025-11-12,12,11.71,1,competing_service,0,1,0,140.48,135.08,standard,USD,success
1263,7772,1,2024-03-29,,60,11.89,0,,0,0,0,714.32,587.12,standard,USD,success
1264,7774,1,2025-09-14,2025-10-14,1,13.13,1,did_not_use_enough,0,0,0,11.36,11.32,standard,EUR,success
1265,7785,1,2025-08-10,2026-06-06,10,9.99,1,competing_service,0,0,0,94.84,91.79,standard,USD,success
1266,7786,1,2025-10-29,2026-04-27,6,9.74,1,life_event,0,0,0,56.71,55.61,standard,USD,success
1267,7790,1,2024-10-27,2026-02-19,16,9.91,1,billing_issue,0,0,0,162.36,154.09,standard,USD,success
1268,7796,1,2024-09-15,2029-07-21,59,11.58,1,,0,0,0,684.7,564.62,standard,USD,failed_then_recovered
1269,7797,1,2025-04-14,2025-07-13,3,11.89,1,did_not_use_enough,0,1,0,35.86,35.51,standard,USD,failed_then_recovered
1270,7804,1,2024-09-13,2025-01-11,4,9.78,1,,0,1,0,41.26,40.72,standard,USD,success
1271,7823,1,2025-01-18,,60,11.82,0,,0,0,0,709.28,582.98,standard,USD,success
1272,7825,1,2024-07-26,2024-09-24,2,12.63,1,price_too_high,0,0,0,24.25,24.09,standard,USD,success
1273,7826,1,2025-08-27,2026-12-20,16,10.12,1,price_too_high,0,0,0,160.08,151.92,standard,USD,success
1274,7832,1,2025-07-23,2025-10-21,3,9.89,1,billing_issue,0,0,0,25.99,25.73,standard,EUR,success
1275,7840,1,2024-09-08,,60,10.0,0,,0,0,1,601.58,494.46,standard,USD,success
1276,7857,1,2025-02-23,2026-01-19,11,11.88,1,billing_issue,0,0,0,129.04,124.48,standard,USD,success
1277,7859,1,2025-10-28,2025-12-27,2,10.13,1,did_not_use_enough,1,1,0,9.96,9.89,standard,USD,success
1278,7872,1,2024-09-20,,60,11.52,0,,0,1,0,690.12,567.23,standard,USD,success
1279,7883,1,2025-08-02,2026-04-29,9,9.93,1,competing_service,0,0,0,86.41,83.9,standard,USD,success
1280,7886,1,2024-08-20,2026-03-13,19,11.74,1,,0,0,0,228.53,214.77,standard,EUR,success
1281,7891,1,2025-12-20,2026-07-18,7,11.52,1,unknown,0,0,0,85.03,83.11,family,USD,success
1282,7905,1,2024-09-17,,60,11.49,0,,0,0,0,695.0,571.24,standard,USD,success
1283,7906,1,2024-04-06,,60,11.92,0,,0,0,0,716.83,589.18,standard,USD,success
1284,7912,1,2025-03-20,2026-06-13,15,9.99,1,,0,0,0,148.46,141.36,standard,USD,success
1285,7913,1,2025-03-14,2025-11-09,8,12.65,1,did_not_use_enough,0,0,0,100.28,97.69,standard,USD,success
1286,7915,1,2024-09-07,2026-05-30,21,11.63,1,competing_service,0,0,0,245.84,229.53,student,USD,success
1287,7925,1,2025-08-05,2025-11-03,3,12.75,1,billing_issue,0,0,0,39.51,39.12,standard,USD,success
1288,7929,1,2024-05-07,2024-06-06,1,12.79,1,competing_service,0,0,0,9.78,9.75,standard,USD,failed_then_recovered
1289,7934,1,2024-02-02,2024-03-03,1,9.94,1,price_too_high,1,0,0,-2.09,-2.08,standard,USD,failed_then_recovered
1290,7938,1,2024-02-09,2025-01-04,11,12.64,1,billing_issue,0,0,0,135.21,130.43,standard,USD,success
1291,7940,1,2024-10-04,2025-05-02,7,13.0,1,,0,0,0,85.16,83.23,standard,USD,success
1292,7959,1,2024-09-04,2025-05-02,8,12.99,1,did_not_use_enough,0,0,0,108.95,106.14,standard,USD,failed_then_recovered
1293,7976,1,2025-11-10,2026-07-08,8,11.8,1,did_not_use_enough,0,1,0,93.64,91.22,standard,USD,success
1294,7993,1,2025-08-30,2026-05-27,9,11.41,1,competing_service,0,0,0,102.52,99.55,standard,USD,success
1295,7994,1,2024-04-30,2027-02-14,34,11.61,1,,0,0,0,393.93,352.5,standard,USD,failed_then_recovered
1296,7997,1,2025-02-11,2025-07-11,5,11.66,1,competing_service,0,0,0,53.16,52.29,standard,USD,success
1297,8001,1,2025-04-12,2028-06-25,39,9.94,1,,0,0,0,389.06,342.5,standard,USD,success
1298,8006,1,2025-08-14,2027-09-03,25,12.56,1,billing_issue,0,1,0,316.18,291.38,standard,USD,success
1299,8015,1,2024-05-30,2027-07-14,38,10.03,1,,0,0,0,380.51,336.07,standard,USD,success
1300,8017,1,2024-06-21,2026-06-11,24,10.11,1,billing_issue,0,0,0,244.55,226.1,standard,USD,success
1301,8022,1,2024-11-16,2026-03-11,16,12.11,1,,0,0,0,197.95,187.86,standard,USD,success
1302,8025,1,2025-12-23,2026-03-23,3,11.54,1,life_event,0,0,0,33.71,33.38,standard,USD,success
1303,8036,1,2024-10-21,2028-09-30,48,13.14,1,unknown,0,0,0,627.19,536.13,family,USD,failed
1304,8038,1,2025-03-27,2025-05-26,2,11.68,1,billing_issue,0,0,0,26.12,25.95,standard,USD,failed_then_recovered
1305,8041,1,2025-07-07,,60,9.82,0,,0,0,0,591.13,485.87,standard,EUR,success
1306,8048,1,2024-11-18,2025-01-17,2,12.82,1,,0,1,0,27.24,27.06,standard,USD,success
1307,8055,1,2025-12-21,2030-02-28,51,13.09,1,price_too_high,0,0,0,660.27,558.9,standard,USD,failed_then_recovered
1308,8083,1,2025-03-11,2025-06-09,3,9.97,1,billing_issue,0,0,0,31.66,31.36,standard,USD,success
1309,8087,1,2025-12-20,2026-09-16,9,11.62,1,billing_issue,0,0,0,106.84,103.74,standard,EUR,success
1310,8096,1,2025-05-31,,60,10.03,0,,0,0,0,601.96,494.77,standard,USD,success
1311,8099,1,2025-01-11,2026-06-05,17,9.91,1,did_not_use_enough,0,0,0,163.33,154.5,standard,USD,success
1312,8102,1,2024-12-31,2025-06-29,6,11.82,1,did_not_use_enough,0,0,0,68.41,67.08,standard,USD,success
1313,8108,1,2025-01-06,2027-12-22,36,9.71,1,price_too_high,0,0,0,350.82,311.88,standard,USD,failed_then_recovered
1314,8125,1,2025-12-16,2026-04-15,4,11.87,1,billing_issue,0,0,0,49.6,48.95,standard,EUR,success
1315,8128,1,2024-11-28,2028-05-11,42,11.69,1,unknown,0,0,0,487.73,425.17,standard,EUR,success
1316,8143,1,2025-05-19,2025-12-15,7,11.89,1,did_not_use_enough,0,0,0,81.67,79.82,family,EUR,success
1317,8149,1,2025-07-12,,60,12.87,0,,0,0,0,769.3,632.31,standard,USD,success
1318,8151,1,2025-10-30,2026-03-29,5,9.9,1,competing_service,0,0,0,55.39,54.5,standard,USD,success
1319,8155,1,2025-09-07,2028-03-25,31,12.73,1,did_not_use_enough,0,0,0,389.97,352.39,standard,USD,success
1320,8159,1,2025-02-21,2026-04-17,14,9.91,1,life_event,0,0,0,140.17,133.9,standard,USD,success
1321,8161,1,2024-08-18,2026-12-06,28,9.98,1,,0,0,0,284.17,259.32,family,USD,success
1322,8163,1,2024-09-21,2026-04-14,19,11.9,1,price_too_high,0,0,0,231.38,217.45,standard,EUR,success
1323,8195,1,2025-03-07,2026-11-27,21,11.92,1,did_not_use_enough,0,0,0,257.18,240.12,standard,USD,success
1324,8197,1,2025-09-29,2029-05-11,44,9.94,1,price_too_high,0,0,0,440.77,381.73,standard,USD,failed_then_recovered
1325,8205,1,2025-06-28,2026-10-21,16,10.25,1,,0,0,0,167.07,158.56,student,USD,success
1326,8208,1,2025-04-10,2026-05-05,13,10.01,1,did_not_use_enough,0,0,0,131.1,125.65,student,EUR,success
1327,8210,1,2025-06-18,2028-08-01,38,11.72,1,did_not_use_enough,0,0,0,444.95,392.98,standard,USD,success
1328,8211,1,2025-11-10,2026-05-09,6,12.79,1,did_not_use_enough,0,1,0,78.11,76.6,standard,USD,success
1329,8220,1,2025-03-24,,60,9.77,0,,0,0,0,585.37,481.13,standard,USD,success
1330,8222,1,2025-06-01,2026-08-25,15,11.96,1,billing_issue,0,0,0,174.4,166.05,family,USD,success
1331,8224,1,2025-07-04,2026-03-01,8,11.75,1,,0,0,0,96.87,94.37,family,USD,success
1332,8241,1,2025-05-06,2025-07-05,2,9.89,1,life_event,0,0,1,24.81,24.65,standard,USD,success
1333,8244,1,2025-06-20,2026-06-15,12,9.8,1,,0,0,0,115.24,110.81,standard,USD,success
1334,8251,1,2025-08-18,2028-07-03,35,12.88,1,billing_issue,0,0,0,450.11,401.45,student,USD,success
1335,8259,1,2024-09-11,2025-12-05,15,11.9,1,did_not_use_enough,0,0,0,184.32,175.5,standard,USD,success
1336,8262,1,2025-09-07,2026-02-04,5,9.93,1,price_too_high,0,0,0,50.7,49.88,standard,USD,failed
1337,8273,1,2025-08-10,2028-09-23,38,9.99,1,,0,0,0,378.33,334.15,standard,USD,success
1338,8278,1,2024-01-31,2027-09-12,44,12.8,1,,0,0,0,562.26,486.95,student,USD,success
1339,8281,1,2024-05-13,2027-05-28,37,11.49,1,did_not_use_enough,0,0,0,421.56,373.55,standard,USD,success
1340,8282,1,2025-01-19,,60,11.9,0,,0,0,0,715.44,588.04,standard,USD,success
1341,8285,1,2025-07-23,2027-02-13,19,11.63,1,price_too_high,0,0,0,217.98,204.85,student,USD,success
1342,8286,1,2024-09-16,2026-01-09,16,13.07,1,did_not_use_enough,0,1,0,213.1,202.24,family,USD,success
1343,8291,1,2025-12-25,2026-04-24,4,13.04,1,price_too_high,0,1,0,52.55,51.86,standard,USD,success
1344,8293,1,2025-03-20,2026-06-13,15,13.2,1,,0,0,0,194.03,184.75,family,USD,failed_then_recovered
1345,8294,1,2025-05-06,,60,12.85,0,,0,0,0,769.91,632.81,standard,USD,success
1346,8300,1,2024-10-31,2024-12-30,2,11.6,1,did_not_use_enough,0,2,0,22.7,22.55,standard,USD,success
1347,8323,1,2025-09-08,2026-01-06,4,12.7,1,did_not_use_enough,0,1,0,50.5,49.84,standard,USD,success
1348,8326,1,2025-06-04,2028-04-19,35,10.04,1,did_not_use_enough,0,0,1,346.96,309.45,standard,USD,success
1349,8328,1,2024-08-09,2025-05-06,9,13.02,1,,0,0,0,120.4,116.91,standard,EUR,success
1350,8332,1,2024-07-25,2024-08-24,1,12.61,1,billing_issue,0,0,0,11.36,11.32,standard,USD,success
1351,8347,1,2024-05-06,2024-07-05,2,9.84,1,did_not_use_enough,0,0,0,22.51,22.37,family,USD,success
1352,8350,1,2024-12-16,2027-01-05,25,9.96,1,did_not_use_enough,1,0,0,237.7,219.05,standard,USD,success
1353,8364,1,2024-06-26,2027-01-12,31,12.75,1,price_too_high,0,0,0,395.95,357.8,standard,USD,success
1354,8372,1,2024-01-16,2026-04-05,27,12.98,1,did_not_use_enough,0,0,0,355.72,325.67,standard,USD,success
1355,8381,1,2024-09-26,2025-08-22,11,9.95,1,,0,1,0,106.77,103.0,standard,USD,success
1356,8382,1,2025-09-28,2027-11-17,26,10.08,1,price_too_high,0,0,0,263.76,242.27,family,USD,success
1357,8389,1,2024-03-07,2028-06-14,52,13.01,1,did_not_use_enough,1,0,0,659.1,556.09,standard,USD,success
1358,8410,1,2025-08-01,2027-01-23,18,12.67,1,did_not_use_enough,0,0,0,228.95,215.87,standard,USD,success
1359,8417,1,2025-01-08,2025-10-05,9,9.85,1,,0,1,0,92.89,90.2,standard,USD,success
1360,8422,1,2024-11-06,2026-03-31,17,11.7,1,unknown,0,0,0,197.37,186.71,standard,USD,success
1361,8433,1,2024-08-13,2028-01-25,42,11.8,1,competing_service,0,0,0,494.74,431.28,standard,USD,success
1362,8453,1,2025-12-08,2027-07-31,20,12.99,1,billing_issue,0,0,0,261.53,244.98,standard,USD,failed_then_recovered
1363,8460,1,2025-09-07,2026-01-05,4,12.15,1,,0,1,0,41.56,41.02,standard,USD,success
1364,8465,1,2025-02-18,2026-09-11,19,10.05,1,life_event,0,1,0,190.53,179.05,standard,USD,success
1365,8477,1,2024-05-06,2029-03-11,59,9.78,1,,0,0,0,576.97,475.78,family,USD,success
1366,8492,1,2025-07-14,2025-08-13,1,13.01,1,,0,0,0,7.48,7.46,standard,USD,success
1367,8509,1,2024-07-16,2026-03-08,20,13.01,1,seasonal_pause,0,0,0,263.06,246.41,family,USD,success
1368,8517,1,2024-08-24,2026-02-15,18,12.96,1,did_not_use_enough,0,0,0,230.78,217.59,standard,EUR,failed_then_recovered
1369,8526,1,2025-03-02,2025-05-31,3,13.03,1,price_too_high,0,0,0,38.47,38.09,family,USD,success
1370,8540,1,2024-01-27,2024-02-26,1,10.01,1,billing_issue,0,0,0,8.1,8.07,family,USD,success
1371,8554,1,2025-02-23,2025-05-24,3,9.85,1,life_event,0,0,0,28.3,28.03,family,USD,success
1372,8559,1,2025-12-05,2026-08-02,8,12.97,1,did_not_use_enough,0,0,0,106.71,103.96,standard,USD,success
1373,8566,1,2024-09-20,2027-07-07,34,9.93,1,did_not_use_enough,0,0,0,337.52,302.02,family,EUR,success
1374,8601,1,2025-07-14,,60,11.54,0,,0,0,0,690.44,567.49,standard,USD,success
1375,8608,1,2024-08-14,2027-01-31,30,11.79,1,,0,1,0,356.34,323.06,standard,USD,success
1376,8614,1,2024-04-05,2024-11-01,7,10.02,1,competing_service,0,0,0,66.96,65.45,standard,USD,success
1377,8616,1,2024-01-02,2026-05-21,29,12.81,1,seasonal_pause,0,0,0,371.07,337.51,standard,USD,success
1378,8622,1,2025-05-09,2027-12-25,32,11.65,1,billing_issue,0,0,0,371.64,334.74,standard,USD,success
1379,8629,1,2024-01-16,2025-09-07,20,11.86,1,life_event,0,0,0,233.53,218.75,standard,USD,failed
1380,8631,1,2024-06-29,,60,12.57,0,,0,0,0,750.43,616.8,standard,USD,success
1381,8633,1,2025-02-22,2026-11-14,21,11.95,1,life_event,0,0,0,250.95,234.3,standard,USD,success
1382,8635,1,2024-10-15,2025-03-14,5,13.24,1,unknown,0,0,0,63.26,62.23,standard,USD,success
1383,8640,1,2025-05-28,2027-06-17,25,9.89,1,did_not_use_enough,0,0,0,250.47,230.82,standard,USD,failed_then_recovered
1384,8644,1,2024-05-29,2027-05-14,36,11.81,1,did_not_use_enough,0,0,0,425.94,378.66,standard,USD,success
1385,8656,1,2024-12-27,2025-11-22,11,13.14,1,,0,1,0,145.73,140.58,standard,USD,success
1386,8657,1,2025-02-13,2027-05-04,27,10.19,1,price_too_high,0,0,0,272.6,249.57,standard,USD,success
1387,8659,1,2025-05-22,2026-05-17,12,10.14,1,did_not_use_enough,0,1,0,123.33,118.59,student,USD,success
1388,8686,1,2025-07-17,2028-01-03,30,11.83,1,unknown,0,0,0,352.14,319.25,standard,USD,success
1389,8698,1,2024-01-18,2028-02-26,50,12.95,1,did_not_use_enough,0,0,0,645.4,548.09,standard,USD,success
1390,8702,1,2024-06-20,2025-05-16,11,11.73,1,price_too_high,0,0,0,124.53,120.14,standard,USD,success
1391,8714,1,2025-09-21,2027-01-14,16,12.86,1,,0,0,0,205.87,195.38,family,USD,success
1392,8725,1,2025-11-16,2026-04-15,5,11.58,1,did_not_use_enough,0,0,0,60.15,59.18,standard,USD,failed
1393,8730,1,2025-04-26,2028-01-11,33,12.94,1,did_not_use_enough,0,1,0,426.47,382.87,standard,USD,success
1394,8744,1,2025-03-16,2028-01-30,35,10.17,1,unknown,0,0,0,354.3,316.0,family,USD,success
1395,8764,1,2025-09-04,2026-03-03,6,13.05,1,did_not_use_enough,0,0,0,75.99,74.51,standard,USD,success
1396,8791,1,2025-04-17,2026-06-11,14,12.98,1,life_event,0,0,0,178.09,170.13,standard,EUR,failed_then_recovered
1397,8792,1,2024-04-30,2027-02-14,34,10.1,1,billing_issue,1,0,0,334.12,298.98,standard,USD,success
1398,8798,1,2024-07-19,2026-04-10,21,12.9,1,life_event,0,0,0,272.17,254.11,standard,USD,success
1399,8801,1,2025-12-06,2028-12-20,37,11.55,1,unknown,0,0,0,429.13,380.25,standard,USD,success
1400,8804,1,2025-10-26,2028-09-10,35,9.89,1,did_not_use_enough,0,0,0,351.3,313.33,standard,USD,success
1401,8809,1,2025-05-25,2027-11-11,30,10.2,1,did_not_use_enough,1,0,0,295.67,268.05,standard,USD,success
1402,8817,1,2024-02-02,2024-04-02,2,11.8,1,,0,0,0,25.64,25.48,standard,USD,success
1403,8827,1,2024-07-24,2025-05-20,10,11.53,1,life_event,0,0,0,111.99,108.39,standard,USD,success
1404,8830,1,2024-08-15,,60,11.6,0,,0,0,0,695.29,571.48,family,EUR,success
1405,8831,1,2025-12-02,2026-10-28,11,11.57,1,did_not_use_enough,0,2,0,125.94,121.49,standard,USD,failed_then_recovered
1406,8847,1,2025-06-26,2026-10-19,16,11.81,1,,0,1,0,186.2,176.71,standard,USD,success
1407,8850,1,2024-11-06,2025-09-02,10,13.12,1,unknown,0,0,0,133.17,128.89,family,EUR,success
1408,8854,1,2025-04-09,2025-06-08,2,13.01,1,billing_issue,1,0,0,13.72,13.63,standard,USD,success
1409,8855,1,2025-01-01,,60,9.94,0,,0,0,0,596.02,489.89,student,USD,success
1410,8857,1,2025-12-03,2026-09-29,10,11.59,1,billing_issue,1,0,0,104.24,100.89,standard,USD,success
1411,8865,1,2025-04-06,2027-06-25,27,12.79,1,price_too_high,0,0,0,345.3,316.13,student,EUR,success
1412,8870,1,2024-09-22,2025-06-19,9,11.69,1,billing_issue,0,0,0,103.52,100.52,standard,USD,success
1413,8871,1,2024-09-27,2024-11-26,2,9.98,1,billing_issue,0,0,0,16.34,16.23,standard,EUR,success
1414,8881,1,2025-09-27,2026-04-25,7,9.97,1,competing_service,1,0,0,59.16,57.82,standard,EUR,success
1415,8890,1,2025-07-24,2026-11-16,16,9.89,1,,0,0,0,158.69,150.6,family,USD,success
1416,8897,1,2025-03-30,2026-07-23,16,12.94,1,price_too_high,0,1,0,209.24,198.58,standard,EUR,success
1417,8910,1,2024-10-09,2026-04-02,18,11.68,1,price_too_high,0,0,0,209.9,197.91,student,USD,success
1418,8916,1,2024-09-13,2027-12-27,40,10.0,1,billing_issue,0,0,1,397.44,348.73,standard,USD,success
1419,8917,1,2024-02-19,2024-12-15,10,11.76,1,competing_service,0,0,0,114.67,110.98,student,USD,success
1420,8918,1,2024-10-24,2026-03-18,17,13.0,1,price_too_high,1,0,0,207.64,196.42,standard,USD,success
1421,8925,1,2025-06-04,2025-08-03,2,11.58,1,life_event,0,0,0,20.91,20.77,family,USD,success
1422,8936,1,2024-07-19,2026-11-06,28,11.64,1,price_too_high,0,1,0,326.08,297.56,standard,EUR,success
1423,8939,1,2024-07-15,2025-09-08,14,11.95,1,billing_issue,0,0,0,175.36,167.51,standard,USD,success
1424,8947,1,2024-06-10,2024-07-10,1,10.0,1,unknown,1,0,0,1.78,1.77,family,EUR,success
1425,8950,1,2025-08-25,2026-02-21,6,11.74,1,did_not_use_enough,0,1,0,66.5,65.21,standard,USD,success
1426,8951,1,2024-05-11,,60,11.64,0,,0,0,0,696.41,572.4,standard,USD,success
1427,8956,1,2024-04-27,2024-10-24,6,11.39,1,billing_issue,0,0,0,71.4,70.01,standard,USD,success
1428,8961,1,2025-05-20,2029-12-25,56,12.81,1,,0,0,0,719.06,598.79,standard,USD,success
1429,8964,1,2025-07-18,2026-08-12,13,13.03,1,did_not_use_enough,0,0,0,175.42,168.12,family,USD,success
1430,8965,1,2024-03-01,2024-03-31,1,11.59,1,did_not_use_enough,0,1,0,12.42,12.38,standard,USD,success
1431,8969,1,2024-03-17,2025-08-09,17,12.53,1,seasonal_pause,1,1,0,201.4,190.51,family,USD,success
1432,8970,1,2025-03-18,2025-07-16,4,11.77,1,billing_issue,0,0,0,49.17,48.53,family,USD,success
1433,8971,1,2024-01-10,,60,10.1,0,,0,0,0,599.12,492.44,standard,USD,failed_then_recovered
1434,8974,1,2025-05-31,2025-09-28,4,11.65,1,,0,0,0,45.66,45.07,standard,USD,success
1435,8977,1,2024-04-10,2025-02-04,10,12.81,1,billing_issue,0,0,0,132.34,128.08,family,USD,success
1436,8981,1,2024-10-04,2027-06-21,33,12.86,1,billing_issue,0,0,0,426.05,382.49,standard,USD,success
1437,8992,1,2024-08-13,2025-04-10,8,9.9,1,price_too_high,0,2,0,82.36,80.23,standard,USD,failed_then_recovered
1438,8997,1,2024-12-19,2025-06-17,6,10.07,1,,0,1,0,64.21,62.96,standard,USD,success
1439,9001,1,2025-09-07,2029-07-18,47,11.83,1,did_not_use_enough,0,0,0,555.06,476.02,family,EUR,success
1440,9007,1,2024-10-22,2025-03-21,5,13.1,1,,0,0,0,66.28,65.21,standard,USD,success
1441,9011,1,2024-01-05,2024-02-04,1,9.86,1,competing_service,0,0,0,12.24,12.2,standard,USD,success
1442,9013,1,2024-09-30,2025-02-27,5,13.29,1,life_event,0,0,0,73.18,71.99,standard,USD,success
1443,9020,1,2024-08-17,2024-10-16,2,12.73,1,did_not_use_enough,0,0,0,29.28,29.09,standard,USD,success
1444,9024,1,2025-09-05,2026-09-30,13,10.01,1,life_event,0,0,0,128.64,123.29,standard,USD,failed_then_recovered
1445,9037,1,2025-08-14,2027-07-05,23,9.77,1,did_not_use_enough,0,0,0,226.0,209.63,standard,USD,success
1446,9043,1,2024-11-06,2026-04-30,18,12.92,1,price_too_high,0,0,0,233.57,220.23,standard,EUR,success
1447,9044,1,2025-12-22,2026-01-21,1,12.91,1,billing_issue,0,0,0,15.95,15.9,student,USD,success
1448,9048,1,2024-11-20,2027-06-08,31,12.99,1,price_too_high,0,0,0,401.87,363.15,standard,USD,success
1449,9051,1,2025-10-18,2026-11-12,13,13.16,1,did_not_use_enough,0,0,0,167.65,160.67,standard,USD,success
1450,9063,1,2024-10-27,2024-11-26,1,11.93,1,billing_issue,0,0,0,15.83,15.78,standard,USD,success
1451,9084,1,2024-04-05,2026-07-24,28,9.79,1,seasonal_pause,0,0,0,275.01,250.96,family,USD,success
1452,9085,1,2025-03-02,2025-07-30,5,12.76,1,seasonal_pause,0,0,0,67.41,66.32,standard,USD,success
1453,9092,1,2024-05-16,2024-07-15,2,10.14,1,did_not_use_enough,0,1,0,24.47,24.31,standard,USD,success
1454,9094,1,2024-09-25,2026-12-14,27,11.42,1,did_not_use_enough,0,0,0,308.29,282.25,standard,USD,success
1455,9099,1,2025-06-23,2029-02-02,44,11.98,1,unknown,0,0,0,525.14,454.8,standard,USD,success
1456,9100,1,2024-01-23,2025-06-16,17,12.69,1,price_too_high,0,0,0,221.51,209.54,standard,USD,success
1457,9101,1,2025-11-24,2028-03-13,28,11.92,1,billing_issue,0,0,0,336.48,307.05,standard,USD,failed
1458,9102,1,2025-12-01,2026-06-29,7,11.97,1,billing_issue,0,0,0,86.63,84.67,standard,USD,success
1459,9110,1,2025-04-06,2026-04-01,12,11.81,1,,1,0,0,132.29,127.2,standard,USD,success
1460,9115,1,2024-01-30,2027-04-14,39,10.07,1,competing_service,0,0,0,392.75,345.74,family,USD,success
1461,9128,1,2024-12-07,2029-04-15,53,9.9,1,billing_issue,0,0,0,527.4,443.52,standard,USD,success
1462,9130,1,2025-01-29,2025-06-28,5,12.83,1,did_not_use_enough,0,0,0,61.15,60.16,standard,USD,failed_then_recovered
1463,9134,1,2024-02-23,2024-06-22,4,10.14,1,did_not_use_enough,0,1,0,40.57,40.04,standard,USD,success
1464,9138,1,2025-07-01,2026-12-23,18,13.12,1,did_not_use_enough,0,0,0,236.51,222.99,standard,USD,success
1465,9139,1,2025-11-23,2026-10-19,11,11.71,1,,1,0,0,114.9,110.85,standard,USD,success
1466,9145,1,2024-12-01,2025-03-01,3,12.84,1,,0,0,0,39.22,38.83,standard,USD,failed
1467,9151,1,2024-03-01,2024-06-29,4,10.26,1,price_too_high,0,0,0,40.45,39.93,standard,USD,success
1468,9152,1,2025-02-08,2026-07-03,17,11.88,1,price_too_high,0,1,1,202.69,191.74,standard,USD,success
1469,9155,1,2025-06-30,2027-06-20,24,11.42,1,billing_issue,0,1,0,273.53,252.9,family,EUR,failed_then_recovered
1470,9163,1,2025-05-30,,60,11.85,0,,0,0,0,707.67,581.65,standard,USD,failed
1471,9173,1,2025-09-30,,60,10.07,0,,0,0,0,607.76,499.53,family,EUR,success
1472,9174,1,2025-01-24,2026-05-19,16,12.84,1,life_event,0,0,0,200.76,190.53,standard,USD,success
1473,9175,1,2025-05-07,2025-07-06,2,11.72,1,,0,0,0,19.39,19.27,family,USD,success
1474,9206,1,2025-12-18,2026-01-17,1,10.05,1,life_event,0,0,0,9.76,9.72,student,USD,failed
1475,9219,1,2025-07-13,2025-10-11,3,9.97,1,did_not_use_enough,1,0,0,14.03,13.89,standard,USD,failed
1476,9226,1,2025-01-20,2025-11-16,10,13.1,1,,0,0,0,129.83,125.65,standard,EUR,success
1477,9230,1,2025-12-03,2027-05-27,18,11.75,1,did_not_use_enough,0,0,0,210.32,198.3,student,USD,success
1478,9237,1,2025-08-16,2026-06-12,10,12.49,1,price_too_high,0,0,0,127.15,123.06,standard,USD,success
1479,9244,1,2024-03-14,2026-04-03,25,12.93,1,seasonal_pause,0,0,0,323.44,298.06,standard,EUR,success
1480,9258,1,2025-08-22,2029-05-03,45,9.92,1,,0,0,0,445.92,384.93,standard,USD,failed_then_recovered
1481,9259,1,2024-07-17,2028-12-23,54,11.93,1,,0,0,0,644.3,540.05,family,USD,success
1482,9264,1,2024-06-24,2025-08-18,14,9.89,1,billing_issue,0,0,0,138.47,132.28,standard,USD,success
1483,9272,1,2024-02-08,,60,11.4,0,,0,0,0,684.85,562.9,family,USD,success
1484,9274,1,2025-01-29,2027-04-19,27,9.81,1,did_not_use_enough,0,0,0,264.42,242.09,standard,USD,success
1485,9279,1,2025-07-12,2025-11-09,4,12.11,1,unknown,0,1,0,47.77,47.14,standard,USD,failed_then_recovered
1486,9285,1,2024-10-17,2026-07-09,21,12.78,1,,0,0,0,272.98,254.87,standard,USD,success
1487,9288,1,2024-09-03,2027-11-17,39,9.93,1,billing_issue,0,0,0,384.86,338.8,standard,USD,success
1488,9291,1,2025-11-10,2026-02-08,3,10.02,1,,0,0,0,24.83,24.59,standard,USD,success
1489,9301,1,2024-10-24,2028-10-03,48,12.75,1,life_event,1,0,0,587.03,501.79,standard,USD,success
1490,9302,1,2024-06-14,,60,10.1,0,,1,0,0,595.95,489.83,standard,USD,success
1491,9305,1,2024-09-25,2025-12-19,15,10.11,1,price_too_high,0,0,0,146.3,139.3,standard,USD,success
1492,9307,1,2024-12-08,2025-08-05,8,12.82,1,price_too_high,0,0,0,102.54,99.9,standard,USD,success
1493,9309,1,2024-07-21,2024-08-20,1,12.77,1,,0,0,0,13.56,13.51,standard,EUR,failed_then_recovered
1494,9317,1,2025-09-24,2026-08-20,11,12.96,1,,0,1,0,143.84,138.76,standard,USD,success
1495,9318,1,2025-08-25,2026-05-22,9,9.85,1,billing_issue,0,0,0,85.64,83.16,standard,USD,success
1496,9319,1,2024-08-19,2026-11-07,27,13.2,1,price_too_high,0,0,0,358.11,327.86,standard,USD,success
1497,9320,1,2025-03-27,,60,10.08,0,,0,0,0,603.1,495.71,standard,USD,success
1498,9321,1,2024-02-23,2024-03-24,1,12.49,1,competing_service,0,0,0,11.78,11.75,standard,USD,success
1499,9326,1,2025-07-06,,60,11.89,0,,0,0,0,714.22,587.04,standard,USD,success
1500,9327,1,2025-08-19,,60,12.68,0,,0,0,0,760.37,624.97,standard,USD,success
1501,9336,1,2025-05-27,2025-11-23,6,11.87,1,seasonal_pause,0,0,0,65.44,64.17,standard,USD,success
1502,9341,1,2025-05-14,,60,13.12,0,,0,0,0,788.23,647.86,standard,USD,success
1503,9345,1,2025-11-21,,60,11.72,0,,0,0,0,700.99,576.16,standard,USD,success
1504,9356,1,2024-09-24,2024-11-23,2,11.69,1,seasonal_pause,0,0,0,24.41,24.25,family,USD,success
1505,9357,1,2025-01-29,2025-02-28,1,10.03,1,,0,0,0,13.82,13.78,standard,USD,success
1506,9364,1,2024-02-22,2027-02-06,36,9.96,1,competing_service,1,0,0,350.38,311.49,standard,USD,success
1507,9376,1,2024-07-13,2024-08-12,1,10.04,1,seasonal_pause,0,0,0,12.41,12.37,standard,USD,success
1508,9383,1,2025-12-24,2026-02-22,2,10.12,1,price_too_high,0,0,0,23.15,23.0,standard,USD,success
1509,9397,1,2024-05-06,2026-08-24,28,13.18,1,did_not_use_enough,0,1,0,370.48,338.08,standard,USD,success
1510,9410,1,2025-12-18,2026-03-18,3,11.85,1,price_too_high,0,0,0,37.65,37.28,standard,USD,success
1511,9443,1,2024-05-11,2027-01-26,33,13.3,1,did_not_use_enough,0,1,0,439.13,394.23,standard,EUR,success
1512,9448,1,2024-11-23,2025-03-23,4,12.84,1,,0,0,0,49.84,49.19,standard,USD,success
1513,9449,1,2024-04-09,2024-08-07,4,11.95,1,competing_service,0,0,0,51.15,50.49,standard,USD,success
1514,9457,1,2024-09-20,,60,9.97,0,,0,0,0,594.41,488.56,family,USD,success
1515,9463,1,2025-06-23,2026-06-18,12,11.69,1,price_too_high,0,0,0,143.07,137.57,student,USD,success
1516,9474,1,2025-05-07,2026-12-28,20,11.41,1,life_event,0,0,0,226.27,211.96,standard,USD,success
1517,9478,1,2024-02-04,2026-04-24,27,10.1,1,did_not_use_enough,0,0,0,273.43,250.33,student,USD,success
1518,9479,1,2024-05-14,2026-05-04,24,10.06,1,did_not_use_enough,0,0,0,241.11,222.92,standard,USD,success
1519,9482,1,2024-11-01,,60,9.94,0,,0,0,0,598.37,491.82,standard,USD,success
1520,9493,1,2024-11-17,2025-09-13,10,12.76,1,life_event,0,0,0,127.73,123.62,standard,EUR,success
1521,9494,1,2024-11-14,2024-12-14,1,11.71,1,,0,0,0,10.53,10.5,standard,USD,success
1522,9498,1,2025-05-26,2027-12-12,31,9.88,1,did_not_use_enough,0,0,0,304.87,275.49,standard,USD,success
1523,9515,1,2025-10-02,2026-06-29,9,12.87,1,price_too_high,0,0,0,119.16,115.71,standard,USD,success
1524,9516,1,2024-12-05,2025-09-01,9,12.62,1,,0,0,0,114.66,111.34,standard,USD,success
1525,9525,1,2024-05-30,2029-01-04,56,9.96,1,,0,0,0,557.68,464.4,standard,EUR,success
1526,9527,1,2025-12-23,,60,10.08,0,,1,0,0,596.56,490.33,standard,USD,success
1527,9536,1,2024-11-24,2027-01-13,26,10.07,1,,0,0,0,264.17,242.65,standard,EUR,success
1528,9565,1,2025-08-30,2029-02-10,42,10.15,1,billing_issue,0,0,0,423.99,369.6,standard,USD,success
1529,9572,1,2025-10-30,,60,12.69,0,,0,0,0,758.35,623.31,standard,USD,success
1530,9585,1,2024-08-26,2025-11-19,15,11.6,1,did_not_use_enough,0,0,0,173.19,164.91,standard,USD,success
1531,9587,1,2024-08-12,,60,13.01,0,,0,0,0,779.79,640.93,standard,USD,success
1532,9588,1,2025-10-24,2027-07-16,21,11.54,1,life_event,0,0,0,239.85,223.94,family,USD,failed
1533,9590,1,2024-09-09,2024-12-08,3,11.66,1,price_too_high,0,0,0,30.27,29.98,standard,USD,success
1534,9592,1,2025-01-08,2027-01-28,25,11.8,1,billing_issue,0,1,0,298.34,274.93,standard,USD,success
1535,9602,1,2025-05-14,,60,10.03,0,,0,1,0,597.34,490.97,standard,USD,success
1536,9604,1,2024-02-13,,60,9.91,0,,0,0,0,591.0,485.76,standard,EUR,failed
1537,9606,1,2025-01-27,2026-11-18,22,13.19,1,,0,0,0,282.58,262.97,standard,USD,success
1538,9609,1,2025-04-25,2028-10-06,42,13.06,1,did_not_use_enough,0,1,0,553.36,482.38,family,USD,success
1539,9625,1,2024-02-10,2027-02-24,37,10.01,1,billing_issue,1,1,0,362.58,321.28,standard,USD,success
1540,9626,1,2024-08-24,2025-06-20,10,11.74,1,,0,0,0,116.48,112.73,standard,USD,success
1541,9628,1,2024-05-28,,60,12.79,0,,0,0,0,772.27,634.75,family,USD,success
1542,9646,1,2024-12-15,2025-01-14,1,13.23,1,price_too_high,0,0,0,12.83,12.78,family,USD,success
1543,9652,1,2024-03-12,,60,10.08,0,,0,0,0,603.33,495.89,standard,USD,success
1544,9653,1,2025-05-31,2027-09-18,28,11.77,1,did_not_use_enough,0,2,0,335.67,306.32,standard,EUR,success
1545,9659,1,2025-12-05,2027-05-29,18,11.41,1,,0,1,0,206.65,194.84,standard,USD,failed
1546,9663,1,2024-11-18,2025-04-17,5,10.05,1,price_too_high,0,0,0,51.73,50.89,standard,EUR,success
1547,9664,1,2024-09-14,2027-11-28,39,12.84,1,,0,0,0,499.9,440.08,standard,USD,success
1548,9667,1,2025-01-17,2029-03-27,51,11.86,1,billing_issue,0,0,0,605.6,512.62,standard,USD,success
1549,9673,1,2024-01-12,,60,12.82,0,,0,0,0,770.66,633.43,standard,EUR,failed_then_recovered
1550,9687,1,2024-06-03,2024-10-31,5,12.75,1,price_too_high,0,0,0,56.38,55.47,standard,EUR,failed
1551,9708,1,2025-04-23,2026-10-15,18,12.79,1,competing_service,0,0,0,221.69,209.02,standard,USD,success
1552,9709,1,2025-12-03,,60,10.03,0,,0,0,0,596.4,490.2,standard,USD,success
1553,9711,1,2024-08-10,2025-12-03,16,12.98,1,price_too_high,0,0,0,203.45,193.08,standard,USD,success
1554,9727,1,2024-03-06,2024-05-05,2,11.9,1,life_event,0,0,0,20.8,20.66,standard,USD,failed_then_recovered
1555,9743,1,2025-07-05,2026-01-01,6,10.0,1,,0,0,0,61.87,60.67,standard,USD,success
1556,9745,1,2025-08-11,2027-08-31,25,9.9,1,,0,0,0,248.7,229.18,family,USD,success
1557,9752,1,2024-10-20,2025-01-18,3,10.28,1,billing_issue,0,1,0,31.7,31.39,family,USD,success
1558,9761,1,2024-10-07,2027-01-25,28,9.94,1,billing_issue,0,0,0,283.82,259.0,standard,USD,success
1559,9771,1,2025-06-28,2025-08-27,2,11.82,1,price_too_high,1,1,0,-2.24,-2.22,standard,USD,success
1560,9786,1,2024-01-02,2027-12-12,48,9.95,1,did_not_use_enough,0,0,0,477.1,407.83,standard,EUR,success
1561,9788,1,2025-04-03,2026-10-25,19,11.86,1,price_too_high,0,1,0,221.77,208.42,standard,USD,success
1562,9793,1,2025-04-11,2025-10-08,6,10.02,1,,0,0,0,61.95,60.75,standard,EUR,success
1563,9800,1,2025-01-22,,60,12.81,0,,1,0,0,757.37,622.51,family,USD,success
1564,9813,1,2024-09-26,2025-02-23,5,11.75,1,,0,1,0,58.87,57.91,standard,USD,success
1565,9835,1,2025-10-23,2026-02-20,4,10.24,1,,0,0,0,37.93,37.44,family,USD,success
1566,9839,1,2024-09-03,2027-03-22,31,11.73,1,competing_service,0,1,0,361.86,326.99,standard,USD,success
1567,9840,1,2024-05-12,2025-06-06,13,11.52,1,competing_service,0,0,0,147.23,141.1,standard,USD,success
1568,9842,1,2024-03-29,2024-09-25,6,13.26,1,did_not_use_enough,0,0,0,78.62,77.1,standard,USD,success
1569,9851,1,2024-12-02,2025-03-02,3,11.87,1,seasonal_pause,0,0,0,39.29,38.91,family,USD,success
1570,9854,1,2025-09-07,2025-11-06,2,11.79,1,life_event,0,0,0,22.22,22.08,standard,USD,success
1571,9868,1,2025-03-28,2027-05-17,26,12.64,1,price_too_high,0,0,0,331.37,304.37,family,USD,success
1572,9873,1,2025-10-04,,60,11.7,0,,0,1,0,699.56,574.99,standard,USD,success
1573,9875,1,2025-06-09,2025-07-09,1,12.83,1,life_event,0,0,0,14.58,14.53,student,EUR,success
1574,9882,1,2024-02-03,2027-01-18,36,11.86,1,price_too_high,0,0,0,427.63,380.16,standard,USD,failed_then_recovered
1575,9883,1,2025-08-09,2027-04-01,20,11.55,1,did_not_use_enough,0,1,0,230.04,215.49,family,USD,success
1576,9884,1,2024-10-02,,60,9.89,0,,0,0,0,581.01,477.55,family,USD,success
1577,9888,1,2024-11-17,2025-04-16,5,11.78,1,competing_service,0,0,0,58.34,57.39,standard,EUR,success
1578,9889,1,2025-12-03,,60,11.84,0,,0,0,0,714.78,587.5,standard,USD,success
1579,9898,1,2025-04-16,2029-10-22,55,11.86,1,,0,0,0,649.84,542.92,standard,EUR,success
1580,9909,1,2024-01-13,2027-04-27,40,9.82,1,life_event,0,0,0,392.5,344.4,family,EUR,success
1581,9911,1,2024-04-26,2028-03-06,47,9.91,1,did_not_use_enough,0,0,0,463.07,397.13,student,USD,success
1582,9920,1,2024-02-13,2024-04-13,2,9.9,1,billing_issue,0,0,0,16.3,16.19,standard,EUR,success
1583,9922,1,2024-08-20,2025-03-18,7,12.95,1,billing_issue,0,0,0,90.67,88.62,standard,USD,success
1584,9924,1,2024-02-16,,60,10.0,0,,0,0,0,597.24,490.89,standard,USD,success
1585,9926,1,2025-06-28,2026-02-23,8,13.14,1,billing_issue,0,0,0,103.18,100.52,standard,USD,success
1586,9944,1,2024-03-27,2025-04-21,13,10.0,1,did_not_use_enough,0,1,0,130.7,125.26,standard,USD,success
1587,9950,1,2025-06-05,2025-07-05,1,11.56,1,competing_service,1,0,0,-8.22,-8.19,standard,USD,success
1588,9952,1,2025-10-12,2029-08-22,47,11.84,1,did_not_use_enough,0,0,0,557.28,477.92,standard,USD,success
1589,9962,1,2025-09-27,,60,11.69,0,,0,0,0,706.6,580.77,standard,USD,success
1590,9969,1,2025-06-07,2025-07-07,1,12.97,1,,0,0,0,17.15,17.1,standard,USD,success
1591,9970,1,2024-12-28,,60,11.69,0,,0,1,0,705.27,579.68,standard,USD,failed_then_recovered
1592,9971,1,2024-01-17,2025-03-12,14,12.92,1,did_not_use_enough,0,0,0,180.35,172.28,standard,EUR,success
1593,9984,1,2025-08-12,2028-09-25,38,9.98,1,,0,0,0,376.85,332.84,standard,USD,success
1594,9998,1,2025-07-25,2026-03-22,8,9.96,1,price_too_high,0,0,0,81.34,79.24,standard,USD,success
